player_id,minutes_played,goals,assists,shots,shots_on_target,expected_goals_xg,expected_assists_xa,key_passes,successful_passes,total_passes,dribbles_attempted,successful_dribbles,crosses,successful_crosses,tackles,interceptions,clearances,blocks,aerial_duels_won,aerial_duels_lost,recoveries,defensive_actions,fouls_committed,fouls_suffered,yellow_cards,red_cards,offsides,saves,clean_sheet,goals_conceded,penalty_saves,player_of_match_awards,pass_accuracy,save_percentage,distance_covered_km,sprint_distance_km,top_speed_kmh,stamina_score,player_rating,performance_score,offensive_contribution,defensive_contribution,possession_impact,pressure_resistance,creativity_score,consistency_score,clutch_performance_score,player_name,age,nationality,confederation,team,position,height_cm,weight_kg,preferred_foot,club_name,market_value_eur,n_matches
P00001,953,0,0,0,0,0.0,0.0,4,164,232,7,0,3,0,0,5,14,0,15,3,15,19,12,9,1,0,1,30,2,16,0,0,0.7311764705882353,0.26794117647058824,2.6205882352941177,0.2882352941176471,10.779411764705882,80.5529411764706,2.3294117647058825,23.829411764705885,9.376470588235295,80.4735294117647,0.7999999999999999,66.39117647058823,30.291176470588237,69.69117647058823,57.294117647058826,Kylian Griezmann,24,French,UEFA,France,Goalkeeper,191,81,Right,PSV Eindhoven,16574124,34
P00002,830,0,0,0,0,0.0,0.0,6,154,217,5,0,2,0,0,3,16,0,16,2,13,19,6,5,7,0,2,37,1,18,1,0,0.7288235294117648,0.185,2.35,0.26176470588235295,8.464705882352941,80.19411764705882,1.961764705882353,20.323529411764707,11.152941176470588,97.43529411764706,1.0911764705882354,83.98823529411764,30.747058823529414,87.24117647058823,59.800000000000004,Antoine Tchouameni,29,French,UEFA,France,Goalkeeper,190,84,Right,Anderlecht,53959475,34
P00003,922,0,0,0,0,0.0,0.0,1,150,234,3,1,3,0,0,4,16,0,17,4,23,20,9,6,2,0,3,41,2,15,1,0,0.7085294117647059,0.2123529411764706,2.5500000000000003,0.3058823529411765,9.438235294117646,79.9205882352941,2.038235294117647,21.75,11.205882352941176,79.58823529411765,0.85,68.50882352941177,33.80294117647059,70.75294117647059,54.72941176470588,Ousmane Hernandez,24,French,UEFA,France,Goalkeeper,191,77,Right,Besiktas,4935397,34
P00004,1299,0,0,8,1,0.060000000000000005,0.01,9,472,591,8,0,24,1,41,31,56,14,39,25,53,142,15,9,3,0,0,0,0,0,0,0,0.8117647058823529,0.0,4.1499999999999995,0.4970588235294117,19.094117647058823,81.89411764705882,3.4735294117647055,35.86176470588235,23.958823529411767,54.95294117647059,1.7294117647058822,47.93529411764706,33.61764705882353,49.800000000000004,50.752941176470586,Kylian Camavinga,27,French,UEFA,France,Defender,183,80,Right,Bayer Leverkusen,3795900,34
P00005,1298,0,2,7,0,0.18,0.2,12,873,1078,6,0,24,1,43,41,54,11,31,25,87,149,13,12,7,0,3,0,0,0,0,0,0.821764705882353,0.0,4.079411764705883,0.45,19.81764705882353,85.01470588235294,4.270588235294118,43.14705882352941,48.21176470588235,94.0,5.420588235294118,82.5529411764706,30.941176470588236,87.21176470588235,63.76470588235294,Antoine Kounde,24,French,UEFA,France,Defender,188,79,Right,Borussia Dortmund,21832889,34
P00006,1372,0,0,7,0,0.52,0.1,8,485,600,8,2,24,1,52,43,57,19,35,28,58,171,15,13,6,0,4,0,0,0,0,0,0.821764705882353,0.0,4.332352941176471,0.4882352941176471,19.849999999999998,82.78235294117647,3.644117647058824,36.51470588235294,24.49705882352941,50.997058823529414,1.776470588235294,44.10588235294117,30.064705882352943,48.30882352941177,53.05882352941177,Ousmane Upamecano,25,French,UEFA,France,Defender,185,74,Left,Bayern Munich,3260134,34
P00007,1173,1,1,5,0,0.01,0.18,12,577,704,9,2,25,1,51,42,59,13,27,11,62,165,15,5,1,0,1,0,0,0,0,1,0.8138235294117646,0.0,3.402941176470588,0.37058823529411766,17.191176470588236,80.27352941176471,3.461764705882353,34.82941176470588,33.87352941176471,74.16764705882352,3.038235294117647,70.60588235294118,24.620588235294118,69.51176470588236,58.98529411764706,Aurelien Rabiot,25,French,UEFA,France,Defender,184,76,Right,Midtjylland,21875188,34
P00008,1449,0,1,13,1,0.22000000000000003,0.04,11,515,638,8,1,29,4,35,32,78,16,47,16,60,161,13,10,2,0,4,0,0,0,0,0,0.8323529411764706,0.0,4.58235294117647,0.4970588235294117,22.226470588235294,81.4735294117647,3.979411764705883,40.32647058823529,23.923529411764704,53.66470588235294,1.9029411764705884,46.688235294117646,28.576470588235296,50.0735294117647,54.9,Eduardo Sissoko,22,French,UEFA,France,Defender,176,76,Right,Galatasaray,3056356,34
P00009,1722,0,1,8,0,0.01,0.17,9,1123,1389,6,0,14,0,61,55,81,15,46,21,124,212,19,15,5,0,0,0,0,0,0,0,0.818529411764706,0.0,5.120588235294117,0.5941176470588235,24.038235294117644,86.84117647058824,4.985294117647059,49.76470588235294,43.561764705882354,93.28823529411765,7.394117647058824,82.28529411764706,32.09411764705882,87.25882352941177,61.464705882352945,Theo Varane,29,French,UEFA,France,Defender,188,81,Right,RB Salzburg,43758955,34
P00010,1482,3,2,6,0,0.0,0.13,3,537,679,8,1,22,1,50,32,66,16,39,16,59,164,17,11,4,0,3,0,0,0,0,2,0.8188235294117647,0.0,4.514705882352941,0.5117647058823529,21.155882352941177,82.14411764705882,3.8735294117647054,39.911764705882355,21.794117647058822,51.00588235294118,1.838235294117647,45.22941176470588,26.76764705882353,49.491176470588236,51.773529411764706,Lucas Pavard,23,French,UEFA,France,Defender,183,81,Right,AIK,2280387,34
P00011,1358,0,0,11,2,0.05,0.12,3,478,604,10,1,27,1,42,44,68,10,33,21,53,164,18,13,7,0,1,0,0,0,0,0,0.8147058823529412,0.0,4.55,0.49117647058823527,18.99411764705882,80.03529411764706,3.5264705882352945,36.955882352941174,24.22941176470588,52.63823529411765,1.5999999999999999,45.82647058823529,30.96470588235294,50.044117647058826,50.69117647058823,Randal Diarra,26,French,UEFA,France,Defender,189,80,Left,Benfica,2897170,34
P00012,1553,1,0,14,2,0.01,0.07,8,791,957,7,1,35,2,57,34,69,13,28,12,73,173,21,16,1,0,1,0,0,0,0,0,0.8232352941176471,0.0,4.770588235294118,0.5470588235294118,20.849999999999998,82.51176470588236,4.144117647058824,42.40588235294118,34.62941176470588,73.93823529411765,3.5588235294117645,64.0764705882353,27.876470588235296,70.13529411764705,56.54705882352941,Olivier Badiashile,24,French,UEFA,France,Defender,185,73,Left,Young Boys,10428093,34
P00013,1100,2,4,10,0,0.21000000000000002,0.92,16,466,557,13,1,18,1,28,18,10,8,24,13,32,64,9,13,1,0,1,0,0,0,0,1,0.8452941176470588,0.0,3.911764705882353,0.45588235294117646,17.026470588235295,81.82058823529412,3.0588235294117645,31.470588235294116,43.23823529411764,36.68529411764706,1.55,48.550000000000004,46.86764705882353,50.00588235294118,54.220588235294116,Kylian Maignan,27,French,UEFA,France,Midfielder,173,68,Left,Borussia Dortmund,5499220,34
P00014,1034,0,7,7,0,0.64,1.19,27,618,728,22,5,16,0,24,17,4,4,15,8,35,49,13,11,2,0,0,0,0,0,0,0,0.8608823529411764,0.0,3.7735294117647062,0.4117647058823529,18.20294117647059,84.3,3.4794117647058824,34.20882352941176,62.05882352941177,56.7235294117647,3.1323529411764706,66.56470588235294,64.03235294117647,67.30588235294118,59.199999999999996,Antoine Saliba,28,French,UEFA,France,Midfielder,184,78,Right,Osijek,17554435,34
P00015,1160,1,4,10,0,0.13,1.44,21,433,511,15,2,24,2,24,14,9,6,21,10,38,53,17,9,4,1,1,0,0,0,0,2,0.8585294117647058,0.0,4.238235294117647,0.47941176470588237,22.726470588235294,81.12647058823529,4.276470588235294,43.17352941176471,36.60588235294117,32.247058823529414,1.5323529411764707,41.54117647058824,40.205882352941174,41.391176470588235,51.32941176470588,Ousmane Konate,22,French,UEFA,France,Midfielder,177,76,Right,Porto,4399784,34
P00016,1086,0,2,13,2,0.37,0.74,17,690,809,23,6,14,1,24,12,18,13,17,12,41,67,12,4,1,0,1,0,0,0,0,1,0.8502941176470589,0.0,3.7088235294117644,0.4411764705882353,16.36470588235294,75.0,3.126470588235294,31.394117647058827,61.11470588235294,56.497058823529414,3.0823529411764703,64.87352941176471,66.46764705882353,70.75882352941177,54.53235294117647,Aurelien Thuram,27,French,UEFA,France,Midfielder,180,75,Right,Red Star Belgrade,13339861,34
P00017,1266,2,1,10,0,0.47,0.87,28,530,636,20,7,17,0,29,26,18,7,15,8,42,80,11,14,2,0,2,0,0,0,0,0,0.8591176470588235,0.0,4.638235294117647,0.5205882352941176,21.691176470588236,82.68823529411765,3.9558823529411766,40.04117647058824,41.48823529411764,40.63235294117647,2.1323529411764706,46.4735294117647,43.67941176470588,49.04117647058824,53.96764705882353,Eduardo Olise,22,French,UEFA,France,Midfielder,174,71,Right,Arsenal,3760393,34
P00018,1916,2,7,20,2,0.7,2.3000000000000003,37,1106,1346,56,18,30,0,50,29,18,6,33,17,93,103,21,15,2,1,1,0,0,0,0,2,0.8288235294117647,0.0,6.576470588235294,0.776470588235294,24.641176470588235,84.25588235294117,4.638235294117647,46.62352941176471,58.13529411764706,52.26470588235294,6.047058823529412,65.16176470588235,63.79117647058824,70.1970588235294,60.49117647058823,Theo Mukiele,18,French,UEFA,France,Midfielder,178,74,Right,Red Star Belgrade,51401700,34
P00019,1014,2,2,13,0,0.09,0.44,23,642,757,28,8,21,3,31,18,7,5,11,7,40,61,10,7,5,0,1,0,0,0,0,0,0.8494117647058823,0.0,3.638235294117647,0.4411764705882353,16.09705882352941,78.91764705882352,3.176470588235294,31.75588235294118,60.23235294117647,55.95882352941176,3.261764705882353,65.25,65.99705882352941,66.43235294117646,60.26764705882353,Lucas Todibo,31,French,UEFA,France,Midfielder,184,69,Right,Paris Saint-Germain,31444197,34
P00020,937,1,3,16,0,0.06,0.8,31,741,870,33,9,11,0,22,12,8,7,18,8,48,49,12,6,2,0,0,0,0,0,0,4,0.8461764705882353,0.0,3.3705882352941177,0.39705882352941174,15.176470588235293,82.0264705882353,3.338235294117647,34.923529411764704,79.7764705882353,65.11470588235295,5.017647058823529,83.67058823529412,85.98529411764706,92.35882352941177,62.70294117647059,Randal Griezmann,20,French,UEFA,France,Midfielder,175,73,Left,PSV Eindhoven,80603351,34
P00021,1232,5,2,34,6,0.8,0.93,16,320,433,36,11,4,0,11,8,1,3,22,10,21,23,21,9,5,0,9,0,0,0,0,3,0.7714705882352941,0.0,3.908823529411765,0.4411764705882353,18.844117647058823,81.69117647058823,3.75,37.48529411764706,71.65294117647058,24.45294117647059,1.8205882352941176,65.59117647058824,69.14411764705882,70.77352941176471,59.0,Kylian Olise,22,French,UEFA,France,Forward,175,73,Right,Napoli,13994073,34
P00022,975,2,2,20,3,0.93,0.14,16,182,254,19,3,3,0,9,1,2,2,17,7,16,14,18,10,2,0,2,0,0,0,0,3,0.7667647058823529,0.0,3.2588235294117647,0.36764705882352944,16.058823529411764,79.04705882352941,2.9647058823529413,30.28529411764706,50.96470588235294,24.358823529411765,0.9235294117647059,48.932352941176475,45.497058823529414,50.26764705882353,53.023529411764706,Antoine Mukiele,23,French,UEFA,France,Forward,185,78,Left,Liverpool,1745271,34
P00023,1625,6,2,59,14,3.75,0.7100000000000001,22,467,615,54,20,4,0,16,5,6,2,25,11,33,29,22,12,7,1,8,0,0,0,0,3,0.7823529411764706,0.0,5.326470588235294,0.6558823529411765,24.86470588235294,83.2,4.894117647058824,49.294117647058826,72.82352941176471,24.129411764705882,2.761764705882353,68.18823529411765,65.40882352941176,72.12058823529412,57.38529411764706,Ousmane Todibo,24,French,UEFA,France,Forward,182,79,Right,Barcelona,23420128,34
P00024,1307,3,3,19,1,1.3599999999999999,0.5700000000000001,17,224,300,30,10,4,0,10,5,5,3,18,11,22,23,11,12,4,1,8,0,0,0,0,0,0.7758823529411765,0.0,4.1000000000000005,0.4882352941176471,20.05294117647059,82.53235294117647,3.7941176470588234,37.91470588235294,44.42941176470588,25.708823529411767,0.9647058823529411,37.74411764705882,42.93529411764706,40.8235294117647,53.4735294117647,Aurelien Griezmann,26,French,UEFA,France,Forward,182,75,Right,Napoli,7661606,34
P00025,1062,4,4,13,0,0.78,0.3,12,242,316,26,7,5,0,10,9,1,2,20,11,15,22,10,4,2,0,6,0,0,0,0,3,0.7991176470588236,0.0,3.5088235294117647,0.41470588235294115,16.055882352941175,80.14999999999999,3.0176470588235293,30.63235294117647,51.42941176470588,24.820588235294117,0.9823529411764705,46.938235294117646,47.199999999999996,49.14705882352941,54.13823529411765,Eduardo Tchouameni,28,French,UEFA,France,Forward,186,78,Right,Anderlecht,9165626,34
P00026,1210,0,1,24,2,1.79,0.67,9,242,327,32,8,4,0,13,3,7,2,22,10,18,25,14,9,3,0,5,0,0,0,0,0,0.7629411764705882,0.0,4.064705882352941,0.46176470588235297,21.223529411764705,80.09411764705882,3.8764705882352946,38.72941176470588,49.98823529411764,24.53529411764706,0.9823529411764705,45.30882352941177,44.57058823529412,50.7235294117647,53.07647058823529,Theo Hernandez,33,French,UEFA,France,Forward,181,72,Right,Grasshoppers,8331439,34
P00027,623,0,0,0,0,0.0,0.0,1,119,168,7,0,0,0,0,4,12,0,9,5,10,16,6,10,5,0,0,28,3,6,2,0,0.713529411764706,0.13823529411764707,1.8,0.21470588235294116,6.779411764705882,74.57058823529412,1.5205882352941178,16.594117647058823,8.205882352941176,78.52352941176471,0.49411764705882355,65.14411764705882,27.791176470588233,68.28235294117647,59.02647058823529,Joshua Musiala,27,German,UEFA,Germany,Goalkeeper,185,80,Right,Arsenal,16147932,34
P00028,777,0,0,0,0,0.0,0.0,2,158,205,6,0,2,0,0,8,14,0,16,1,20,22,11,8,2,0,0,47,5,8,1,0,0.7402941176470589,0.20941176470588235,2.1411764705882352,0.28529411764705886,8.455882352941176,77.23823529411764,1.8558823529411765,19.66176470588235,10.347058823529412,78.09117647058824,0.8088235294117647,63.82058823529412,27.741176470588236,68.75882352941177,57.75,Jamal Havertz,23,German,UEFA,Germany,Goalkeeper,192,81,Right,RB Leipzig,10300842,34
P00029,1222,0,0,0,0,0.0,0.0,2,264,378,5,0,1,0,0,6,21,0,21,3,23,27,9,8,3,0,2,47,4,24,0,0,0.7314705882352941,0.30558823529411766,3.3794117647058823,0.3911764705882353,13.629411764705882,80.7235294117647,2.8058823529411767,28.77058823529412,10.164705882352942,55.72941176470588,0.8411764705882353,46.067647058823525,29.86470588235294,48.92941176470588,56.37647058823529,Leroy Schlotterbeck,29,German,UEFA,Germany,Goalkeeper,195,81,Right,Napoli,11689568,34
P00030,1327,1,2,4,0,0.03,0.05,7,441,564,10,1,30,2,54,33,66,21,39,20,59,174,9,13,3,1,2,0,0,0,0,1,0.8091176470588236,0.0,4.144117647058824,0.49117647058823527,20.33823529411765,81.72647058823529,3.7176470588235295,37.89411764705883,24.46764705882353,52.36176470588235,1.6529411764705884,48.82941176470588,31.291176470588237,48.976470588235294,52.09411764705882,Joshua Rudiger,26,German,UEFA,Germany,Defender,184,79,Right,Red Star Belgrade,3359673,34
P00031,1267,0,0,6,1,0.13,0.1,4,371,454,6,0,28,1,40,42,74,12,28,11,42,168,16,8,3,0,2,0,0,0,0,0,0.8220588235294117,0.0,3.9970588235294118,0.44705882352941173,15.88823529411765,81.97058823529412,2.908823529411765,29.988235294117647,22.66470588235294,45.050000000000004,1.0970588235294116,38.85294117647059,32.023529411764706,41.90882352941177,53.90882352941177,Jamal Goretzka,28,German,UEFA,Germany,Defender,183,74,Left,Atletico Madrid,1406618,34
P00032,1168,1,2,11,0,0.04,0.22,12,747,917,7,1,22,0,28,40,66,8,35,10,80,142,16,13,2,0,4,0,0,0,0,1,0.8070588235294118,0.0,3.488235294117647,0.4117647058823529,18.326470588235296,83.19117647058823,3.735294117647059,37.96176470588235,46.65882352941177,95.75,5.023529411764706,85.21764705882353,27.455882352941178,84.45588235294117,60.56470588235294,Leroy Werner,29,German,UEFA,Germany,Defender,184,79,Right,Young Boys,72433298,34
P00033,1242,2,0,4,0,0.04,0.07,3,429,534,13,2,21,0,44,26,59,13,40,14,39,142,16,12,2,0,2,0,0,0,0,0,0.8270588235294118,0.0,3.926470588235294,0.45294117647058824,19.86764705882353,81.49411764705883,3.7676470588235293,38.620588235294115,24.058823529411764,54.5264705882353,1.3970588235294117,46.48823529411764,30.47941176470588,48.188235294117646,55.32941176470588,Kai Neuer,21,German,UEFA,Germany,Defender,180,72,Left,Bayer Leverkusen,2213941,34
P00034,885,2,0,4,0,0.27,0.0,3,298,379,10,1,13,0,37,33,45,10,25,18,32,125,13,8,9,0,2,0,0,0,0,0,0.8061764705882353,0.0,2.9794117647058824,0.3470588235294118,18.011764705882353,80.22647058823529,3.3000000000000003,34.08529411764706,23.829411764705885,51.37352941176471,0.9852941176470589,47.85588235294117,31.514705882352942,49.44705882352941,52.061764705882354,Antonio Gnabry,21,German,UEFA,Germany,Defender,179,76,Left,Chelsea,5171626,34
P00035,1179,0,1,8,1,0.01,0.16,7,796,968,9,0,15,1,36,52,51,15,45,12,77,154,21,10,7,0,1,0,0,0,0,1,0.8370588235294117,0.0,3.7058823529411766,0.4441176470588235,17.326470588235296,82.51470588235294,3.6411764705882352,36.40588235294118,41.1764705882353,92.86176470588236,4.608823529411764,82.01470588235294,28.776470588235295,90.55588235294118,56.61176470588235,Nico Ginter,24,German,UEFA,Germany,Defender,183,72,Right,Anderlecht,81562649,34
P00036,1556,2,1,8,0,0.24,0.27,14,1019,1253,5,0,29,1,59,47,56,10,41,19,104,172,21,11,5,0,2,0,0,0,0,2,0.8220588235294117,0.0,4.7,0.5823529411764706,24.96764705882353,84.99411764705883,5.18235294117647,52.30588235294118,42.891176470588235,91.83529411764707,6.517647058823529,85.29117647058824,27.523529411764706,90.33823529411765,59.19411764705882,Leon Sule,25,German,UEFA,Germany,Defender,186,72,Left,AIK,37122019,34
P00037,1551,1,1,9,0,0.12,0.34,8,428,546,12,0,22,0,52,50,76,13,40,22,50,191,23,13,3,0,2,0,0,0,0,1,0.8138235294117647,0.0,4.655882352941177,0.5117647058823529,24.144117647058824,82.71764705882353,4.511764705882353,44.96470588235294,20.629411764705882,44.7235294117647,1.2823529411764707,39.63235294117647,32.88529411764706,43.28529411764706,54.21176470588235,Florian Brandt,31,German,UEFA,Germany,Defender,183,75,Right,Rapid Vienna,1573030,34
P00038,1602,1,1,7,0,0.22000000000000003,0.19,6,561,692,9,0,33,1,53,41,87,17,31,21,58,198,26,19,3,0,1,0,0,0,0,0,0.8202941176470588,0.0,4.726470588235294,0.5823529411764706,22.644117647058824,82.15588235294118,4.1000000000000005,40.476470588235294,25.22941176470588,52.84705882352941,1.9088235294117648,46.779411764705884,31.18235294117647,48.508823529411764,54.726470588235294,Timo Henrichs,27,German,UEFA,Germany,Defender,186,81,Right,Sporting CP,2921243,34
P00039,1099,1,1,6,0,0.27,0.36000000000000004,11,494,594,26,6,17,2,23,14,9,6,27,17,33,52,12,10,2,0,2,0,0,0,0,2,0.8491176470588235,0.0,4.0,0.4441176470588235,18.86470588235294,81.00882352941177,3.5029411764705882,35.48823529411764,43.09117647058823,40.00588235294118,1.6264705882352943,46.72941176470588,43.68529411764706,50.39705882352941,55.17352941176471,Joshua Tah,23,German,UEFA,Germany,Midfielder,176,73,Right,Real Madrid,3362502,34
P00040,1466,5,5,19,1,0.35000000000000003,2.58,54,1161,1338,39,13,23,3,46,19,20,11,21,14,84,96,17,11,2,0,0,0,0,0,0,2,0.8641176470588235,0.0,5.161764705882353,0.5794117647058823,23.844117647058823,84.72941176470589,5.108823529411764,51.529411764705884,77.18823529411765,67.60588235294118,8.547058823529412,85.74117647058823,84.79411764705883,89.56176470588235,59.88235294117647,Jamal Koch,24,German,UEFA,Germany,Midfielder,175,78,Right,Real Madrid,48977955,34
P00041,1044,3,0,8,1,0.13999999999999999,0.17,12,380,453,19,5,19,0,36,21,13,4,14,8,20,74,13,10,2,0,2,0,0,0,0,3,0.8497058823529412,0.0,4.061764705882353,0.5088235294117647,19.852941176470587,79.25294117647059,3.7235294117647055,38.17352941176471,35.561764705882354,35.29117647058824,1.0999999999999999,38.95294117647059,35.86176470588235,42.25588235294118,50.67941176470588,Leroy Klostermann,27,German,UEFA,Germany,Midfielder,187,74,Right,Juventus,12569783,34
P00042,1462,0,3,24,2,0.22,1.3,51,1153,1390,45,13,23,2,30,29,13,6,22,15,73,78,22,15,6,0,4,0,0,0,0,1,0.8394117647058823,0.0,5.208823529411765,0.6029411764705882,20.63235294117647,82.21176470588235,4.408823529411765,44.98235294117647,72.8529411764706,68.90882352941176,7.844117647058823,82.8,80.21176470588235,88.46764705882353,60.77352941176471,Kai Can,24,German,UEFA,Germany,Midfielder,174,75,Right,Osijek,53991561,34
P00043,841,0,2,4,0,0.18000000000000002,0.9,13,369,436,13,3,9,0,17,15,8,5,15,5,23,45,8,11,3,0,1,0,0,0,0,1,0.8508823529411764,0.0,2.7058823529411766,0.3264705882352941,13.447058823529412,77.36470588235295,2.485294117647059,25.400000000000002,42.879411764705885,37.9735294117647,1.285294117647059,48.67941176470588,47.51470588235294,49.70294117647059,51.95294117647059,Antonio Fulle,24,German,UEFA,Germany,Midfielder,181,85,Right,Juventus,5214898,34
P00044,1480,2,6,29,6,0.71,2.79,49,1130,1360,40,13,23,0,31,26,19,7,28,15,77,83,21,19,5,0,1,0,0,0,0,3,0.8391176470588235,0.0,5.376470588235295,0.6147058823529411,23.0,86.22647058823529,4.81764705882353,48.37647058823529,77.96764705882353,72.31764705882354,7.9411764705882355,83.59411764705882,82.24705882352941,87.99705882352941,57.4,Nico Volland,25,German,UEFA,Germany,Midfielder,179,77,Right,Brondby,42603093,34
P00045,1323,7,0,12,1,0.37,1.47,30,549,655,19,4,19,3,26,21,19,3,25,11,36,69,12,15,4,0,2,0,0,0,0,2,0.8491176470588235,0.0,4.502941176470588,0.5235294117647059,19.220588235294116,80.5,3.605882352941176,36.36176470588235,44.44411764705882,38.88529411764706,2.2058823529411766,47.08529411764706,45.28529411764706,48.40588235294118,50.87352941176471,Leon Gotze,34,German,UEFA,Germany,Midfielder,169,70,Left,Manchester City,6709983,34
P00046,1323,2,2,25,3,0.7,1.34,32,794,922,23,6,27,0,29,22,22,7,24,12,52,80,16,6,2,1,1,0,0,0,0,1,0.8620588235294118,0.0,4.7176470588235295,0.5441176470588235,19.544117647058822,82.20588235294117,3.8029411764705885,38.72941176470588,59.16470588235294,57.71470588235294,4.141176470588235,65.78529411764706,64.87647058823529,70.27058823529411,56.01176470588236,Florian Musiala,22,German,UEFA,Germany,Midfielder,175,72,Right,Feyenoord,14187209,34
P00047,1361,4,3,53,12,2.5100000000000002,1.32,28,493,683,49,16,1,0,10,7,6,4,20,10,44,27,17,4,3,0,5,0,0,0,0,2,0.7611764705882352,0.0,4.3999999999999995,0.5029411764705882,20.470588235294116,83.75588235294117,4.235294117647059,43.17941176470588,91.86176470588236,26.65294117647059,4.279411764705882,82.06764705882354,81.47941176470589,92.42058823529412,58.0,Joshua Fulle,29,German,UEFA,Germany,Forward,176,72,Right,Galatasaray,41857821,34
P00048,1217,2,0,14,2,0.76,0.66,17,229,299,30,9,2,0,7,7,6,8,16,11,8,28,12,13,1,1,5,0,0,0,0,0,0.7920588235294117,0.0,3.9323529411764704,0.47941176470588237,18.158823529411762,78.41470588235293,3.335294117647059,33.61764705882353,41.438235294117646,26.61176470588235,0.8764705882352941,39.858823529411765,38.9264705882353,41.629411764705885,55.608823529411765,Jamal Volland,25,German,UEFA,Germany,Forward,175,73,Right,Club Brugge,8963942,34
P00049,981,3,1,20,2,0.3,0.79,12,176,235,13,3,3,0,5,4,3,1,15,12,19,13,21,10,3,0,4,0,0,0,0,2,0.7802941176470588,0.0,3.3970588235294117,0.37058823529411766,16.279411764705884,79.92058823529412,3.0029411764705882,30.397058823529413,40.53235294117647,23.31764705882353,0.7323529411764705,41.13235294117647,39.47941176470588,40.567647058823525,53.58235294117647,Leroy Gotze,25,German,UEFA,Germany,Forward,179,79,Right,Young Boys,5207627,34
P00050,1450,5,4,16,2,2.1999999999999997,0.32,8,241,316,29,8,3,0,11,4,6,5,17,15,17,26,16,8,1,0,13,0,0,0,0,3,0.7991176470588236,0.0,4.7558823529411764,0.5411764705882354,22.123529411764707,81.03235294117647,4.185294117647059,42.05294117647059,41.96764705882353,24.711764705882356,0.7852941176470588,40.7235294117647,40.90588235294118,43.10588235294117,50.22941176470588,Kai Musiala,32,German,UEFA,Germany,Forward,176,72,Left,Roma,7978270,34
P00051,1303,1,0,31,2,1.45,0.5599999999999999,14,239,305,24,6,1,0,15,7,6,4,18,20,22,32,15,13,5,1,7,0,0,0,0,0,0.791764705882353,0.0,4.391176470588236,0.5352941176470588,20.791176470588233,77.99411764705883,3.8794117647058823,39.008823529411764,44.37352941176471,26.47941176470588,0.8823529411764706,38.84705882352941,39.247058823529414,40.83529411764706,51.59411764705882,Antonio Havertz,28,German,UEFA,Germany,Forward,177,75,Left,Napoli,6559003,34
P00052,1106,5,2,39,8,2.04,0.26,19,320,426,28,12,3,0,10,3,4,1,23,11,28,18,10,9,1,1,3,0,0,0,0,3,0.7802941176470588,0.0,3.8029411764705885,0.43235294117647055,18.099999999999998,81.92647058823529,3.5441176470588234,35.705882352941174,70.54117647058824,23.50588235294118,2.052941176470588,66.31764705882354,67.5764705882353,70.00882352941177,55.84705882352941,Nico Schlotterbeck,30,German,UEFA,Germany,Forward,191,79,Left,RB Salzburg,20389682,34
P00053,814,0,0,0,0,0.0,0.0,4,160,230,3,0,5,0,0,3,12,0,15,3,15,15,12,5,3,0,1,26,1,16,2,0,0.7140000000000001,0.17355555555555557,1.6844444444444444,0.18888888888888888,6.973333333333334,77.99777777777778,1.4466666666666665,15.608888888888888,9.58,48.80888888888889,0.3577777777777778,40.715555555555554,30.186666666666667,42.02444444444444,50.473333333333336,Pedro Gavi,36,Spanish,UEFA,Spain,Goalkeeper,191,80,Left,Fenerbahce,2084465,45
P00054,1290,0,1,0,0,0.0,0.0,2,255,371,9,1,4,0,0,6,17,0,11,7,27,23,11,9,3,1,3,47,6,18,2,0,0.7088888888888889,0.23600000000000002,2.7333333333333334,0.32222222222222224,10.993333333333332,80.39777777777778,2.191111111111111,22.38888888888889,9.891111111111112,54.70666666666667,0.6755555555555556,45.01333333333333,32.50666666666667,48.90888888888889,53.342222222222226,Gavi Morata,27,Spanish,UEFA,Spain,Goalkeeper,190,75,Left,Borussia Dortmund,1484206,45
P00055,1278,0,0,0,0,0.0,0.0,6,245,355,5,0,7,0,0,4,28,0,17,6,30,32,23,6,4,1,1,56,6,16,1,0,0.7182222222222222,0.26822222222222225,2.6044444444444443,0.28444444444444444,10.58,78.17555555555556,2.2644444444444445,23.2,9.686666666666666,47.611111111111114,0.6244444444444445,40.315555555555555,29.666666666666668,40.49777777777778,53.33555555555555,Rodri Fati,26,Spanish,UEFA,Spain,Goalkeeper,195,75,Left,RB Salzburg,4384884,45
P00056,1621,1,0,8,0,0.04,0.22,10,814,1000,9,0,23,0,67,50,80,14,45,22,104,211,22,16,3,0,0,0,0,0,0,1,0.8197777777777778,0.0,3.8644444444444446,0.45111111111111113,18.824444444444445,84.09333333333333,3.617777777777778,37.35111111111111,34.06444444444445,75.1,3.182222222222222,68.02888888888889,32.55777777777777,69.58888888888889,54.21111111111111,Pedro Torres,24,Spanish,UEFA,Spain,Defender,176,78,Left,Legia Warsaw,15191371,45
P00057,1891,2,1,14,0,0.06,0.03,13,672,832,9,0,35,2,62,54,72,24,54,20,81,212,14,13,7,0,0,0,0,0,0,2,0.8266666666666668,0.0,4.382222222222222,0.5111111111111111,20.166666666666668,81.52444444444444,3.6599999999999997,36.82,24.068888888888885,50.21333333333333,1.8755555555555556,44.14888888888889,30.175555555555558,49.84,53.29555555555556,Gavi Asensio,22,Spanish,UEFA,Spain,Defender,187,76,Right,Grasshoppers,1169641,45
P00058,1993,0,3,9,0,0.13,0.2,7,1032,1275,11,0,37,1,69,63,97,20,45,26,120,249,21,24,4,0,4,0,0,0,0,4,0.8260000000000001,0.0,4.846666666666667,0.5377777777777778,22.275555555555556,82.07111111111111,4.264444444444445,42.92666666666667,32.82,76.37555555555556,3.6377777777777776,65.07111111111111,32.43555555555555,68.91555555555556,56.31555555555555,Rodri Laporte,27,Spanish,UEFA,Spain,Defender,188,80,Right,Legia Warsaw,12330574,45
P00059,1484,0,1,10,0,0.0,0.48000000000000004,11,765,938,8,1,27,1,36,43,59,25,41,19,79,163,12,16,7,0,4,0,0,0,0,0,0.8271111111111111,0.0,3.4955555555555557,0.4133333333333334,19.615555555555556,83.45777777777778,3.7,37.16888888888889,37.126666666666665,74.02888888888889,2.84,65.56888888888889,28.184444444444445,69.74000000000001,55.02888888888889,Alvaro Oyarzabal,23,Spanish,UEFA,Spain,Defender,191,81,Left,Juventus,13325174,45
P00060,1759,0,0,16,1,0.08,0.13,10,493,618,14,2,34,2,56,42,91,23,42,21,76,212,26,14,7,0,2,0,0,0,0,0,0.8224444444444444,0.0,3.977777777777778,0.4133333333333334,20.28,79.4888888888889,3.6799999999999997,36.83111111111111,21.106666666666666,44.56,1.2933333333333334,41.00222222222222,31.04,42.86666666666667,50.55555555555556,Ferran Pau,35,Spanish,UEFA,Spain,Defender,179,72,Right,Sporting CP,2223129,45
P00061,2013,1,2,7,0,0.06999999999999999,0.27,17,1413,1726,7,0,30,0,63,62,93,24,68,33,142,242,13,21,2,0,2,0,0,0,0,2,0.8353333333333334,0.0,4.664444444444444,0.5533333333333333,22.66888888888889,84.57111111111111,4.717777777777778,47.01111111111111,43.48,92.38666666666666,6.411111111111111,80.38888888888889,31.2,89.18444444444445,56.95777777777778,Ansu Alba,28,Spanish,UEFA,Spain,Defender,193,83,Right,Dinamo Zagreb,22482687,45
P00062,1567,1,0,7,0,0.06,0.21999999999999997,14,980,1218,11,0,31,1,54,21,71,20,38,16,109,166,16,17,6,1,0,0,0,0,0,0,0.8186666666666668,0.0,3.62,0.4222222222222222,20.695555555555554,81.96666666666667,4.388888888888889,44.48666666666667,46.96666666666667,92.92444444444445,4.842222222222222,84.0111111111111,30.78666666666667,89.64444444444445,55.851111111111116,Marco Carvajal,33,Spanish,UEFA,Spain,Defender,175,73,Right,Grasshoppers,50389187,45
P00063,1586,1,0,7,0,0.03,0.11,9,542,663,10,1,28,2,67,32,73,18,47,26,70,190,15,9,7,1,3,0,0,0,0,1,0.8313333333333333,0.0,3.9,0.42444444444444446,20.246666666666666,81.77111111111111,3.5733333333333337,35.913333333333334,23.30888888888889,53.08444444444445,1.5533333333333335,44.855555555555554,29.38666666666667,48.74,55.24444444444445,Dani Garcia,28,Spanish,UEFA,Spain,Defender,183,80,Right,Porto,2850234,45
P00064,1358,0,1,7,0,0.13,0.08,5,500,611,6,0,25,1,54,40,64,20,38,24,52,178,14,20,8,0,3,0,0,0,0,0,0.8255555555555555,0.0,3.0622222222222226,0.35555555555555557,16.54888888888889,79.64444444444445,3.017777777777778,30.99111111111111,22.88,52.473333333333336,1.2266666666666668,45.553333333333335,28.064444444444447,50.37555555555556,55.70888888888889,Aymeric Yamal,27,Spanish,UEFA,Spain,Defender,181,80,Left,Feyenoord,4476815,45
P00065,1241,4,1,11,0,0.37,0.49,22,491,602,13,1,25,2,20,15,10,11,13,14,47,56,15,11,3,0,1,0,0,0,0,0,0.8355555555555556,0.0,3.457777777777778,0.3822222222222222,17.22888888888889,81.96444444444445,3.311111111111111,33.76222222222222,41.971111111111114,37.95111111111111,1.5022222222222221,45.64666666666666,44.06,46.251111111111115,53.13333333333333,Pedro Riquelme,24,Spanish,UEFA,Spain,Midfielder,171,67,Right,Young Boys,6535074,45
P00066,1838,1,7,38,3,0.95,3.63,80,1688,2026,62,24,33,3,41,32,16,13,29,12,126,102,20,7,2,0,0,0,0,0,0,0,0.8493333333333333,0.0,4.704444444444444,0.5644444444444445,19.38,84.75777777777778,4.431111111111111,45.37555555555556,90.0911111111111,79.11777777777777,11.733333333333333,94.81333333333335,92.39555555555556,96.61999999999999,61.095555555555556,Gavi Ramos,18,Spanish,UEFA,Spain,Midfielder,177,72,Left,AIK,125015698,45
P00067,1963,3,1,17,0,0.37,1.72,24,833,989,36,7,32,2,40,46,22,8,43,20,45,116,26,13,7,0,2,0,0,0,0,2,0.8520000000000001,0.0,5.122222222222222,0.5755555555555555,21.90888888888889,79.24222222222222,4.002222222222222,39.94222222222223,42.19777777777778,39.33777777777778,2.0955555555555554,46.851111111111116,44.37555555555556,46.404444444444444,53.19777777777778,Rodri Alonso,25,Spanish,UEFA,Spain,Midfielder,183,78,Right,RB Salzburg,9912074,45
P00068,1450,2,6,13,1,0.22999999999999998,2.36,48,1145,1368,39,13,16,0,24,31,19,10,25,9,90,84,14,14,0,0,3,0,0,0,0,3,0.8497777777777779,0.0,3.9955555555555557,0.4688888888888889,17.95111111111111,83.04,3.704444444444444,37.904444444444444,80.7,69.63777777777777,6.235555555555556,85.04888888888888,82.93777777777777,87.54444444444445,55.73777777777777,Alvaro Llorente,19,Spanish,UEFA,Spain,Midfielder,186,80,Right,Partizan,37350285,45
P00069,1680,2,2,27,1,1.29,1.46,38,976,1174,46,13,27,1,40,32,20,10,29,11,59,102,12,9,6,2,2,0,0,0,0,4,0.8411111111111111,0.0,4.668888888888889,0.5288888888888889,19.95111111111111,80.79333333333332,3.882222222222222,39.684444444444445,58.00222222222222,56.842222222222226,3.7688888888888887,64.59333333333333,62.586666666666666,72.20222222222222,54.98444444444445,Ferran Cubarsi,24,Spanish,UEFA,Spain,Midfielder,181,81,Left,Manchester City,16807939,45
P00070,1480,3,4,16,0,0.72,1.56,22,532,654,23,5,24,0,34,24,18,12,22,7,34,88,11,18,4,0,3,0,0,0,0,0,0.8426666666666667,0.0,4.051111111111111,0.4777777777777778,18.162222222222223,78.35333333333334,3.348888888888889,33.72666666666667,38.09777777777778,32.528888888888886,1.2555555555555555,39.3,37.00222222222222,41.12222222222222,54.413333333333334,Ansu Le Normand,19,Spanish,UEFA,Spain,Midfielder,178,75,Right,Chelsea,4918927,45
P00071,1868,2,4,21,1,0.62,1.5,42,1129,1360,51,17,28,0,36,26,25,12,30,19,88,99,26,11,4,0,2,0,0,0,0,2,0.8462222222222222,0.0,5.082222222222222,0.6,20.133333333333333,81.69555555555556,3.8844444444444446,39.56222222222222,60.61333333333333,58.44888888888889,4.484444444444445,66.01555555555557,69.21333333333334,69.47777777777777,55.98888888888889,Marco Mikel,18,Spanish,UEFA,Spain,Midfielder,183,70,Right,Liverpool,41434814,45
P00072,1693,4,9,23,0,0.56,2.79,60,1396,1608,57,19,35,1,29,28,24,5,22,13,107,86,12,17,4,0,3,0,0,0,0,3,0.8555555555555555,0.0,4.584444444444444,0.5266666666666666,19.342222222222222,82.17333333333333,3.9844444444444447,40.81333333333333,77.27333333333334,71.93111111111111,7.402222222222223,83.33777777777777,82.14444444444445,86.89777777777778,56.29333333333333,Dani Gavi,21,Spanish,UEFA,Spain,Midfielder,181,78,Right,Dinamo Zagreb,34588916,45
P00073,1701,4,4,28,5,0.68,1.11,14,310,412,31,10,7,0,21,11,4,1,32,10,26,37,16,11,6,0,17,0,0,0,0,1,0.7804444444444444,0.0,4.062222222222222,0.48444444444444446,18.484444444444446,81.26444444444445,3.5733333333333337,35.96666666666667,44.62888888888889,25.026666666666667,0.82,37.9,38.464444444444446,42.99777777777778,53.559999999999995,Pedro Cubarsi,20,Spanish,UEFA,Spain,Forward,182,74,Right,PSV Eindhoven,11805512,45
P00074,1713,4,4,61,15,5.88,1.06,25,620,838,78,27,8,0,18,7,5,3,31,13,55,33,18,15,8,1,4,0,0,0,0,2,0.7742222222222221,0.0,4.004444444444444,0.42444444444444446,19.322222222222223,83.84,4.171111111111111,42.54666666666667,89.47111111111111,23.693333333333335,3.6155555555555554,88.39111111111112,81.82222222222222,91.22222222222223,55.464444444444446,Gavi Le Normand,25,Spanish,UEFA,Spain,Forward,172,70,Right,Galatasaray,27469713,45
P00075,1528,6,6,45,5,1.53,0.8,29,436,571,47,17,5,0,14,5,3,4,22,11,39,26,23,21,0,1,0,0,0,0,0,1,0.7708888888888888,0.0,3.9555555555555557,0.4533333333333333,18.171111111111113,82.2,3.3866666666666667,34.54666666666667,69.76222222222222,23.757777777777775,2.148888888888889,64.65555555555555,63.38444444444445,70.55555555555556,55.56666666666667,Rodri Mikel,25,Spanish,UEFA,Spain,Forward,173,73,Right,Inter Milan,48284094,45
P00076,1488,8,5,41,8,2.4,1.02,25,436,568,63,26,4,0,10,2,4,2,30,7,28,18,24,13,4,0,6,0,0,0,0,4,0.7873333333333333,0.0,3.5644444444444447,0.38666666666666666,17.137777777777778,79.78666666666666,3.4466666666666663,34.94222222222223,70.04444444444445,26.664444444444445,1.9555555555555555,65.1288888888889,68.67555555555556,73.16444444444444,57.65111111111111,Alvaro Gavi,28,Spanish,UEFA,Spain,Forward,183,75,Right,PSV Eindhoven,13496935,45
P00077,1874,7,3,56,9,2.27,0.71,35,608,805,67,22,7,0,11,18,9,1,37,11,35,39,23,15,4,0,9,0,0,0,0,4,0.7644444444444444,0.0,4.62,0.5733333333333334,21.895555555555553,83.95333333333333,4.206666666666667,42.55777777777777,75.34222222222222,22.90222222222222,2.5733333333333333,64.56444444444445,65.15333333333334,71.73777777777778,56.54888888888888,Ferran Morata,26,Spanish,UEFA,Spain,Forward,188,78,Right,Borussia Dortmund,19184237,45
P00078,2098,5,6,41,4,2.46,1.57,28,459,599,42,5,7,0,15,11,5,3,45,21,36,34,19,17,3,0,15,0,0,0,0,3,0.7902222222222223,0.0,5.073333333333333,0.5711111111111111,22.757777777777775,81.80444444444444,4.2,41.535555555555554,49.54888888888888,23.893333333333334,1.4088888888888889,45.56444444444445,48.45777777777778,48.715555555555554,54.371111111111105,Ansu Fati,27,Spanish,UEFA,Spain,Forward,182,72,Right,Red Star Belgrade,2617484,45
P00079,1626,0,0,0,0,0.0,0.0,6,322,481,2,0,6,0,0,7,29,0,20,4,44,36,17,6,3,0,1,77,2,29,0,0,0.7240909090909091,0.3522727272727273,3.6113636363636363,0.43636363636363634,13.756818181818181,81.23863636363636,3.2818181818181817,34.06136363636364,10.606818181818182,95.94545454545455,1.731818181818182,87.07045454545454,29.788636363636364,87.69090909090909,59.00909090909091,Harry Bellingham,33,English,UEFA,England,Goalkeeper,190,80,Right,Chelsea,16141143,44
P00080,1268,0,0,0,0,0.0,0.0,6,257,368,13,2,3,0,0,3,21,0,18,3,31,24,12,10,3,0,3,47,6,15,0,0,0.7122727272727273,0.22704545454545455,2.602272727272727,0.2840909090909091,10.590909090909092,78.45,2.1772727272727272,22.604545454545455,9.695454545454545,56.60454545454545,0.7886363636363637,48.11363636363637,29.986363636363638,46.86590909090909,55.36818181818182,Jude Saka,33,English,UEFA,England,Goalkeeper,192,78,Right,Copenhagen,2995060,44
P00081,472,0,2,0,0,0.0,0.0,3,79,118,3,0,0,0,0,3,5,0,8,0,6,8,4,8,6,0,0,15,2,6,0,0,0.7218181818181818,0.10045454545454545,1.0886363636363636,0.1159090909090909,4.588636363636364,77.51363636363637,0.8386363636363636,9.204545454545455,11.277272727272727,55.85681818181818,0.22272727272727275,48.60454545454545,31.977272727272727,49.425,53.83636363636364,Phil Rashford,34,English,UEFA,England,Goalkeeper,197,78,Left,Copenhagen,1700087,44
P00082,1766,1,1,9,1,0.02,0.2,12,878,1070,6,0,26,0,73,56,81,25,51,15,102,235,20,17,5,1,4,0,0,0,0,0,0.8288636363636364,0.0,4.279545454545455,0.4818181818181818,19.243181818181817,82.79545454545455,3.6159090909090907,36.91818181818182,35.87954545454546,75.4090909090909,3.338636363636364,67.8,29.21590909090909,71.4659090909091,56.95227272727273,Harry Rice,18,English,UEFA,England,Defender,183,75,Right,Osijek,6394802,44
P00083,1309,1,0,5,0,0.03,0.45,10,873,1076,8,1,24,2,39,35,73,20,41,17,99,167,17,12,7,0,1,0,0,0,0,0,0.8188636363636363,0.0,3.284090909090909,0.4090909090909091,16.463636363636365,82.94772727272726,3.5090909090909093,36.038636363636364,44.75909090909091,92.48863636363636,4.368181818181818,85.24772727272727,31.025000000000002,90.92727272727274,61.33863636363637,Jude Grealish,23,English,UEFA,England,Defender,181,68,Left,FC Basel,42246372,44
P00084,1582,0,1,10,0,0.05,0.060000000000000005,2,461,569,8,0,24,0,66,51,78,24,48,23,54,219,10,15,5,0,1,0,0,0,0,2,0.8175,0.0,3.6454545454545455,0.41590909090909095,18.688636363636366,81.99318181818181,3.475,35.52272727272727,21.347727272727273,45.824999999999996,0.9977272727272727,41.15,29.3,40.824999999999996,52.47954545454545,Phil Walker,30,English,UEFA,England,Defender,184,82,Left,Barcelona,2890294,44
P00085,1763,1,3,11,0,0.13,0.07,8,626,803,9,1,22,0,70,54,74,23,45,30,63,221,29,12,3,0,3,0,0,0,0,0,0.798409090909091,0.0,4.363636363636363,0.5227272727272727,20.652272727272727,84.62954545454545,3.661363636363636,37.82727272727273,24.747727272727275,53.04772727272727,1.5568181818181819,46.08863636363637,30.161363636363635,48.14545454545455,53.76136363636363,Bukayo Alexander-Arnold,20,English,UEFA,England,Defender,186,76,Right,Napoli,5320640,44
P00086,2125,1,3,19,0,0.1,0.35,17,1342,1635,12,1,37,1,69,71,101,18,63,24,151,259,24,16,2,1,1,0,0,0,0,1,0.8272727272727273,0.0,5.263636363636364,0.6045454545454546,26.481818181818184,87.02045454545454,5.538636363636363,55.73863636363637,44.93636363636364,93.43863636363636,6.679545454545454,80.5909090909091,33.99318181818182,87.16363636363636,61.627272727272725,Declan Trippier,27,English,UEFA,England,Defender,192,83,Right,Liverpool,43960854,44
P00087,1731,0,1,8,0,0.14,0.09999999999999999,5,454,589,9,0,28,1,64,55,75,23,57,18,60,217,15,12,3,0,3,0,0,0,0,0,0.7956818181818182,0.0,4.109090909090909,0.4840909090909091,21.972727272727273,83.03636363636363,4.2749999999999995,43.45227272727273,20.706818181818182,45.14772727272727,1.0954545454545455,39.80227272727273,32.252272727272725,41.175000000000004,50.38409090909091,Marcus Mount,30,English,UEFA,England,Defender,175,71,Right,Manchester City,1029642,44
P00088,1772,1,1,12,0,0.13,0.07,4,547,687,8,0,25,0,63,46,87,21,53,16,71,217,19,15,5,1,3,0,0,0,0,0,0.816590909090909,0.0,4.056818181818182,0.45681818181818185,21.39090909090909,81.47727272727273,3.9545454545454546,40.50681818181818,22.188636363636363,45.04545454545455,1.2840909090909092,40.84090909090909,31.24318181818182,42.63636363636363,53.75,Jack Toney,31,English,UEFA,England,Defender,181,78,Left,Liverpool,1705330,44
P00089,1648,3,1,9,0,0.11,0.06,11,893,1099,14,2,23,2,49,52,66,23,43,16,86,190,16,9,5,0,3,0,0,0,0,1,0.8202272727272728,0.0,3.8068181818181817,0.4272727272727273,16.78409090909091,82.47272727272728,3.340909090909091,34.11363636363637,35.268181818181816,74.28863636363636,3.286363636363636,69.27499999999999,28.675,68.11363636363636,59.46136363636364,John Palmer,32,English,UEFA,England,Defender,186,76,Left,Liverpool,25467909,44
P00090,1672,0,0,7,0,0.16,0.01,8,487,608,11,0,29,2,56,59,91,17,46,30,47,223,24,11,7,1,2,0,0,0,0,0,0.8177272727272726,0.0,3.9704545454545452,0.45681818181818185,20.134090909090908,82.39545454545454,3.5704545454545453,36.46590909090909,22.029545454545453,44.14090909090909,1.1227272727272728,41.76590909090909,30.468181818181815,42.945454545454545,51.095454545454544,Kyle Gallagher,28,English,UEFA,England,Defender,191,79,Left,Manchester United,3175537,44
P00091,1019,0,2,10,0,0.22,1.83,18,434,519,11,1,12,0,27,19,16,4,14,5,36,66,15,9,4,1,3,0,0,0,0,1,0.8470454545454547,0.0,2.881818181818182,0.3068181818181818,14.711363636363636,80.82272727272726,2.743181818181818,27.786363636363635,41.91590909090909,40.67045454545455,1.2522727272727272,45.34318181818182,47.5,49.32954545454545,52.902272727272724,Harry Phillips,24,English,UEFA,England,Midfielder,181,77,Left,Anderlecht,2621838,44
P00092,1067,1,1,8,1,0.19,0.52,18,366,435,19,3,11,0,31,15,8,2,22,8,20,56,9,10,3,1,2,0,0,0,0,1,0.854090909090909,0.0,3.05,0.3727272727272728,14.556818181818182,83.78181818181818,2.8227272727272728,29.236363636363638,36.74090909090909,33.96818181818182,0.875,40.51590909090909,36.154545454545456,41.69772727272727,52.64318181818182,Jude Maddison,30,English,UEFA,England,Midfielder,176,67,Right,Partizan,3020416,44
P00093,1669,2,8,28,3,0.59,0.89,39,993,1179,24,2,36,3,36,23,18,9,27,18,58,86,18,13,4,0,2,0,0,0,0,3,0.8522727272727273,0.0,4.304545454545455,0.4840909090909091,17.404545454545453,80.7090909090909,3.409090909090909,34.456818181818186,62.08863636363637,53.75454545454545,3.7454545454545456,66.47272727272728,65.92727272727274,70.15227272727272,55.625,Phil Eze,33,English,UEFA,England,Midfielder,171,68,Right,Rapid Vienna,6694892,44
P00094,2069,2,4,29,2,0.74,1.85,41,1300,1573,48,12,38,1,41,44,23,14,32,18,103,122,30,12,7,0,4,0,0,0,0,1,0.8429545454545454,0.0,5.609090909090909,0.6659090909090909,24.345454545454547,83.575,4.7318181818181815,46.85681818181818,59.16136363636363,54.22727272727273,5.206818181818182,64.32954545454545,63.35227272727273,68.15227272727272,56.80227272727273,Bukayo Ramsdale,18,English,UEFA,England,Midfielder,186,81,Right,Tottenham,9656375,44
P00095,1662,5,2,17,0,0.35000000000000003,0.77,28,586,710,25,8,31,4,26,31,18,6,21,11,40,81,14,12,4,0,2,0,0,0,0,2,0.8459090909090908,0.0,4.338636363636364,0.4727272727272727,19.0,79.89999999999999,3.6181818181818177,36.20454545454545,38.49545454545454,31.518181818181816,1.4522727272727272,40.75454545454546,39.57272727272727,41.94772727272727,50.21363636363637,Declan Watkins,32,English,UEFA,England,Midfielder,178,77,Left,Grasshoppers,8284492,44
P00096,1791,5,5,41,7,0.71,2.7600000000000002,52,1678,2025,66,24,36,3,53,34,18,12,28,22,117,117,17,12,1,2,2,0,0,0,0,2,0.8311363636363637,0.0,4.7681818181818185,0.5636363636363636,23.702272727272728,85.425,5.263636363636364,52.56136363636363,88.91363636363636,79.89772727272727,10.772727272727273,95.01363636363637,90.425,95.81136363636364,60.88863636363636,Marcus Chilwell,32,English,UEFA,England,Midfielder,181,74,Left,FC Basel,121097496,44
P00097,1800,1,8,25,3,0.5,1.98,44,1019,1241,46,13,31,3,39,36,25,13,38,15,80,113,16,18,4,0,1,0,0,0,0,2,0.8359090909090909,0.0,4.672727272727273,0.5818181818181819,21.393181818181816,84.08636363636364,4.284090909090909,43.15681818181818,58.41363636363636,53.68636363636363,4.429545454545455,69.89090909090909,61.59318181818182,71.80909090909091,57.64545454545455,Jack White,35,English,UEFA,England,Midfielder,174,82,Right,Paris Saint-Germain,16431011,44
P00098,1821,0,4,13,0,0.35,1.34,24,739,893,28,7,35,3,44,45,21,8,30,24,52,118,26,19,6,0,3,0,0,0,0,0,0.8436363636363636,0.0,4.879545454545454,0.5795454545454546,20.54090909090909,79.31363636363636,3.6431818181818185,37.32727272727273,41.88409090909091,37.247727272727275,2.034090909090909,47.30227272727273,46.300000000000004,48.58636363636364,52.425,John Bellingham,29,English,UEFA,England,Midfielder,185,78,Right,Marseille,12779416,44
P00099,2050,5,1,38,2,1.7,0.49,22,350,459,49,13,11,0,16,9,13,6,48,20,25,44,12,15,1,0,11,0,0,0,0,1,0.7925,0.0,4.947727272727272,0.5954545454545455,24.268181818181816,81.78636363636363,4.572727272727272,45.43636363636364,44.51136363636363,24.718181818181815,1.05,41.11590909090909,41.17272727272727,42.4,47.28636363636363,Harry Watkins,25,English,UEFA,England,Forward,180,74,Right,Malmo FF,3386537,44
P00100,1602,8,2,57,10,4.16,1.46,34,658,860,70,28,7,0,19,10,8,1,31,10,38,38,26,12,2,0,6,0,0,0,0,3,0.7722727272727272,0.0,3.8840909090909093,0.44090909090909086,17.57272727272727,84.18636363636364,3.6386363636363637,37.413636363636364,92.68409090909091,24.427272727272726,3.8954545454545455,84.77499999999999,82.39772727272727,89.14999999999999,57.73409090909092,Jude Chilwell,26,English,UEFA,England,Forward,194,80,Left,Arsenal,51186750,44
P00101,1363,8,1,34,5,5.72,2.9800000000000004,32,555,742,65,28,6,0,17,5,3,6,25,11,29,31,9,15,8,0,11,0,0,0,0,2,0.7581818181818182,0.0,3.397727272727273,0.3909090909090909,18.172727272727272,86.87045454545455,3.938636363636364,40.179545454545455,93.96136363636364,25.879545454545454,3.4204545454545454,87.93409090909091,82.73636363636363,88.45454545454545,59.78409090909091,Phil White,23,English,UEFA,England,Forward,186,76,Right,Feyenoord,39029914,44
P00102,1669,6,3,30,4,0.8,0.41000000000000003,17,256,342,45,14,6,0,13,10,6,4,28,11,29,33,17,16,3,1,10,0,0,0,0,0,0.7702272727272728,0.0,3.977272727272727,0.4772727272727273,20.03181818181818,81.2090909090909,3.6113636363636363,36.654545454545456,42.50454545454546,23.995454545454546,0.8704545454545454,41.22272727272727,40.550000000000004,42.586363636363636,49.71136363636364,Bukayo Bellingham,26,English,UEFA,England,Forward,185,72,Right,Bayer Leverkusen,15039578,44
P00103,1441,10,1,41,7,1.52,0.97,21,430,573,56,22,7,0,8,5,6,3,23,8,26,22,19,11,4,1,9,0,0,0,0,7,0.7704545454545454,0.0,3.6045454545454545,0.4522727272727272,16.65909090909091,82.95681818181818,3.35,33.43181818181818,71.05227272727274,26.67954545454546,1.9090909090909092,66.1590909090909,66.45227272727273,67.17954545454546,60.35454545454545,Declan Saka,27,English,UEFA,England,Forward,186,77,Left,Partizan,11207709,44
P00104,1749,5,3,47,5,2.5700000000000003,0.48,24,498,657,68,27,5,0,20,3,9,2,29,25,50,34,24,18,6,0,14,0,0,0,0,6,0.7852272727272727,0.0,4.461363636363637,0.5045454545454545,21.813636363636363,80.45681818181818,4.240909090909091,41.97727272727273,72.38863636363637,24.038636363636364,2.6113636363636363,65.51136363636364,64.18636363636364,71.8,58.14545454545455,Marcus Rashford,31,English,UEFA,England,Forward,174,68,Right,Club Brugge,15799908,44
P00105,1064,0,0,0,0,0.0,0.0,4,211,291,2,0,3,0,0,9,18,0,23,1,17,27,8,9,3,0,5,44,1,20,3,0,0.7277358490566038,0.200377358490566,2.0018867924528303,0.22641509433962265,7.662264150943397,77.54528301886792,1.6018867924528304,17.173584905660377,8.922641509433962,54.89622641509434,0.44339622641509435,44.37924528301887,29.19245283018868,50.2188679245283,55.401886792452835,Gianluigi Chiesa,33,Italian,UEFA,Italy,Goalkeeper,187,75,Right,Borussia Dortmund,2092367,53
P00106,923,0,0,0,0,0.0,0.0,9,183,257,1,0,2,0,0,6,11,0,14,5,21,17,11,12,4,0,3,36,3,17,1,0,0.7083018867924528,0.14245283018867924,1.579245283018868,0.18867924528301888,6.475471698113207,76.99245283018868,1.3471698113207549,14.20566037735849,9.664150943396228,47.300000000000004,0.41886792452830185,38.97735849056604,29.58301886792453,43.50377358490566,54.341509433962266,Federico Tonali,38,Italian,UEFA,Italy,Goalkeeper,183,77,Right,Borussia Dortmund,3518278,53
P00107,1992,0,1,0,0,0.0,0.0,6,369,553,10,1,3,0,0,9,32,0,36,9,34,41,13,19,4,1,2,87,2,37,3,0,0.7011320754716981,0.3549056603773585,3.577358490566038,0.4075471698113208,14.849056603773585,81.02264150943395,2.939622641509434,29.962264150943398,9.98490566037736,56.37547169811321,0.8018867924528302,44.54716981132076,29.975471698113207,49.28867924528302,54.94150943396227,Nicolo Immobile,29,Italian,UEFA,Italy,Goalkeeper,189,79,Right,Dinamo Zagreb,2791089,53
P00108,1792,0,1,12,1,0.16999999999999998,0.05,10,622,774,9,0,46,4,46,67,85,25,49,20,73,223,16,26,8,0,3,0,0,0,0,0,0.8243396226415094,0.0,3.7056603773584906,0.4226415094339622,17.977358490566036,80.47735849056605,3.2226415094339624,32.33018867924528,24.867924528301888,54.55283018867925,1.390566037735849,44.26603773584905,26.7188679245283,48.43396226415094,54.22641509433962,Gianluigi Verratti,31,Italian,UEFA,Italy,Defender,182,71,Right,Barcelona,5678945,53
P00109,2099,0,4,11,0,0.05,0.38,13,1052,1308,13,0,24,1,74,40,82,20,48,28,132,216,24,19,6,1,3,0,0,0,0,4,0.8139622641509434,0.0,4.260377358490566,0.49056603773584906,20.043396226415094,82.80943396226414,3.9301886792452834,39.494339622641505,34.98490566037736,74.73018867924527,3.4452830188679244,65.33018867924528,29.850943396226413,70.10000000000001,57.630188679245286,Federico Pellegrini,24,Italian,UEFA,Italy,Defender,172,71,Right,RB Salzburg,13518441,53
P00110,2284,0,2,17,0,0.05,0.5,8,745,933,7,0,41,1,84,75,105,30,58,26,88,294,15,20,9,0,2,0,0,0,0,0,0.8267924528301887,0.0,4.632075471698113,0.560377358490566,21.837735849056607,81.8811320754717,3.983018867924528,40.36415094339623,23.984905660377358,52.41509433962264,1.6886792452830188,46.01698113207547,30.528301886792452,49.220754716981126,53.03962264150943,Nicolo Bastoni,29,Italian,UEFA,Italy,Defender,182,80,Left,Young Boys,4258075,53
P00111,2272,2,1,12,0,0.13,0.06,14,753,948,11,0,34,1,61,65,108,22,63,25,91,256,23,19,8,0,4,0,0,0,0,0,0.8249056603773585,0.0,4.509433962264151,0.49245283018867925,20.09245283018868,83.17547169811321,3.816981132075472,38.652830188679246,24.16792452830189,52.53962264150943,1.8584905660377358,45.77735849056604,29.335849056603774,48.4377358490566,52.82830188679245,Sandro Scamacca,26,Italian,UEFA,Italy,Defender,184,75,Right,RB Leipzig,2779126,53
P00112,1856,0,1,15,1,0.04,0.27999999999999997,20,1184,1448,8,0,27,2,57,54,84,19,59,32,135,214,25,14,11,0,5,0,0,0,0,1,0.8171698113207547,0.0,3.656603773584906,0.45094339622641505,18.932075471698113,82.68679245283018,3.9415094339622643,40.34905660377358,44.130188679245286,93.84150943396227,4.956603773584906,87.27547169811321,29.128301886792453,88.10754716981131,57.133962264150945,Marco Locatelli,24,Italian,UEFA,Italy,Defender,186,74,Right,Young Boys,42849612,53
P00113,2177,0,1,11,0,0.17,0.08,11,624,775,12,1,40,0,73,50,106,26,65,28,57,255,29,21,6,0,2,0,0,0,0,0,0.8243396226415094,0.0,4.337735849056604,0.4886792452830188,22.232075471698113,82.55471698113207,3.9981132075471697,40.52075471698113,19.798113207547168,44.93207547169811,1.1735849056603773,38.66603773584906,29.46981132075472,42.215094339622645,53.513207547169806,Ciro Spinazzola,31,Italian,UEFA,Italy,Defender,186,77,Right,AC Milan,1767995,53
P00114,2109,0,3,7,0,0.15000000000000002,0.48000000000000004,33,1656,2032,7,0,34,4,64,53,108,20,60,38,189,245,34,20,4,0,2,0,0,0,0,0,0.8245283018867925,0.0,4.250943396226416,0.4886792452830189,21.537735849056602,86.87358490566038,4.718867924528301,47.79245283018868,53.284905660377355,98.61698113207547,9.00566037735849,94.26792452830189,31.58867924528302,96.99622641509434,54.74716981132075,Lorenzo Frascati,20,Italian,UEFA,Italy,Defender,192,76,Right,Feyenoord,39892640,53
P00115,1941,0,1,12,0,0.04,0.11,20,1540,1904,13,1,33,1,56,66,84,19,56,28,155,225,22,26,6,0,5,0,0,0,0,1,0.8243396226415094,0.0,3.966037735849057,0.4490566037735849,21.01132075471698,84.84905660377359,4.681132075471698,47.401886792452835,56.237735849056605,98.94528301886793,7.716981132075472,95.59622641509435,28.833962264150944,96.51132075471699,60.137735849056604,Stephan Guglielmo,25,Italian,UEFA,Italy,Defender,189,77,Left,Brondby,112187356,53
P00116,2263,0,1,10,1,0.04,0.27,6,688,838,20,1,42,2,87,46,101,20,68,29,68,254,27,21,7,0,5,0,0,0,0,0,0.8371698113207546,0.0,4.362264150943396,0.5245283018867924,20.432075471698116,81.67547169811321,3.7849056603773583,37.69433962264151,22.098113207547172,46.098113207547165,1.2264150943396226,39.24528301886792,31.42452830188679,40.847169811320754,53.84905660377358,Alessandro Udogie,24,Italian,UEFA,Italy,Defender,185,77,Left,Young Boys,5208350,53
P00117,1904,4,4,27,2,0.65,2.06,34,1198,1434,50,16,28,2,44,41,16,6,35,19,92,107,25,17,2,0,3,0,0,0,0,4,0.8545283018867924,0.0,4.40377358490566,0.5150943396226415,17.160377358490567,81.98490566037735,3.2622641509433965,33.0188679245283,57.866037735849055,55.97735849056604,3.9754716981132074,65.56792452830189,65.04528301886792,69.59245283018868,53.33584905660378,Gianluigi Di Lorenzo,34,Italian,UEFA,Italy,Midfielder,182,74,Left,Paris Saint-Germain,12170058,53
P00118,1982,2,4,43,5,1.09,1.08,50,1568,1815,42,11,35,3,41,39,22,8,39,26,106,110,28,18,7,0,2,0,0,0,0,4,0.860754716981132,0.0,4.2,0.46981132075471704,20.9811320754717,83.07735849056604,4.367924528301887,44.305660377358485,75.11320754716981,68.17735849056604,6.362264150943396,81.61698113207547,80.73962264150943,89.57358490566037,60.22830188679245,Federico Berardi,27,Italian,UEFA,Italy,Midfielder,182,79,Right,Lech Poznan,52387376,53
P00119,1678,1,5,13,0,0.65,1.82,24,707,864,29,4,27,1,45,27,16,10,25,12,56,98,21,9,3,1,3,0,0,0,0,1,0.8558490566037735,0.0,3.807547169811321,0.439622641509434,17.20566037735849,80.82830188679245,3.0,30.724528301886796,43.39433962264151,38.67358490566038,1.6622641509433962,45.969811320754715,44.14905660377359,48.652830188679246,54.886792452830186,Nicolo Vicario,27,Italian,UEFA,Italy,Midfielder,170,74,Right,Lech Poznan,6332763,53
P00120,2043,9,7,30,3,0.61,1.4300000000000002,61,1587,1888,58,14,36,1,38,36,21,7,33,23,104,102,26,14,1,0,2,0,0,0,0,3,0.8509433962264151,0.0,4.637735849056604,0.5415094339622641,18.900000000000002,84.14905660377357,4.037735849056604,40.652830188679246,75.69245283018867,69.90566037735849,6.684905660377359,82.36037735849057,82.51509433962265,88.09245283018868,55.990566037735846,Sandro Bellanova,22,Italian,UEFA,Italy,Midfielder,174,70,Right,Borussia Dortmund,61013834,53
P00121,1655,0,0,15,0,0.29,1.2,16,667,809,23,4,36,2,32,24,18,16,27,11,45,90,21,15,4,0,3,0,0,0,0,0,0.8492452830188679,0.0,3.649056603773585,0.44339622641509435,17.88490566037736,81.59622641509435,3.158490566037736,32.135849056603774,42.683018867924524,38.698113207547166,1.4471698113207547,46.24528301886792,44.91132075471698,48.762264150943395,53.390566037735844,Marco Calafiori,24,Italian,UEFA,Italy,Midfielder,184,76,Right,Malmo FF,10349123,53
P00122,1821,4,5,45,6,0.09999999999999999,3.58,55,1441,1710,50,12,36,1,50,24,24,13,22,17,105,111,17,12,4,0,3,0,0,0,0,4,0.8535849056603774,0.0,4.188679245283019,0.5,19.766037735849054,83.36981132075472,4.205660377358491,41.94150943396227,76.61698113207547,69.96037735849056,6.439622641509434,81.39811320754718,88.27169811320753,89.14716981132077,55.25283018867925,Ciro Colpani,26,Italian,UEFA,Italy,Midfielder,177,76,Right,Rapid Vienna,37583779,53
P00123,2493,3,3,19,0,0.41000000000000003,1.42,35,1002,1233,48,11,47,0,43,45,25,17,43,20,71,130,23,25,3,0,3,0,0,0,0,0,0.8366037735849056,0.0,5.70566037735849,0.6547169811320755,24.222641509433963,83.22830188679247,4.411320754716981,44.97924528301887,43.096226415094335,38.24528301886792,2.3169811320754716,45.305660377358485,44.679245283018865,48.99622641509434,53.39433962264151,Lorenzo Retegui,34,Italian,UEFA,Italy,Midfielder,177,74,Right,Midtjylland,5468237,53
P00124,2217,1,6,25,2,1.04,2.24,51,1357,1598,47,12,31,0,56,42,26,17,35,19,90,141,37,20,5,0,4,0,0,0,0,2,0.8613207547169811,0.0,4.920754716981132,0.5452830188679245,21.279245283018867,83.72830188679247,4.186792452830189,42.0188679245283,61.14150943396226,54.26037735849057,4.4547169811320755,66.8188679245283,63.652830188679246,70.6622641509434,55.66792452830189,Stephan Chiesa,27,Italian,UEFA,Italy,Midfielder,177,75,Right,Bayer Leverkusen,8878530,53
P00125,1928,13,8,79,16,2.53,2.54,32,787,1015,86,35,6,0,22,11,7,2,33,20,58,42,18,11,1,0,10,0,0,0,0,6,0.7786792452830189,0.0,4.081132075471698,0.4867924528301887,18.452830188679247,84.4943396226415,3.9132075471698116,39.76037735849057,87.4566037735849,25.90754716981132,3.809433962264151,84.80188679245283,80.80188679245283,86.77735849056603,57.196226415094344,Gianluigi Calafiori,25,Italian,UEFA,Italy,Forward,189,77,Right,Atletico Madrid,123748005,53
P00126,2037,12,8,69,15,4.82,1.8,43,776,1013,82,30,7,0,13,9,7,2,26,21,73,31,15,21,2,1,11,0,0,0,0,5,0.78,0.0,4.160377358490566,0.4867924528301887,19.833962264150944,83.05471698113207,4.041509433962264,40.91509433962264,89.36415094339623,24.447169811320755,4.2377358490566035,81.36603773584905,84.80943396226414,88.38867924528303,56.47735849056604,Federico Colpani,29,Italian,UEFA,Italy,Forward,175,74,Right,Juventus,132284994,53
P00127,2124,4,3,30,2,1.76,1.93,18,378,505,36,8,7,0,17,9,4,7,33,23,29,37,20,31,2,0,10,0,0,0,0,0,0.780188679245283,0.0,4.350943396226415,0.5056603773584906,21.522641509433964,82.14905660377357,4.009433962264151,40.66603773584906,43.22830188679245,25.939622641509434,0.7981132075471697,41.22264150943396,41.528301886792455,42.13584905660377,53.820754716981135,Nicolo Retegui,29,Italian,UEFA,Italy,Forward,182,80,Left,Anderlecht,11905673,53
P00128,1616,1,1,34,3,0.42,0.62,14,282,382,44,12,4,0,11,6,6,2,20,15,26,25,22,11,6,0,13,0,0,0,0,1,0.7945283018867925,0.0,3.322641509433962,0.4075471698113208,18.522641509433964,79.97547169811321,3.422641509433962,35.19433962264151,42.56415094339623,24.569811320754717,0.6924528301886793,38.577358490566034,38.72830188679245,41.75094339622642,55.1188679245283,Sandro Chiesa,31,Italian,UEFA,Italy,Forward,185,78,Right,Juventus,5781531,53
P00129,2488,7,3,46,5,0.97,1.4,26,472,613,42,8,15,0,23,10,17,8,50,22,43,58,21,25,8,0,13,0,0,0,0,4,0.7890566037735849,0.0,5.049056603773585,0.5849056603773585,25.450943396226418,81.81509433962263,4.715094339622642,47.41698113207547,43.79622641509434,24.39622641509434,1.1320754716981132,39.18679245283019,38.87924528301887,40.97924528301887,54.450943396226414,Marco Tonali,27,Italian,UEFA,Italy,Forward,171,68,Left,Feyenoord,11851880,53
P00130,1435,1,3,28,2,1.57,1.17,21,298,407,39,9,7,0,7,7,5,2,28,19,22,21,16,15,7,0,9,0,0,0,0,0,0.7920754716981131,0.0,3.00377358490566,0.3547169811320755,17.530188679245285,80.6622641509434,3.0679245283018868,31.5,52.366037735849055,25.077358490566034,0.9150943396226415,46.9622641509434,45.556603773584904,48.24528301886792,54.08679245283019,Ciro Immobile,31,Italian,UEFA,Italy,Forward,163,72,Right,AIK,11478348,53
P00131,1342,0,3,0,0,0.0,0.0,6,256,364,9,1,6,0,0,5,22,0,33,6,26,27,13,15,5,1,5,53,5,18,3,2,0.715,0.24166666666666667,2.262962962962963,0.2722222222222222,9.746296296296295,80.16296296296296,2.327777777777778,24.06851851851852,10.046296296296296,98.17962962962963,1.0740740740740742,80.14444444444445,30.76111111111111,87.64629629629628,56.638888888888886,Frenkie Gakpo,29,Dutch,UEFA,Netherlands,Goalkeeper,188,82,Right,Tottenham,15983743,54
P00132,1426,0,1,0,0,0.0,0.0,4,270,377,5,0,5,0,0,3,27,0,27,8,33,30,12,9,4,0,1,66,3,37,4,0,0.722037037037037,0.24,2.4870370370370374,0.29814814814814816,9.725925925925926,78.47592592592592,2.0,21.12037037037037,9.905555555555555,48.58148148148148,0.5592592592592592,40.053703703703704,30.39074074074074,42.86851851851852,53.08148148148148,Cody Blind,37,Dutch,UEFA,Netherlands,Goalkeeper,191,80,Right,AIK,4711160,54
P00133,1355,0,0,0,0,0.0,0.0,6,285,402,16,3,6,0,0,7,15,0,20,4,27,22,19,15,4,0,4,65,5,22,1,0,0.7342592592592593,0.2348148148148148,2.4314814814814816,0.3185185185185185,9.420370370370371,79.84814814814816,2.1277777777777778,22.42962962962963,9.096296296296297,80.91111111111111,0.9,67.52407407407408,27.0962962962963,70.30740740740741,57.766666666666666,Memphis van Dijk,31,Dutch,UEFA,Netherlands,Goalkeeper,190,83,Right,AIK,7105500,54
P00134,1866,0,1,6,0,0.21,0.33,11,686,849,10,0,35,2,66,62,79,19,59,15,91,226,26,16,8,0,5,0,0,0,0,0,0.8214814814814815,0.0,3.65,0.42037037037037034,19.192592592592593,81.98888888888888,3.3629629629629627,34.281481481481485,24.12777777777778,54.548148148148144,1.5574074074074074,45.67962962962962,30.66111111111111,49.138888888888886,55.92777777777778,Frenkie de Ligt,25,Dutch,UEFA,Netherlands,Defender,191,84,Right,Atletico Madrid,3079799,54
P00135,2567,2,0,15,0,0.23,0.47000000000000003,14,1291,1557,10,1,57,3,87,66,123,30,65,33,147,306,31,15,8,0,3,0,0,0,0,0,0.8433333333333333,0.0,4.992592592592593,0.5722222222222223,23.93888888888889,84.59629629629629,4.687037037037037,46.78703703703704,31.50185185185185,77.55740740740741,3.9962962962962965,66.91111111111111,29.44814814814815,68.91666666666667,54.13703703703704,Cody Dumfries,30,Dutch,UEFA,Netherlands,Defender,181,78,Right,Fenerbahce,26893686,54
P00136,2085,0,0,13,0,0.4,0.1,23,1540,1968,15,2,39,3,61,62,96,26,57,30,168,245,20,15,10,0,1,0,0,0,0,0,0.8022222222222223,0.0,4.140740740740741,0.4666666666666667,19.90740740740741,83.1,4.348148148148148,43.40185185185185,56.67407407407408,98.46851851851852,7.564814814814815,93.32592592592593,30.02037037037037,98.05925925925925,58.12592592592593,Memphis Simons,26,Dutch,UEFA,Netherlands,Defender,179,73,Right,RB Salzburg,89592644,54
P00137,1909,0,2,11,0,0.19,0.02,3,566,718,10,0,37,2,63,56,71,17,64,29,61,207,23,16,5,0,3,0,0,0,0,0,0.8127777777777778,0.0,3.8870370370370373,0.45925925925925926,18.807407407407407,80.77777777777777,3.4018518518518515,34.80185185185185,21.75740740740741,44.657407407407405,0.9851851851851853,38.714814814814815,29.49074074074074,39.97592592592592,55.68333333333334,Daley Berghuis,26,Dutch,UEFA,Netherlands,Defender,187,75,Left,RB Leipzig,3632122,54
P00138,1664,2,1,13,0,0.06,0.05,1,531,653,11,0,34,3,61,53,83,22,42,20,50,219,20,17,5,2,0,0,0,0,0,1,0.8224074074074074,0.0,3.3648148148148147,0.4222222222222222,17.22037037037037,79.07037037037037,3.264814814814815,33.333333333333336,20.68148148148148,45.39259259259259,0.8851851851851852,39.961111111111116,26.81851851851852,39.97777777777778,53.74814814814815,Matthijs Timber,31,Dutch,UEFA,Netherlands,Defender,192,75,Right,Benfica,3113021,54
P00139,1867,0,2,13,0,0.57,0.27,21,1524,1884,14,1,26,1,60,50,106,12,48,28,157,228,14,21,13,0,4,0,0,0,0,0,0.8064814814814815,0.0,3.6277777777777778,0.4166666666666667,19.274074074074072,81.56851851851852,4.312962962962963,43.56481481481482,56.6925925925926,98.2074074074074,7.474074074074075,95.00555555555556,30.022222222222222,97.85370370370372,60.17777777777778,Virgil Weghorst,29,Dutch,UEFA,Netherlands,Defender,189,79,Right,Lech Poznan,28344304,54
P00140,1366,0,2,8,0,0.11,0.05,9,725,889,10,2,19,0,43,30,66,18,26,21,68,157,19,7,11,1,3,0,0,0,0,0,0.8394444444444444,0.0,2.7518518518518515,0.3148148148148148,14.70185185185185,79.5,2.92037037037037,29.69814814814815,34.1,73.6148148148148,2.15,64.88888888888889,30.23333333333333,68.47037037037038,55.88333333333333,Denzel Malen,27,Dutch,UEFA,Netherlands,Defender,183,76,Right,Besiktas,19251935,54
P00141,2164,1,2,13,0,0.08,0.18,27,1735,2165,15,2,31,2,64,51,97,26,57,25,165,238,34,26,5,0,1,0,0,0,0,3,0.8088888888888889,0.0,4.309259259259259,0.5240740740740741,21.494444444444444,85.75185185185185,4.727777777777778,47.588888888888896,55.4425925925926,98.58148148148148,8.462962962962964,94.13148148148149,32.17962962962963,97.40925925925927,60.51851851851852,Teun Gravenberch,18,Dutch,UEFA,Netherlands,Defender,179,74,Right,Copenhagen,24863794,54
P00142,2010,1,0,16,1,0.13999999999999999,0.27999999999999997,5,606,763,14,0,41,1,75,56,92,24,57,28,65,247,19,14,5,0,4,0,0,0,0,0,0.8125925925925926,0.0,3.9277777777777776,0.4740740740740741,20.27037037037037,81.4574074074074,3.5981481481481485,36.82037037037037,20.9,44.60925925925926,1.1185185185185185,40.101851851851855,28.925925925925927,41.03148148148148,54.92962962962962,Xavi Veerman,29,Dutch,UEFA,Netherlands,Defender,189,76,Right,Tottenham,3161289,54
P00143,2226,3,6,39,2,1.59,4.89,87,2078,2523,72,22,34,1,54,29,25,11,42,21,154,119,35,21,4,0,4,0,0,0,0,6,0.8379629629629629,0.0,4.887037037037037,0.5703703703703704,21.635185185185183,85.19814814814815,4.812962962962962,48.58148148148148,90.95925925925927,80.19259259259259,11.248148148148148,92.96851851851852,94.79814814814816,97.77962962962964,57.5462962962963,Frenkie Ake,25,Dutch,UEFA,Netherlands,Midfielder,179,76,Right,Sporting CP,81570317,54
P00144,2136,2,7,39,6,0.9500000000000001,3.2600000000000002,44,1626,1920,42,8,35,2,51,34,30,11,32,21,117,126,19,17,5,0,2,0,0,0,0,4,0.8475925925925927,0.0,4.792592592592593,0.5222222222222223,18.44074074074074,81.26296296296296,3.968518518518519,39.907407407407405,77.8851851851852,73.5037037037037,6.398148148148148,83.84074074074073,82.12222222222223,87.41666666666667,60.25,Cody de Jong,25,Dutch,UEFA,Netherlands,Midfielder,184,84,Left,Rapid Vienna,30674910,54
P00145,1887,4,1,18,1,1.21,1.3800000000000001,31,752,912,35,8,38,2,35,30,25,9,33,17,58,99,19,15,4,1,5,0,0,0,0,0,0.8488888888888889,0.0,4.011111111111111,0.46296296296296297,18.71851851851852,81.55555555555556,3.3111111111111113,33.65,40.80925925925926,37.84074074074074,1.7833333333333332,44.7,47.729629629629635,50.833333333333336,55.5574074074074,Memphis van de Ven,19,Dutch,UEFA,Netherlands,Midfielder,181,76,Right,Grasshoppers,5825326,54
P00146,2278,5,6,48,5,1.6400000000000001,1.62,61,1829,2163,51,16,45,1,58,47,25,15,39,19,119,145,24,16,0,1,1,0,0,0,0,5,0.8492592592592593,0.0,5.003703703703703,0.575925925925926,22.47962962962963,84.9462962962963,4.777777777777778,48.07222222222222,75.32222222222222,70.72222222222223,7.381481481481482,87.15370370370371,85.47962962962963,88.05185185185185,59.78703703703704,Daley Frimpong,24,Dutch,UEFA,Netherlands,Midfielder,174,74,Right,Marseille,29198612,54
P00147,2027,2,4,20,0,0.78,0.85,25,730,871,29,5,37,2,52,28,25,11,44,16,59,116,17,19,7,0,4,0,0,0,0,2,0.8579629629629629,0.0,4.45,0.5296296296296297,17.859259259259257,79.28888888888889,3.3685185185185187,33.907407407407405,34.59074074074074,33.24074074074074,1.4685185185185186,40.885185185185186,40.07037037037038,41.257407407407406,52.912962962962965,Matthijs Wijndal,25,Dutch,UEFA,Netherlands,Midfielder,179,78,Right,Midtjylland,3323339,54
P00148,2079,6,2,24,3,0.48,1.3,37,899,1074,28,4,46,2,53,40,23,11,46,14,74,127,23,16,6,1,2,0,0,0,0,0,0.8512962962962963,0.0,4.7555555555555555,0.5574074074074075,19.87222222222222,80.06111111111112,3.6685185185185185,37.36851851851852,41.43518518518518,38.44444444444444,2.1018518518518516,45.33148148148148,47.84444444444444,49.22592592592592,54.337037037037035,Virgil Lang,22,Dutch,UEFA,Netherlands,Midfielder,183,78,Right,Copenhagen,1940925,54
P00149,1976,2,2,12,0,0.58,1.41,30,814,977,40,11,28,1,48,38,25,13,34,18,57,124,36,21,7,0,2,0,0,0,0,0,0.8457407407407408,0.0,4.387037037037037,0.5222222222222223,17.435185185185187,81.77222222222223,3.1185185185185187,31.25925925925926,42.72222222222222,37.97222222222222,1.9055555555555554,44.229629629629635,45.51111111111111,49.71296296296296,51.93888888888888,Denzel Zerrouki,31,Dutch,UEFA,Netherlands,Midfielder,180,76,Right,Young Boys,4090830,54
P00150,1543,0,3,15,0,0.05,1.39,10,562,681,19,3,18,1,32,20,15,5,28,12,35,72,19,18,3,0,2,0,0,0,0,0,0.8450000000000001,0.0,3.596296296296296,0.40925925925925927,19.85,80.8351851851852,3.7092592592592593,37.859259259259254,36.11851851851852,32.644444444444446,0.9555555555555556,39.84074074074074,39.45925925925926,40.90555555555556,52.51111111111111,Teun Gakpo,21,Dutch,UEFA,Netherlands,Midfielder,177,76,Right,Midtjylland,7013403,54
P00151,1731,8,6,66,14,1.52,0.51,41,675,894,78,31,8,0,15,10,7,3,31,16,51,35,26,12,6,0,5,0,0,0,0,5,0.7877777777777778,0.0,3.674074074074074,0.4314814814814815,18.825925925925926,81.76851851851852,3.9166666666666665,39.78148148148148,91.11666666666667,23.566666666666666,3.755555555555556,81.41111111111111,81.83888888888889,87.85740740740741,59.10925925925926,Frenkie Wijndal,30,Dutch,UEFA,Netherlands,Forward,172,72,Right,Benfica,35232276,54
P00152,2360,10,6,83,16,2.8,1.32,50,868,1168,85,32,8,0,19,9,9,2,38,24,67,39,35,23,2,2,9,0,0,0,0,7,0.7537037037037038,0.0,4.659259259259259,0.5703703703703704,22.7,85.47037037037036,4.694444444444445,47.42962962962962,90.52222222222223,24.77592592592593,4.5814814814814815,84.15925925925927,83.54814814814816,89.89074074074075,57.25185185185185,Cody Lang,23,Dutch,UEFA,Netherlands,Forward,190,83,Right,Dinamo Zagreb,118478456,54
P00153,2235,24,9,82,17,3.22,1.6,65,1075,1375,130,53,2,0,17,7,6,9,38,23,55,39,21,15,3,0,12,0,0,0,0,10,0.789074074074074,0.0,4.592592592592593,0.5296296296296297,19.987037037037037,85.57037037037037,4.607407407407408,47.148148148148145,96.77592592592592,23.701851851851853,6.966666666666667,92.72222222222223,91.61111111111111,97.2537037037037,60.931481481481484,Memphis Zerrouki,25,Dutch,UEFA,Netherlands,Forward,166,71,Right,Fenerbahce,154445945,54
P00154,1840,5,5,63,15,1.65,0.3,26,567,745,56,18,8,0,14,11,6,7,28,14,49,38,30,14,5,0,10,0,0,0,0,4,0.7799999999999999,0.0,3.7203703703703703,0.43703703703703706,17.45740740740741,80.71851851851852,3.411111111111111,34.237037037037034,72.50740740740741,24.69074074074074,2.1574074074074074,67.4962962962963,62.31111111111112,70.2,54.31481481481482,Daley Gakpo,26,Dutch,UEFA,Netherlands,Forward,185,76,Left,Besiktas,27908261,54
P00155,2583,9,8,47,5,1.35,0.9400000000000001,26,510,663,57,16,7,0,18,21,8,7,55,25,39,54,34,19,6,1,9,0,0,0,0,4,0.7899999999999999,0.0,5.064814814814815,0.587037037037037,22.901851851851852,81.91111111111111,4.17962962962963,41.7537037037037,50.620370370370374,27.083333333333332,1.3462962962962963,47.05,45.87407407407407,47.54074074074074,53.670370370370364,Matthijs Blind,20,Dutch,UEFA,Netherlands,Forward,184,79,Right,Roma,5709728,54
P00156,2268,8,6,62,10,2.49,1.04,46,668,893,83,30,11,0,22,12,12,6,35,28,61,52,28,22,4,0,17,0,0,0,0,1,0.7824074074074074,0.0,4.535185185185186,0.5055555555555555,19.40740740740741,81.12407407407407,3.7203703703703703,38.23518518518518,73.95370370370371,23.19074074074074,2.9481481481481477,68.31296296296297,65.11111111111111,69.89074074074074,57.3962962962963,Virgil van Dijk,29,Dutch,UEFA,Netherlands,Forward,177,72,Right,Anderlecht,12881745,54
P00157,1281,0,0,0,0,0.0,0.0,3,239,357,5,1,6,0,0,5,24,0,31,7,17,29,22,9,3,0,1,65,3,21,1,0,0.7249019607843137,0.2223529411764706,2.335294117647059,0.2568627450980392,9.770588235294118,76.4843137254902,1.8529411764705883,19.127450980392158,9.392156862745098,56.59803921568628,0.503921568627451,46.95294117647059,30.666666666666668,47.32745098039215,53.24705882352941,Kevin Lukaku,24,Belgian,UEFA,Belgium,Goalkeeper,200,80,Right,Dinamo Zagreb,3240526,51
P00158,1182,0,0,0,0,0.0,0.0,8,228,330,8,0,3,0,0,5,19,0,16,6,26,24,3,14,9,0,2,43,5,18,1,0,0.7064705882352942,0.193921568627451,2.149019607843137,0.25098039215686274,8.631372549019607,79.43137254901961,1.8,18.71764705882353,9.745098039215685,56.741176470588236,0.5882352941176471,44.59019607843137,30.598039215686274,48.80392156862745,56.549019607843135,Romelu Courtois,31,Belgian,UEFA,Belgium,Goalkeeper,191,82,Right,Club Brugge,5831000,51
P00159,1459,0,1,0,0,0.0,0.0,4,264,377,14,2,2,0,0,5,15,0,23,5,31,20,12,14,3,0,1,61,4,29,1,0,0.724313725490196,0.27862745098039216,2.6980392156862743,0.3254901960784314,10.707843137254903,78.00392156862745,2.2098039215686276,22.266666666666666,9.876470588235295,47.627450980392155,0.5588235294117647,38.52745098039216,30.086274509803925,41.40980392156863,52.241176470588236,Eden Dendoncker,33,Belgian,UEFA,Belgium,Goalkeeper,191,77,Right,AIK,1950847,51
P00160,2254,1,2,16,0,0.19,0.19,18,1119,1399,11,1,39,0,71,61,122,28,40,32,112,282,19,12,9,0,3,0,0,0,0,0,0.8152941176470588,0.0,4.531372549019608,0.5176470588235295,22.36470588235294,83.80980392156863,4.333333333333333,44.431372549019606,36.22941176470588,74.36078431372549,3.635294117647059,68.2607843137255,28.35686274509804,70.5156862745098,55.76862745098039,Kevin Tielemans,21,Belgian,UEFA,Belgium,Defender,185,79,Right,Barcelona,7295290,51
P00161,2321,0,1,10,0,0.04,0.29,10,772,953,16,1,38,5,56,65,106,17,57,28,88,244,29,16,5,0,4,0,0,0,0,0,0.813529411764706,0.0,4.552941176470588,0.5529411764705883,22.429411764705883,82.96470588235293,4.1,41.13921568627451,24.462745098039214,52.537254901960786,1.8509803921568628,45.72941176470588,31.860784313725492,48.48823529411765,54.11960784313725,Romelu Witsel,25,Belgian,UEFA,Belgium,Defender,174,71,Right,Young Boys,1190477,51
P00162,1395,1,3,10,0,0.060000000000000005,0.21000000000000002,5,463,573,5,0,22,0,50,33,58,7,31,21,55,148,15,18,7,0,2,0,0,0,0,0,0.8256862745098039,0.0,3.0392156862745097,0.34705882352941175,15.401960784313726,78.70588235294117,2.782352941176471,28.511764705882353,24.23921568627451,50.96078431372549,1.0784313725490196,43.8686274509804,32.50588235294118,50.068627450980394,51.733333333333334,Eden Castagne,28,Belgian,UEFA,Belgium,Defender,186,76,Right,Fenerbahce,4976124,51
P00163,1626,0,1,10,0,0.04,0.33,15,1051,1302,7,0,28,2,51,53,71,27,50,21,108,202,16,11,11,0,1,0,0,0,0,0,0.8227450980392157,0.0,3.427450980392157,0.39215686274509803,16.662745098039213,81.00392156862745,3.411764705882353,34.44509803921569,46.064705882352946,91.27254901960784,4.429411764705883,83.42745098039217,30.06470588235294,88.00196078431374,56.845098039215685,Thibaut Vertonghen,36,Belgian,UEFA,Belgium,Defender,183,78,Right,Grasshoppers,73113273,51
P00164,1526,0,0,13,1,0.01,0.2,5,796,973,6,0,26,2,58,52,74,22,38,23,95,206,18,13,8,0,0,0,0,0,0,0,0.8319607843137254,0.0,3.0941176470588236,0.35294117647058826,15.750980392156862,81.72549019607843,2.9549019607843134,30.221568627450978,35.85098039215686,75.02745098039216,2.5450980392156866,68.59803921568627,30.47843137254902,70.44313725490196,56.23725490196078,Youri Chadli,26,Belgian,UEFA,Belgium,Defender,180,72,Right,Fenerbahce,10426561,51
P00165,1936,3,2,6,0,0.32,0.07,9,670,829,9,2,38,0,73,47,86,23,58,25,91,229,18,16,8,0,5,0,0,0,0,1,0.8364705882352942,0.0,4.145098039215687,0.4725490196078432,20.623529411764704,82.30784313725489,3.6901960784313723,37.41960784313726,25.449019607843137,52.3235294117647,1.6764705882352942,46.83725490196078,30.047058823529415,46.48431372549019,56.27647058823529,Leander Doku,28,Belgian,UEFA,Belgium,Defender,184,82,Right,Legia Warsaw,7987412,51
P00166,1809,0,1,12,1,0.05,0.13,8,600,764,9,0,25,0,61,56,96,25,37,27,79,238,15,17,8,1,6,0,0,0,0,0,0.8050980392156863,0.0,3.8705882352941177,0.42352941176470593,17.86078431372549,83.10000000000001,3.3274509803921566,33.372549019607845,25.080392156862743,51.48627450980393,1.503921568627451,44.62352941176471,29.545098039215684,48.36666666666666,57.82156862745098,Axel Bakayoko,28,Belgian,UEFA,Belgium,Defender,187,76,Left,Borussia Dortmund,6895019,51
P00167,2268,1,0,17,0,0.01,0.08,10,776,966,14,2,29,0,81,56,105,20,65,31,67,262,30,9,5,0,4,0,0,0,0,0,0.8115686274509804,0.0,4.952941176470588,0.6019607843137255,22.827450980392157,82.03529411764707,3.9078431372549023,39.523529411764706,23.876470588235296,52.53137254901961,1.6901960784313725,45.588235294117645,30.970588235294116,49.596078431372554,53.643137254901966,Thomas Openda,35,Belgian,UEFA,Belgium,Defender,189,79,Right,Lech Poznan,8461925,51
P00168,2048,1,1,17,0,0.02,0.55,14,969,1228,7,2,40,3,80,58,85,19,54,38,114,242,20,13,5,0,3,0,0,0,0,0,0.8101960784313725,0.0,4.103921568627451,0.47058823529411764,20.54901960784314,84.3313725490196,4.109803921568627,42.21568627450981,37.141176470588235,75.7,3.3450980392156864,63.6843137254902,28.46470588235294,69.9843137254902,57.817647058823525,Jason Theate,29,Belgian,UEFA,Belgium,Defender,191,79,Right,Napoli,35400817,51
P00169,2088,4,0,15,0,0.46,1.82,21,712,862,28,4,35,1,44,37,21,8,33,21,52,110,20,15,4,0,1,0,0,0,0,1,0.8496078431372549,0.0,4.962745098039216,0.5490196078431373,21.676470588235293,83.15294117647059,4.0588235294117645,40.6843137254902,35.11176470588235,33.2686274509804,1.4666666666666666,40.04117647058823,38.2,43.364705882352936,50.88039215686275,Kevin Casteels,21,Belgian,UEFA,Belgium,Midfielder,176,75,Right,AC Milan,8794267,51
P00170,1735,2,9,42,5,1.43,3.25,47,1723,2069,72,26,34,1,44,31,23,16,26,14,119,114,16,22,3,0,5,0,0,0,0,0,0.847843137254902,0.0,4.294117647058823,0.49215686274509807,18.596078431372547,83.6470588235294,4.196078431372549,42.88235294117647,91.31764705882352,76.93137254901961,9.376470588235295,95.16470588235293,91.22156862745098,96.81960784313726,58.78235294117647,Romelu Onana,20,Belgian,UEFA,Belgium,Midfielder,184,75,Right,Brondby,200000000,51
P00171,2060,7,2,24,2,0.6900000000000001,1.6300000000000001,50,1246,1475,47,12,35,2,59,29,24,11,40,20,100,123,29,25,5,0,2,0,0,0,0,3,0.8413725490196078,0.0,4.76078431372549,0.5666666666666668,20.49607843137255,83.74509803921569,3.8862745098039215,39.63333333333333,61.25098039215687,55.46862745098039,4.456862745098039,64.61372549019609,68.11960784313726,68.89019607843137,56.339215686274514,Eden De Ketelaere,20,Belgian,UEFA,Belgium,Midfielder,177,73,Left,Club Brugge,17884377,51
P00172,1885,2,6,30,2,0.98,1.76,44,1185,1419,34,6,23,0,38,38,16,7,38,16,82,99,18,16,2,0,1,0,0,0,0,6,0.8490196078431372,0.0,4.086274509803921,0.47647058823529415,18.36470588235294,83.6686274509804,3.6372549019607843,36.18627450980392,59.205882352941174,55.794117647058826,4.027450980392157,68.22745098039215,64.37843137254902,71.50784313725491,54.12352941176471,Thibaut Faes,21,Belgian,UEFA,Belgium,Midfielder,171,72,Right,Copenhagen,25320120,51
P00173,2102,3,5,24,1,2.82,1.17,57,1202,1461,41,11,31,0,46,44,26,14,36,17,92,130,28,16,4,0,1,0,0,0,0,1,0.8415686274509804,0.0,4.868627450980393,0.5803921568627451,21.501960784313724,85.34705882352941,4.3960784313725485,44.37647058823529,61.26862745098039,56.42549019607843,4.415686274509803,63.23137254901961,62.20980392156862,70.19803921568628,59.65294117647059,Youri Saelemaekers,19,Belgian,UEFA,Belgium,Midfielder,176,76,Right,Galatasaray,16406662,51
P00174,1347,0,2,21,2,0.36,1.19,30,828,980,29,7,23,1,31,20,14,6,20,15,50,71,19,8,6,0,4,0,0,0,0,2,0.8517647058823529,0.0,3.0843137254901962,0.3431372549019608,15.347058823529412,79.16078431372549,2.9843137254901957,30.55294117647059,59.43333333333333,55.54313725490196,2.8156862745098037,66.50196078431372,63.92549019607843,70.05294117647058,58.9156862745098,Leander Vanheusden,24,Belgian,UEFA,Belgium,Midfielder,182,75,Right,Lech Poznan,30030290,51
P00175,1899,1,3,32,5,0.86,2.54,35,1122,1338,41,12,33,2,50,39,21,11,25,19,93,121,26,14,4,0,2,0,0,0,0,1,0.8533333333333334,0.0,4.6568627450980395,0.5372549019607843,20.24705882352941,80.48039215686275,3.9725490196078432,39.20196078431373,61.15098039215686,53.69803921568627,3.8764705882352946,66.59019607843138,63.29803921568627,68.27450980392157,57.135294117647064,Axel Lammens,25,Belgian,UEFA,Belgium,Midfielder,184,78,Right,RB Salzburg,12462735,51
P00176,2200,3,4,35,4,2.44,2.48,49,1254,1522,51,16,35,1,58,34,24,9,27,11,103,125,27,20,3,0,3,0,0,0,0,4,0.8366666666666667,0.0,5.019607843137255,0.596078431372549,21.452941176470585,82.75686274509805,4.2,42.79019607843138,62.52549019607844,55.199999999999996,4.701960784313726,67.63333333333334,66.84117647058824,69.87450980392157,56.31372549019608,Thomas Lukaku,21,Belgian,UEFA,Belgium,Midfielder,180,76,Right,Red Star Belgrade,14362602,51
P00177,2076,10,4,101,25,3.48,2.37,62,932,1263,125,48,10,0,23,11,4,7,31,13,78,45,23,19,5,0,11,0,0,0,0,2,0.768235294117647,0.0,4.341176470588235,0.5176470588235293,19.83529411764706,85.86666666666666,4.41764705882353,45.15098039215686,97.19019607843137,23.03529411764706,6.7823529411764705,94.47843137254901,92.41960784313724,97.57058823529412,59.8078431372549,Kevin Saelemaekers,32,Belgian,UEFA,Belgium,Forward,188,74,Right,Manchester City,68271723,51
P00178,1729,10,1,73,14,4.3,0.69,50,667,859,71,28,5,0,12,10,6,3,33,14,54,31,16,19,4,0,4,0,0,0,0,5,0.7774509803921569,0.0,3.6666666666666665,0.43333333333333335,21.221568627450978,83.53529411764707,4.482352941176471,45.778431372549015,87.78823529411764,26.205882352941178,4.027450980392157,83.50980392156863,84.48235294117647,89.80784313725489,58.411764705882355,Romelu Vanheusden,26,Belgian,UEFA,Belgium,Forward,171,74,Right,Roma,39061788,51
P00179,1786,3,5,31,2,1.46,0.99,23,344,462,47,17,6,0,17,6,10,9,36,10,23,42,25,23,6,1,7,0,0,0,0,1,0.7723529411764706,0.0,3.992156862745098,0.4686274509803921,16.0921568627451,78.62745098039215,2.876470588235294,29.705882352941178,51.94705882352942,23.46470588235294,1.0705882352941176,47.34901960784314,44.482352941176465,49.20980392156862,54.101960784313725,Eden Lammens,20,Belgian,UEFA,Belgium,Forward,169,66,Right,AIK,10963868,51
P00180,1785,7,7,53,7,1.89,1.58,37,522,696,56,20,5,0,13,5,2,5,38,20,51,25,23,12,4,0,10,0,0,0,0,5,0.7749019607843138,0.0,3.6941176470588237,0.42549019607843136,19.03529411764706,83.68235294117648,3.9235294117647057,39.8921568627451,73.35490196078432,25.51764705882353,2.403921568627451,68.27254901960785,64.26470588235294,70.82549019607843,58.643137254901966,Thibaut Lukaku,26,Belgian,UEFA,Belgium,Forward,185,76,Left,Bayer Leverkusen,18402631,51
P00181,2356,6,6,76,16,3.96,1.21,29,663,879,70,21,13,0,17,9,4,4,43,26,55,34,32,24,3,0,16,0,0,0,0,3,0.776078431372549,0.0,5.029411764705882,0.5862745098039216,23.780392156862746,82.1686274509804,4.52156862745098,45.52549019607844,72.93137254901961,27.35686274509804,2.680392156862745,65.54901960784314,64.06078431372549,69.6078431372549,56.766666666666666,Youri Courtois,25,Belgian,UEFA,Belgium,Forward,172,71,Right,Manchester United,22523673,51
P00182,1489,2,2,27,1,1.54,0.5,26,314,411,37,12,8,0,13,3,2,3,28,15,31,21,18,8,6,0,10,0,0,0,0,0,0.7988235294117647,0.0,3.3137254901960786,0.36666666666666664,18.53921568627451,81.34705882352941,3.43921568627451,34.515686274509804,50.549019607843135,24.39411764705882,1.0607843137254902,45.51960784313726,45.05294117647058,49.22352941176471,54.17450980392157,Leander Dendoncker,24,Belgian,UEFA,Belgium,Forward,164,65,Right,Feyenoord,7717372,51
P00183,1039,0,0,0,0,0.0,0.0,5,233,327,4,0,4,0,0,5,14,0,19,2,26,19,19,8,1,0,1,51,2,19,0,0,0.7337209302325581,0.1988372093023256,2.1744186046511627,0.23255813953488372,8.934883720930232,77.6767441860465,1.8325581395348836,19.111627906976743,10.034883720930232,55.86744186046512,0.7023255813953488,45.8046511627907,30.86046511627907,48.76744186046512,54.5953488372093,Cristiano Fernandes,33,Portuguese,UEFA,Portugal,Goalkeeper,185,79,Left,Real Madrid,1771637,43
P00184,991,0,0,0,0,0.0,0.0,2,195,287,8,0,0,0,0,7,19,0,15,4,21,26,11,15,4,0,1,43,4,13,3,0,0.7134883720930233,0.24000000000000002,2.2651162790697676,0.2558139534883721,10.062790697674417,79.8093023255814,2.025581395348837,20.78372093023256,9.544186046511628,56.56976744186046,0.4813953488372093,45.83255813953488,29.820930232558137,49.03023255813954,55.02093023255814,Bruno Leao,27,Portuguese,UEFA,Portugal,Goalkeeper,187,78,Right,Benfica,2960076,43
P00185,1180,0,1,0,0,0.0,0.0,6,220,306,5,1,5,0,0,9,13,0,17,2,27,22,13,7,5,0,3,40,3,20,0,0,0.7323255813953488,0.25,2.413953488372093,0.26046511627906976,10.255813953488373,77.33255813953488,2.032558139534884,21.065116279069766,10.676744186046513,48.295348837209296,0.5534883720930233,38.92790697674419,27.953488372093023,43.16046511627907,51.04651162790697,Bernardo Felix,27,Portuguese,UEFA,Portugal,Goalkeeper,190,80,Right,Napoli,2503679,43
P00186,1972,0,0,9,0,0.04,0.21,5,594,755,12,0,32,2,62,56,80,16,54,24,78,214,19,21,4,0,1,0,0,0,0,0,0.820232558139535,0.0,4.790697674418604,0.5627906976744186,23.690697674418605,83.56511627906977,4.241860465116279,42.21860465116279,21.090697674418603,45.03488372093023,1.4488372093023256,40.06279069767442,30.75581395348837,43.334883720930236,52.44883720930233,Cristiano Jota,29,Portuguese,UEFA,Portugal,Defender,188,73,Right,Bayern Munich,4808302,43
P00187,2045,0,1,13,1,0.2,0.37,15,1021,1266,14,2,32,1,65,63,101,22,53,29,100,251,26,12,7,1,1,0,0,0,0,1,0.830232558139535,0.0,4.955813953488372,0.5883720930232559,20.488372093023255,83.86744186046512,3.9906976744186045,40.36511627906977,34.23488372093023,75.47209302325582,3.8813953488372093,66.32558139534883,31.348837209302324,70.33488372093024,56.24883720930232,Bruno Cancelo,25,Portuguese,UEFA,Portugal,Defender,185,75,Right,Partizan,10191506,43
P00188,1497,2,0,7,0,0.05,0.1,15,696,881,11,1,32,1,52,50,63,15,35,22,93,180,23,17,3,0,0,0,0,0,0,1,0.8104651162790698,0.0,3.974418604651163,0.46279069767441855,18.295348837209303,81.73255813953489,3.544186046511628,36.48372093023256,33.730232558139534,74.27906976744185,3.0046511627906973,67.72325581395349,28.28837209302326,70.15348837209302,57.09767441860465,Bernardo Santos,31,Portuguese,UEFA,Portugal,Defender,186,80,Right,Liverpool,16487542,43
P00189,1453,1,2,6,0,0.12000000000000001,0.18,7,673,842,11,0,19,0,43,48,75,20,37,18,86,186,11,10,6,0,2,0,0,0,0,1,0.8123255813953488,0.0,3.7139534883720926,0.4162790697674419,19.674418604651162,82.55116279069767,3.8186046511627905,38.55348837209302,31.3,75.0,2.7069767441860466,62.16046511627907,31.53720930232558,66.47209302325582,56.004651162790694,Rafael Guedes,30,Portuguese,UEFA,Portugal,Defender,177,77,Right,Tottenham,5777023,43
P00190,1448,0,1,8,1,0.14,0.3,7,489,607,15,1,31,1,59,43,57,16,35,23,49,175,11,17,4,0,1,0,0,0,0,0,0.8267441860465116,0.0,3.613953488372093,0.4255813953488372,19.044186046511626,80.92325581395349,3.4651162790697674,35.372093023255815,25.106976744186046,54.116279069767444,1.2744186046511627,46.358139534883726,28.513953488372092,49.57441860465116,52.03488372093023,Diogo Semedo,23,Portuguese,UEFA,Portugal,Defender,173,70,Right,Benfica,2064213,43
P00191,1691,2,1,9,0,0.02,0.07,10,567,688,13,1,31,1,59,49,77,19,49,28,77,204,34,13,4,0,1,0,0,0,0,1,0.8353488372093024,0.0,4.148837209302326,0.4697674418604651,22.683720930232557,83.16976744186047,4.0,41.0,23.827906976744185,51.61860465116279,1.7069767441860466,45.53023255813953,30.64883720930233,48.52558139534884,53.92558139534884,Joao Neves,28,Portuguese,UEFA,Portugal,Defender,178,74,Right,RB Leipzig,8993563,43
P00192,1638,1,1,14,1,0.06,0.27,11,809,1002,9,0,31,2,54,40,81,16,49,24,85,191,16,9,8,0,3,0,0,0,0,0,0.8262790697674419,0.0,4.232558139534884,0.5093023255813953,17.77906976744186,80.54418604651163,3.434883720930232,34.94418604651163,35.1,74.13255813953488,3.2023255813953484,65.82790697674419,30.769767441860463,68.35116279069767,53.593023255813954,Pedro Neto,25,Portuguese,UEFA,Portugal,Defender,183,73,Right,Red Star Belgrade,5576206,43
P00193,1490,0,0,9,0,0.05,0.0,11,767,927,15,1,25,1,44,47,65,10,44,24,96,166,17,13,6,0,2,0,0,0,0,0,0.8353488372093024,0.0,3.5697674418604652,0.4255813953488372,21.30697674418605,83.22325581395349,4.018604651162791,40.93720930232558,34.22093023255814,75.29767441860466,3.127906976744186,65.29302325581395,27.027906976744188,72.13488372093023,60.79302325581395,Ruben Inacio,18,Portuguese,UEFA,Portugal,Defender,181,80,Right,Malmo FF,14118323,43
P00194,2141,0,2,5,0,0.01,0.59,31,1664,2050,9,0,36,2,67,65,92,24,61,38,177,248,27,17,3,1,5,0,0,0,0,4,0.8213953488372093,0.0,5.286046511627907,0.6488372093023256,25.06744186046512,84.86511627906977,5.706976744186047,57.60232558139535,55.43023255813954,98.13255813953488,10.355813953488372,89.66046511627907,29.223255813953486,97.84651162790696,63.58837209302326,Pepe Carvalho,30,Portuguese,UEFA,Portugal,Defender,185,78,Right,Ajax,58151286,43
P00195,1283,2,5,17,0,0.68,1.1,27,804,956,18,4,26,2,35,28,21,6,13,10,57,90,17,8,2,1,4,0,0,0,0,3,0.8493023255813954,0.0,3.597674418604651,0.3790697674418605,15.620930232558141,78.64186046511628,3.1023255813953488,32.05348837209302,59.13255813953488,53.51395348837209,3.2604651162790694,64.4860465116279,63.39767441860465,70.96046511627907,61.283720930232555,Cristiano Palhinha,24,Portuguese,UEFA,Portugal,Midfielder,176,75,Right,Dinamo Zagreb,48500492,43
P00196,1650,2,2,11,0,0.44,0.63,23,586,713,15,2,22,0,37,29,13,4,29,14,52,83,21,17,1,0,1,0,0,0,0,1,0.8376744186046512,0.0,4.641860465116279,0.555813953488372,20.504651162790697,81.09302325581395,3.7418604651162792,38.17209302325582,35.9046511627907,34.009302325581395,1.4744186046511627,40.097674418604655,41.58139534883721,41.23488372093023,55.30232558139535,Bruno Vitinha,18,Portuguese,UEFA,Portugal,Midfielder,180,80,Right,Paris Saint-Germain,7359408,43
P00197,1606,0,1,13,2,0.41000000000000003,0.9099999999999999,18,529,647,26,7,21,0,40,30,14,7,29,12,44,91,20,14,3,1,1,0,0,0,0,0,0.8448837209302326,0.0,4.344186046511628,0.5162790697674419,18.24186046511628,82.1906976744186,3.262790697674419,32.753488372093024,35.51162790697674,31.732558139534884,1.3348837209302324,39.38604651162791,40.395348837209305,41.97441860465116,52.75581395348837,Bernardo Conceicao,21,Portuguese,UEFA,Portugal,Midfielder,179,76,Right,Lech Poznan,6091234,43
P00198,922,2,4,18,4,0.38,1.69,28,727,877,25,8,18,0,24,8,17,3,22,10,52,52,10,9,4,0,0,0,0,0,0,4,0.8467441860465117,0.0,2.6186046511627907,0.3372093023255814,14.51860465116279,82.22325581395349,3.03953488372093,31.3,76.22558139534884,67.67441860465117,3.8813953488372093,82.56511627906977,84.16744186046512,88.0813953488372,59.35348837209302,Rafael Antonio,25,Portuguese,UEFA,Portugal,Midfielder,182,77,Right,Chelsea,12812523,43
P00199,1561,0,3,11,0,0.52,0.8,29,683,817,28,7,17,0,49,20,24,12,19,14,43,105,11,14,3,0,1,0,0,0,0,1,0.853953488372093,0.0,4.258139534883721,0.4813953488372093,16.969767441860466,79.80232558139535,3.274418604651163,33.44186046511628,44.88837209302326,37.44186046511628,1.9720930232558138,46.03953488372093,45.574418604651164,48.79767441860466,50.3046511627907,Diogo Eustaquio,26,Portuguese,UEFA,Portugal,Midfielder,179,73,Right,Lech Poznan,3589408,43
P00200,2017,2,2,25,0,0.54,1.02,33,734,892,36,9,29,2,47,35,20,8,30,13,48,110,19,12,3,0,3,0,0,0,0,2,0.8409302325581395,0.0,5.683720930232559,0.6651162790697674,23.565116279069766,79.37674418604651,4.437209302325582,44.074418604651164,37.22558139534884,34.38837209302326,1.8813953488372095,39.46046511627907,38.96976744186047,41.1,53.562790697674416,Joao Taremi,21,Portuguese,UEFA,Portugal,Midfielder,175,71,Left,RB Salzburg,7821685,43
P00201,1502,3,0,15,0,0.36,1.09,17,660,785,20,4,33,3,43,25,17,10,31,14,54,95,10,17,3,0,2,0,0,0,0,0,0.85,0.0,4.234883720930233,0.4883720930232558,19.08604651162791,78.93255813953488,3.4372093023255816,34.56279069767442,42.43720930232558,37.34418604651162,1.8209302325581396,46.104651162790695,45.776744186046514,49.84651162790698,51.68604651162791,Pedro Pepe,26,Portuguese,UEFA,Portugal,Midfielder,175,80,Right,Brondby,2692654,43
P00202,1938,1,4,17,0,0.43,1.21,29,699,838,32,8,34,1,47,35,24,11,31,15,54,117,29,12,4,1,3,0,0,0,0,1,0.8483720930232558,0.0,5.462790697674419,0.6348837209302326,23.113953488372093,81.3232558139535,4.427906976744186,45.28139534883721,37.12093023255814,32.83720930232558,1.827906976744186,40.0,39.26744186046512,42.34418604651162,53.62325581395349,Ruben Fernandes,35,Portuguese,UEFA,Portugal,Midfielder,169,69,Right,Borussia Dortmund,3128482,43
P00203,1519,8,7,31,6,2.07,1.01,28,461,611,45,19,7,0,14,5,9,2,27,14,30,30,10,9,3,0,9,0,0,0,0,9,0.7746511627906977,0.0,3.7069767441860466,0.4418604651162791,19.900000000000002,84.60232558139535,3.813953488372093,39.26744186046512,70.87441860465115,23.037209302325582,2.2906976744186047,66.34651162790698,68.27674418604651,66.15348837209302,58.079069767441865,Cristiano Eustaquio,23,Portuguese,UEFA,Portugal,Forward,170,71,Left,Brondby,65380655,43
P00204,1520,3,2,32,4,1.1400000000000001,0.3,26,313,416,33,11,4,0,15,7,7,1,28,20,29,30,14,15,4,0,6,0,0,0,0,0,0.7753488372093024,0.0,3.993023255813953,0.4604651162790698,20.483720930232558,79.35116279069767,3.627906976744186,36.47906976744186,51.141860465116274,24.21627906976744,1.2255813953488373,44.367441860465114,44.40930232558139,48.60697674418604,52.71395348837209,Bruno Taremi,23,Portuguese,UEFA,Portugal,Forward,190,84,Right,Club Brugge,4881717,43
P00205,1642,12,1,49,12,2.73,1.1,44,592,769,64,25,8,0,15,10,7,3,27,8,45,35,21,18,3,0,12,0,0,0,0,2,0.7899999999999999,0.0,4.076744186046512,0.47441860465116276,20.090697674418603,81.71395348837208,4.2627906976744185,42.79767441860465,86.77674418604651,24.106976744186046,4.16046511627907,83.93720930232558,79.56046511627906,90.34883720930233,59.63023255813953,Bernardo Pepe,27,Portuguese,UEFA,Portugal,Forward,175,68,Right,Rapid Vienna,66267245,43
P00206,1458,2,3,28,3,2.35,0.43,21,295,391,28,8,8,0,10,8,7,3,21,11,24,28,14,9,3,0,6,0,0,0,0,0,0.7711627906976743,0.0,3.7279069767441864,0.42093023255813955,15.758139534883721,81.43488372093023,2.9232558139534883,29.530232558139534,51.61860465116279,25.76046511627907,1.0744186046511628,45.39302325581396,47.6,48.495348837209306,50.776744186046514,Rafael Fernandes,19,Portuguese,UEFA,Portugal,Forward,188,74,Right,Chelsea,3256459,43
P00207,1528,7,5,46,6,1.4,0.3,31,452,594,49,20,7,0,15,6,8,2,22,4,41,31,21,13,4,0,7,0,0,0,0,3,0.7837209302325582,0.0,3.788372093023256,0.4558139534883721,21.232558139534884,83.43255813953488,4.153488372093023,41.64418604651163,70.03488372093024,24.400000000000002,2.4930232558139536,65.86279069767441,62.71395348837209,69.25581395348837,57.90930232558139,Diogo Leao,26,Portuguese,UEFA,Portugal,Forward,169,71,Right,Atletico Madrid,27306813,43
P00208,1550,10,6,59,12,2.6100000000000003,1.53,38,609,780,65,27,3,0,13,5,5,6,30,18,48,29,17,22,3,0,5,0,0,0,0,5,0.7972093023255814,0.0,3.809302325581396,0.41627906976744183,19.072093023255814,86.16976744186047,4.053488372093024,41.174418604651166,87.44651162790697,25.811627906976746,4.248837209302326,87.71860465116279,84.04651162790698,90.9186046511628,57.45581395348837,Joao Felix,25,Portuguese,UEFA,Portugal,Forward,175,67,Right,Midtjylland,36508991,43
P00209,1436,0,2,0,0,0.0,0.0,5,264,386,7,1,7,0,0,5,19,0,22,6,29,24,10,14,4,1,0,48,4,27,2,0,0.7244897959183674,0.26387755102040816,2.7408163265306125,0.3285714285714286,10.812244897959182,76.31224489795918,2.1489795918367345,22.332653061224487,9.534693877551021,48.78163265306123,0.5959183673469388,38.21836734693878,28.993877551020407,41.63673469387755,55.23061224489796,Luka Kovacic,34,Croatian,UEFA,Croatia,Goalkeeper,192,79,Right,Juventus,1103256,49
P00210,1717,0,2,0,0,0.0,0.0,9,295,449,13,1,10,0,0,14,25,0,33,6,37,39,20,10,1,1,0,65,4,34,3,3,0.7083673469387756,0.30428571428571427,3.2408163265306125,0.39183673469387753,13.718367346938777,82.46326530612245,3.438775510204082,34.922448979591834,9.020408163265307,99.0,1.885714285714286,95.48163265306123,29.693877551020407,96.37346938775511,58.15918367346939,Mateo Brozovic,20,Croatian,UEFA,Croatia,Goalkeeper,188,76,Right,Roma,74193816,49
P00211,594,0,0,0,0,0.0,0.0,2,91,138,6,0,1,0,0,4,4,0,12,0,14,8,6,7,3,1,3,22,3,9,2,0,0.7218367346938775,0.11673469387755102,1.1020408163265305,0.12653061224489795,4.875510204081633,78.29183673469389,0.963265306122449,10.679591836734692,8.983673469387755,56.34897959183673,0.2489795918367347,44.224489795918366,29.971428571428568,48.275510204081634,55.77755102040816,Ivan Kramaric,29,Croatian,UEFA,Croatia,Goalkeeper,188,79,Left,Copenhagen,2779795,49
P00212,2397,0,2,21,0,0.22,0.9299999999999999,18,1545,1879,13,0,41,3,102,65,109,26,56,40,144,302,31,15,3,1,1,0,0,0,0,1,0.8269387755102041,0.0,4.9918367346938775,0.5591836734693877,20.716326530612246,83.40816326530613,4.353061224489796,43.84285714285715,45.97551020408164,92.12244897959184,6.626530612244898,85.9673469387755,28.659183673469386,87.42653061224489,59.66326530612245,Luka Vlasic,25,Croatian,UEFA,Croatia,Defender,181,72,Right,Bayer Leverkusen,13905350,49
P00213,1757,1,0,9,0,0.13,0.44,9,846,1064,7,0,31,1,76,51,101,13,45,27,95,241,22,21,3,0,0,0,0,0,0,0,0.8095918367346939,0.0,3.777551020408163,0.436734693877551,19.23265306122449,81.13673469387754,3.830612244897959,38.8469387755102,35.385714285714286,76.79183673469389,2.86734693877551,65.18979591836735,29.259183673469387,70.04081632653062,55.304081632653066,Mateo Pasalic,24,Croatian,UEFA,Croatia,Defender,188,80,Right,Red Star Belgrade,9204134,49
P00214,1828,0,2,13,0,0.0,0.1,11,906,1151,9,0,35,1,66,51,73,26,54,35,86,216,21,19,4,1,2,0,0,0,0,0,0.820204081632653,0.0,4.157142857142857,0.47959183673469385,21.40408163265306,86.58571428571429,3.9857142857142858,40.179591836734694,33.57551020408163,74.5204081632653,3.026530612244898,64.84897959183674,27.924489795918365,73.48367346938775,57.357142857142854,Ivan Gvardiol,18,Croatian,UEFA,Croatia,Defender,184,83,Right,Lech Poznan,16864918,49
P00215,2027,3,1,10,0,0.060000000000000005,0.08,7,600,754,11,1,40,2,70,58,96,18,51,27,72,242,29,19,4,0,2,0,0,0,0,0,0.8271428571428572,0.0,4.453061224489796,0.5102040816326531,21.516326530612243,80.06530612244897,3.806122448979592,38.53673469387755,20.606122448979594,45.86938775510204,1.2346938775510203,37.9265306122449,30.520408163265305,43.406122448979595,55.21224489795919,Marcelo Lovren,29,Croatian,UEFA,Croatia,Defender,186,76,Right,Barcelona,2665615,49
P00216,1910,0,0,6,0,0.1,0.1,14,1282,1574,9,0,32,1,47,58,82,25,58,27,145,212,16,22,2,0,1,0,0,0,0,0,0.8293877551020409,0.0,4.197959183673469,0.4877551020408163,18.442857142857143,83.64897959183673,3.8734693877551023,38.47551020408163,46.210204081632654,90.15306122448979,5.704081632653061,86.92244897959183,29.322448979591837,89.90816326530613,57.214285714285715,Josko Bradaric,29,Croatian,UEFA,Croatia,Defender,184,75,Right,FC Basel,111698546,49
P00217,1884,0,6,13,0,0.03,0.07,10,954,1178,15,2,26,1,53,45,81,23,54,30,103,202,21,27,6,0,1,0,0,0,0,1,0.8240816326530612,0.0,4.085714285714285,0.4653061224489796,20.855102040816327,82.28775510204082,4.108163265306123,41.92040816326531,37.0734693877551,73.15306122448979,3.142857142857143,64.86734693877551,29.979591836734695,70.7265306122449,57.12244897959184,Dominik Juranovic,32,Croatian,UEFA,Croatia,Defender,186,78,Right,Anderlecht,6227584,49
P00218,1327,1,0,16,1,0.22,0.13,5,434,536,8,1,17,0,44,33,55,11,37,19,49,143,18,10,8,0,4,0,0,0,0,0,0.8120408163265306,0.0,2.789795918367347,0.336734693877551,16.410204081632653,82.10408163265306,2.9918367346938775,30.202040816326534,24.63469387755102,51.58775510204082,1.0142857142857142,45.304081632653066,28.248979591836736,48.41836734693877,51.534693877551014,Andrej Sutalo,26,Croatian,UEFA,Croatia,Defender,178,70,Right,Arsenal,4072876,49
P00219,1092,0,0,13,0,0.09,0.36,8,301,388,4,0,14,1,39,25,39,11,25,10,30,114,15,11,7,0,1,0,0,0,0,0,0.8177551020408164,0.0,2.4306122448979592,0.3020408163265306,16.273469387755103,79.55918367346939,2.9020408163265303,29.416326530612245,20.193877551020407,44.98979591836735,0.6571428571428573,40.51632653061225,26.863265306122447,41.61224489795919,52.01428571428571,Mario Ivanusec,19,Croatian,UEFA,Croatia,Defender,180,66,Right,Bayern Munich,3473792,49
P00220,2346,0,1,15,0,0.11,0.98,27,1833,2269,13,0,39,0,84,87,119,33,70,34,208,323,29,23,9,0,1,0,0,0,0,0,0.8097959183673469,0.0,5.13265306122449,0.6040816326530613,23.320408163265306,86.09795918367347,5.130612244897959,51.18163265306123,58.54489795918367,98.56122448979592,10.33673469387755,95.15510204081633,30.577551020408162,97.89795918367346,57.65714285714285,Ante Budimir,27,Croatian,UEFA,Croatia,Defender,182,72,Right,Copenhagen,27467875,49
P00221,2056,1,4,31,5,0.56,1.55,50,1279,1521,38,8,32,1,50,35,26,15,32,18,92,126,23,18,3,1,3,0,0,0,0,0,0.8514285714285714,0.0,5.046938775510204,0.5612244897959183,22.43469387755102,85.02448979591837,4.457142857142857,44.73673469387755,59.804081632653066,56.41224489795918,4.559183673469388,67.13469387755102,64.70204081632653,69.83469387755102,55.96122448979592,Luka Barisic,26,Croatian,UEFA,Croatia,Midfielder,177,72,Right,Grasshoppers,12894686,49
P00222,1772,0,4,17,1,1.31,1.31,32,1094,1308,45,13,33,1,44,33,16,13,24,19,74,106,17,18,2,0,3,0,0,0,0,0,0.8491836734693877,0.0,4.259183673469387,0.5081632653061225,20.351020408163265,85.16122448979591,3.9244897959183676,39.748979591836736,58.18163265306123,56.795918367346935,3.5408163265306123,67.37142857142857,67.59387755102041,70.74081632653062,54.50816326530612,Mateo Stanisic,19,Croatian,UEFA,Croatia,Midfielder,183,78,Right,Red Star Belgrade,47105569,49
P00223,1945,2,1,17,1,0.7999999999999999,1.54,21,712,848,34,8,36,0,41,25,18,12,32,20,59,96,14,15,5,0,3,0,0,0,0,0,0.8540816326530613,0.0,4.691836734693878,0.5306122448979592,21.72244897959184,81.04693877551021,3.989795918367347,39.83673469387755,36.02040816326531,33.304081632653066,1.5142857142857142,38.92448979591837,38.279591836734696,41.71632653061224,51.27142857142857,Ivan Erlic,20,Croatian,UEFA,Croatia,Midfielder,177,70,Left,Red Star Belgrade,2030836,49
P00224,1697,3,3,22,2,0.77,1.28,26,1065,1266,30,7,30,2,41,32,18,8,25,20,84,99,20,5,5,0,5,0,0,0,0,1,0.8436734693877552,0.0,4.0653061224489795,0.4612244897959184,17.369387755102043,78.8265306122449,3.395918367346939,34.334693877551025,59.57551020408163,51.92448979591837,3.6612244897959183,64.83265306122449,67.7530612244898,68.06530612244897,56.12244897959184,Marcelo Petkovic,25,Croatian,UEFA,Croatia,Midfielder,173,73,Right,RB Salzburg,29721743,49
P00225,1898,1,1,16,1,0.7200000000000001,0.42,30,739,907,27,6,35,2,48,44,14,8,25,23,62,114,23,11,3,1,3,0,0,0,0,0,0.8481632653061225,0.0,4.5653061224489795,0.5244897959183673,19.616326530612245,83.16938775510205,3.4530612244897956,35.189795918367345,41.5,36.76326530612245,2.0428571428571427,45.54081632653061,44.614285714285714,50.03061224489796,54.51428571428571,Josko Musah,29,Croatian,UEFA,Croatia,Midfielder,176,70,Right,Young Boys,6461488,49
P00226,1667,1,4,21,0,0.55,1.05,33,1038,1202,36,9,13,0,42,29,19,8,25,13,68,98,19,17,2,0,1,0,0,0,0,2,0.8579591836734693,0.0,3.9489795918367347,0.43061224489795924,17.957142857142856,81.09795918367347,3.520408163265306,35.66326530612245,61.79183673469388,56.11632653061224,3.6979591836734693,65.7204081632653,61.81020408163265,67.78979591836735,56.679591836734694,Dominik Kljulanovic,26,Croatian,UEFA,Croatia,Midfielder,174,76,Right,Benfica,13856929,49
P00227,1855,6,8,33,3,1.28,2.44,60,1451,1738,53,16,38,3,39,31,23,8,37,13,107,101,13,12,2,0,1,0,0,0,0,1,0.85,0.0,4.461224489795918,0.48775510204081635,19.65714285714286,85.69795918367346,4.075510204081633,41.300000000000004,73.30204081632654,66.05918367346939,6.842857142857143,81.40408163265306,87.07755102040817,88.95102040816327,58.81428571428572,Andrej Bajkovic,24,Croatian,UEFA,Croatia,Midfielder,181,79,Right,Dinamo Zagreb,52215871,49
P00228,1653,3,3,26,3,0.49,2.48,38,961,1170,40,13,22,1,39,19,21,12,41,16,75,91,18,25,5,0,5,0,0,0,0,1,0.8514285714285714,0.0,3.993877551020408,0.4653061224489796,17.771428571428572,79.69591836734693,3.455102040816327,35.279591836734696,62.06938775510204,56.04081632653061,3.6122448979591835,67.1469387755102,62.375510204081635,71.71836734693878,53.5,Mario Kovacic,27,Croatian,UEFA,Croatia,Midfielder,180,79,Right,Dinamo Zagreb,8564613,49
P00229,1924,12,4,52,6,2.12,0.77,30,576,753,71,27,7,0,24,8,8,2,31,13,47,42,26,18,3,0,7,0,0,0,0,8,0.7738775510204082,0.0,4.295918367346939,0.5326530612244899,20.40612244897959,82.33469387755102,4.118367346938776,41.13061224489796,70.04693877551021,26.475510204081633,2.5448979591836736,65.04693877551021,67.53061224489795,69.32244897959184,53.66938775510204,Luka Musah,25,Croatian,UEFA,Croatia,Forward,179,76,Right,RB Leipzig,23212847,49
P00230,1672,4,3,21,1,1.31,0.32,16,288,376,29,10,7,0,18,3,4,5,27,19,24,30,20,19,2,0,12,0,0,0,0,2,0.790204081632653,0.0,3.7183673469387752,0.4653061224489796,18.806122448979593,80.99795918367347,3.4632653061224485,34.96122448979592,41.66326530612245,24.148979591836735,0.7448979591836735,41.51020408163265,39.38775510204081,41.614285714285714,51.857142857142854,Mateo Kljulanovic,31,Croatian,UEFA,Croatia,Forward,188,79,Right,Young Boys,4802810,49
P00231,1871,5,5,29,2,1.53,1.1300000000000001,24,320,438,36,8,9,0,21,10,4,4,26,15,28,39,14,13,2,0,9,0,0,0,0,1,0.7704081632653061,0.0,4.246938775510204,0.4979591836734694,18.33061224489796,82.79591836734694,3.361224489795918,34.614285714285714,44.495918367346945,23.785714285714285,0.936734693877551,39.28775510204081,38.95510204081633,43.10612244897959,53.8469387755102,Ivan Bajkovic,23,Croatian,UEFA,Croatia,Forward,178,78,Right,Inter Milan,9333358,49
P00232,1685,4,2,26,2,1.96,1.6500000000000001,12,316,422,24,6,4,0,19,6,6,1,28,22,20,32,26,17,1,0,8,0,0,0,0,2,0.7883673469387755,0.0,3.5755102040816324,0.4061224489795918,17.806122448979593,79.34693877551021,3.3081632653061224,33.922448979591834,42.89795918367347,24.340816326530614,0.7,39.2530612244898,38.83877551020408,41.553061224489795,52.65714285714285,Marcelo Kovacic,22,Croatian,UEFA,Croatia,Forward,186,75,Left,Borussia Dortmund,3603664,49
P00233,1889,4,3,37,7,2.02,0.61,26,394,514,52,17,3,0,12,7,7,4,28,19,37,30,17,19,3,1,10,0,0,0,0,3,0.7836734693877551,0.0,4.385714285714286,0.5265306122448979,19.691836734693876,83.2530612244898,3.5020408163265304,35.02857142857143,51.31224489795919,23.775510204081634,1.2979591836734694,43.46938775510204,46.37755102040816,48.875510204081635,54.357142857142854,Josko Brozovic,21,Croatian,UEFA,Croatia,Forward,168,74,Right,Manchester City,6592729,49
P00234,2006,15,9,79,15,5.72,1.19,57,966,1241,116,50,8,0,24,9,7,4,36,13,80,44,20,31,2,0,11,0,0,0,0,7,0.7793877551020407,0.0,4.5285714285714285,0.5244897959183673,21.477551020408164,85.54081632653062,5.016326530612245,50.473469387755095,98.16530612244898,25.8265306122449,7.038775510204081,94.43673469387754,94.3142857142857,96.18163265306121,58.304081632653066,Dominik Kramaric,29,Croatian,UEFA,Croatia,Forward,174,68,Right,Midtjylland,190657094,49
P00235,1013,0,0,0,0,0.0,0.0,7,196,286,4,0,5,0,0,10,17,0,20,2,19,27,10,13,6,0,0,38,2,18,0,0,0.7120000000000001,0.2825714285714286,2.625714285714286,0.28857142857142853,10.665714285714285,80.14571428571428,2.3200000000000003,23.97142857142857,11.394285714285715,55.32571428571429,0.7228571428571429,43.94857142857143,32.39142857142857,50.042857142857144,59.52857142857143,Granit Shaqiri,31,Swiss,UEFA,Switzerland,Goalkeeper,194,79,Left,Ajax,3058450,35
P00236,652,0,0,0,0,0.0,0.0,4,121,185,2,0,2,0,0,6,4,0,8,2,7,10,8,13,1,1,5,38,2,9,2,0,0.7028571428571428,0.16142857142857142,1.862857142857143,0.20571428571428568,7.345714285714286,77.91428571428571,1.7057142857142857,17.771428571428572,10.791428571428572,97.00571428571428,0.7371428571428572,83.42285714285715,28.648571428571426,91.50285714285714,57.565714285714286,Xherdan Sommer,24,Swiss,UEFA,Switzerland,Goalkeeper,189,81,Right,Young Boys,24656498,35
P00237,975,0,0,0,0,0.0,0.0,2,177,253,4,0,2,0,0,5,15,0,17,4,20,20,11,6,3,1,1,39,2,21,2,0,0.7297142857142856,0.23742857142857143,2.4771428571428573,0.26857142857142857,11.037142857142857,75.02571428571429,2.1857142857142855,22.74857142857143,11.608571428571429,55.85142857142857,0.5485714285714286,46.78,28.485714285714284,48.22,55.534285714285716,Manuel Zuber,27,Swiss,UEFA,Switzerland,Goalkeeper,186,74,Right,Anderlecht,1122360,35
P00238,1119,0,2,5,0,0.03,0.32,11,759,914,8,1,18,1,41,31,42,10,29,12,73,124,12,6,4,0,3,0,0,0,0,0,0.8194285714285714,0.0,3.417142857142857,0.38571428571428573,15.65142857142857,83.42857142857143,3.3714285714285714,35.03142857142857,46.74285714285714,92.52857142857142,4.78,86.73714285714286,28.28857142857143,88.51714285714286,55.22,Granit Rodriguez,28,Swiss,UEFA,Switzerland,Defender,183,76,Right,Ajax,83320085,35
P00239,1320,0,1,5,0,0.07,0.17,8,632,799,7,1,16,0,48,36,54,12,34,18,78,150,10,14,1,0,4,0,0,0,0,1,0.8091428571428572,0.0,4.24,0.4714285714285714,20.214285714285715,81.71714285714286,3.9571428571428573,40.5,34.39142857142857,77.28,3.2485714285714287,67.98857142857143,27.38285714285714,70.7,54.35142857142857,Xherdan Fernandes,28,Swiss,UEFA,Switzerland,Defender,185,80,Right,RB Leipzig,7989146,35
P00240,1440,0,2,6,0,0.22,0.04,7,504,638,12,1,30,1,43,47,76,16,45,22,51,182,12,10,4,0,2,0,0,0,0,0,0.8202857142857143,0.0,4.3,0.5228571428571429,21.357142857142858,81.72285714285715,3.977142857142857,40.642857142857146,25.934285714285714,52.54,1.6057142857142859,47.33714285714286,30.94857142857143,50.371428571428574,53.034285714285716,Manuel Seferovic,21,Swiss,UEFA,Switzerland,Defender,185,77,Left,Anderlecht,3333626,35
P00241,1194,1,1,7,0,0.06,0.01,6,326,407,3,0,18,1,47,25,60,15,33,17,39,147,13,6,4,0,1,0,0,0,0,1,0.8297142857142857,0.0,3.5,0.3914285714285714,20.47714285714286,80.95428571428572,3.76,38.01428571428571,20.097142857142856,44.52,1.0228571428571427,39.88285714285715,32.854285714285716,43.011428571428574,53.294285714285714,Yann Elvedi,28,Swiss,UEFA,Switzerland,Defender,180,74,Right,Club Brugge,4022060,35
P00242,1198,1,1,6,0,0.04,0.33,10,637,771,9,1,18,0,46,34,60,11,21,15,74,151,12,15,4,1,1,0,0,0,0,2,0.8191428571428572,0.0,3.68,0.4228571428571429,18.322857142857142,80.38000000000001,3.6885714285714286,37.47428571428571,34.49714285714286,76.65428571428572,3.297142857142857,63.019999999999996,32.32285714285714,72.24285714285715,52.925714285714285,Ricardo Mbabu,32,Swiss,UEFA,Switzerland,Defender,181,78,Right,Feyenoord,24594680,35
P00243,1369,2,2,11,0,0.0,0.08,8,446,573,10,0,27,2,45,48,56,14,42,24,65,163,18,9,4,0,1,0,0,0,0,2,0.8208571428571428,0.0,4.102857142857142,0.4885714285714286,19.314285714285713,81.29714285714286,3.62,36.54857142857143,24.61714285714286,53.09142857142857,1.6571428571428573,46.18857142857143,30.89428571428571,47.97714285714286,51.22571428571429,Stefan Okafor,28,Swiss,UEFA,Switzerland,Defender,188,77,Right,Juventus,5080142,35
P00244,1617,1,0,9,0,0.21,0.52,5,483,587,14,2,31,0,65,26,71,16,59,26,46,178,24,19,2,0,3,0,0,0,0,0,0.8288571428571428,0.0,4.811428571428571,0.5685714285714285,23.78,82.16285714285713,4.485714285714286,44.64857142857143,22.111428571428572,46.29714285714286,1.262857142857143,39.96,28.3,42.754285714285714,50.24857142857143,Fabian Ndoye,29,Swiss,UEFA,Switzerland,Defender,185,75,Left,Copenhagen,2199411,35
P00245,1631,0,1,8,0,0.08,0.09,7,831,1019,7,2,27,1,55,49,70,17,39,24,94,191,23,18,6,0,2,0,0,0,0,0,0.8137142857142857,0.0,5.017142857142857,0.5942857142857143,25.505714285714287,85.59142857142857,4.917142857142857,50.42,36.55428571428572,77.70857142857143,3.9114285714285715,68.26857142857143,27.054285714285715,69.9342857142857,55.80285714285714,Remo Jashari,33,Swiss,UEFA,Switzerland,Defender,185,74,Right,Chelsea,14987372,35
P00246,1478,0,0,6,0,0.03,0.23,17,757,927,6,0,27,1,55,38,52,7,38,20,88,152,16,18,2,0,1,0,0,0,0,0,0.8357142857142857,0.0,4.66,0.5257142857142857,21.405714285714286,81.43142857142857,4.054285714285714,41.111428571428576,37.06857142857143,74.48285714285714,3.8685714285714288,64.78571428571429,30.65142857142857,71.42285714285715,57.02857142857143,Haris Steiner,31,Swiss,UEFA,Switzerland,Defender,184,78,Right,Copenhagen,14077436,35
P00247,1271,0,1,9,0,0.13,0.17,7,522,631,24,4,20,1,27,23,14,8,20,10,30,72,19,14,3,0,0,0,0,0,0,0,0.8425714285714285,0.0,4.434285714285714,0.4971428571428571,22.637142857142855,82.45428571428572,4.0685714285714285,40.65142857142857,38.99142857142857,38.14857142857143,1.5314285714285714,45.77142857142857,44.07142857142857,49.41142857142857,55.13428571428572,Granit Zakaria,30,Swiss,UEFA,Switzerland,Midfielder,182,76,Right,Paris Saint-Germain,9211350,35
P00248,1163,3,2,18,1,0.89,2.4,23,718,844,23,6,18,1,42,11,11,14,12,10,55,78,15,8,8,0,2,0,0,0,0,1,0.8617142857142858,0.0,4.154285714285715,0.4542857142857143,18.642857142857142,82.43714285714286,3.442857142857143,34.54571428571428,60.84285714285714,58.79714285714286,3.44,64.88000000000001,62.14,69.65714285714286,56.58571428571429,Xherdan Aebischer,30,Swiss,UEFA,Switzerland,Midfielder,182,75,Right,Rapid Vienna,12543362,35
P00249,1482,4,4,24,3,0.27,1.8599999999999999,44,1166,1398,24,5,19,1,39,35,10,6,30,14,70,90,20,16,6,1,2,0,0,0,0,0,0.8551428571428571,0.0,4.968571428571429,0.5685714285714285,19.468571428571426,84.01142857142857,4.0685714285714285,41.637142857142855,76.95428571428572,67.42571428571429,7.394285714285715,82.92285714285715,81.84857142857142,92.9,55.08571428571429,Manuel Rieder,24,Swiss,UEFA,Switzerland,Midfielder,173,75,Right,Atletico Madrid,35196222,35
P00250,1303,1,4,21,3,0.89,1.3900000000000001,38,1031,1228,35,10,20,0,34,20,17,10,35,10,68,81,21,9,2,1,2,0,0,0,0,4,0.8525714285714285,0.0,4.38,0.5257142857142858,18.65714285714286,82.79714285714286,3.8,39.20285714285714,73.31714285714285,67.71142857142857,6.502857142857143,84.96285714285713,85.7657142857143,86.90285714285714,56.04857142857143,Yann Blerim,32,Swiss,UEFA,Switzerland,Midfielder,189,85,Right,AC Milan,73190275,35
P00251,1104,0,0,5,0,0.17,1.09,19,475,584,20,6,24,3,28,24,11,7,23,13,35,70,16,5,2,0,1,0,0,0,0,0,0.8391428571428572,0.0,3.7857142857142856,0.4342857142857143,15.957142857142857,78.42285714285715,2.7342857142857144,28.768571428571427,39.8,37.95428571428572,1.7514285714285713,45.37428571428571,41.33428571428571,48.19428571428571,55.69428571428571,Ricardo Kobal,22,Swiss,UEFA,Switzerland,Midfielder,180,78,Left,FC Basel,7641566,35
P00252,1045,2,1,8,0,0.74,1.0,9,381,460,16,3,13,1,27,17,6,2,18,9,30,52,7,3,3,0,1,0,0,0,0,0,0.8517142857142856,0.0,3.605714285714286,0.4114285714285714,17.717142857142857,80.04285714285714,3.237142857142857,32.67714285714286,37.285714285714285,31.791428571428572,1.0314285714285714,38.36,39.457142857142856,40.98571428571429,53.934285714285714,Stefan Mvogo,18,Swiss,UEFA,Switzerland,Midfielder,180,76,Right,Sporting CP,3743038,35
P00253,1685,4,3,16,0,0.32,1.93,32,712,844,26,5,29,1,29,20,16,8,41,17,49,73,28,12,0,0,2,0,0,0,0,1,0.858,0.0,5.731428571428571,0.6571428571428571,23.097142857142856,82.57142857142857,4.171428571428572,42.55714285714286,42.6,38.11714285714285,2.5228571428571427,46.34,45.465714285714284,51.457142857142856,51.777142857142856,Fabian Pfannenstiel,21,Swiss,UEFA,Switzerland,Midfielder,188,82,Right,Bayern Munich,6689149,35
P00254,1282,0,1,7,0,0.34,0.87,17,455,558,20,4,23,1,28,23,11,9,23,15,25,71,7,12,1,1,2,0,0,0,0,0,0.8468571428571429,0.0,4.148571428571429,0.4857142857142857,18.36857142857143,82.68857142857142,3.3514285714285714,33.66857142857143,35.76285714285714,32.16857142857143,1.2971428571428572,38.67428571428571,40.78,42.21714285714285,52.511428571428574,Remo Shaqiri,29,Swiss,UEFA,Switzerland,Midfielder,183,77,Right,Malmo FF,5123179,35
P00255,1400,6,4,69,17,7.95,0.77,43,656,898,72,30,6,0,10,3,4,1,33,20,43,18,15,13,3,0,13,0,0,0,0,7,0.7474285714285714,0.0,4.331428571428571,0.5028571428571429,19.374285714285715,82.54,4.328571428571428,42.917142857142856,96.28285714285714,23.877142857142857,6.522857142857143,92.14,93.71714285714286,96.0657142857143,55.11714285714285,Granit Kobal,23,Swiss,UEFA,Switzerland,Forward,183,71,Left,Lech Poznan,97999154,35
P00256,1084,5,0,23,4,1.5,0.2,9,179,244,28,9,8,0,13,5,4,0,16,5,10,22,10,6,5,1,7,0,0,0,0,0,0.7528571428571429,0.0,3.337142857142857,0.42,16.762857142857143,78.80285714285714,3.1857142857142855,32.92857142857143,43.76285714285714,26.11714285714286,0.6542857142857142,38.934285714285714,38.16571428571429,42.111428571428576,54.87428571428571,Xherdan Mvogo,23,Swiss,UEFA,Switzerland,Forward,171,67,Right,Marseille,1720821,35
P00257,1308,2,1,22,2,1.52,0.45,17,247,338,30,9,4,0,6,5,1,1,25,11,22,13,16,16,2,0,8,0,0,0,0,1,0.7828571428571428,0.0,4.031428571428571,0.46571428571428575,18.674285714285716,78.87714285714286,3.36,33.60857142857143,51.43142857142857,25.914285714285715,1.1228571428571428,43.96,48.39142857142857,49.84,53.37428571428571,Manuel Pfannenstiel,24,Swiss,UEFA,Switzerland,Forward,179,74,Left,Anderlecht,3640434,35
P00258,1831,9,1,29,2,1.48,1.21,12,309,417,36,12,7,0,18,5,3,5,27,30,30,31,19,15,2,0,10,0,0,0,0,0,0.7722857142857144,0.0,5.937142857142858,0.6885714285714286,25.65714285714286,82.80857142857144,4.757142857142857,47.77428571428571,44.462857142857146,23.354285714285712,1.0342857142857145,37.214285714285715,35.37714285714286,42.34285714285714,52.73714285714286,Yann Shaqiri,22,Swiss,UEFA,Switzerland,Forward,173,73,Right,Juventus,6267349,35
P00259,950,2,3,34,5,0.55,0.48,16,271,354,23,5,6,1,5,6,5,3,18,11,28,19,13,7,2,1,3,0,0,0,0,1,0.8002857142857144,0.0,3.0457142857142854,0.3542857142857143,18.42,86.06857142857143,3.6085714285714285,36.42285714285714,69.54285714285714,23.194285714285712,1.6885714285714286,63.18571428571428,64.85428571428572,69.28285714285714,56.059999999999995,Ricardo Sommer,30,Swiss,UEFA,Switzerland,Forward,177,72,Left,Malmo FF,14128461,35
P00260,1309,7,7,51,12,1.21,2.96,28,517,700,62,24,3,0,8,6,3,1,21,8,41,18,14,12,2,0,8,0,0,0,0,3,0.7808571428571428,0.0,4.045714285714285,0.46,19.534285714285716,84.28571428571429,4.22,43.30285714285714,90.51142857142857,25.257142857142856,3.942857142857143,83.04285714285714,80.39714285714285,88.22,57.074285714285715,Stefan Zuber,17,Swiss,UEFA,Switzerland,Forward,184,79,Right,Liverpool,43439068,35
P00261,1302,0,0,0,0,0.0,0.0,5,231,357,3,0,3,0,0,10,25,0,20,6,17,35,15,14,3,0,5,53,6,27,0,0,0.6913953488372093,0.24860465116279068,2.911627906976744,0.3372093023255814,11.432558139534883,81.0813953488372,2.4,25.12558139534884,10.006976744186046,48.495348837209306,0.5279069767441861,40.43953488372093,28.979069767441857,43.07209302325581,52.027906976744184,Christian Hojbjerg,31,Danish,UEFA,Denmark,Goalkeeper,190,79,Right,Red Star Belgrade,1478667,43
P00262,900,0,0,0,0,0.0,0.0,1,181,245,6,1,0,0,0,7,21,0,15,4,21,28,11,7,2,0,1,33,5,9,0,0,0.7325581395348837,0.2083720930232558,1.958139534883721,0.23255813953488372,7.967441860465117,75.54186046511629,1.5813953488372092,16.28372093023256,11.248837209302325,48.61860465116279,0.4372093023255814,40.174418604651166,29.195348837209306,42.05348837209302,51.15581395348837,Pierre-Emile Christensen,32,Danish,UEFA,Denmark,Goalkeeper,184,78,Right,Anderlecht,1014967,43
P00263,1072,0,0,0,0,0.0,0.0,4,234,332,5,0,6,0,0,5,21,0,12,4,23,26,11,8,5,0,1,45,5,15,0,0,0.7220930232558139,0.1997674418604651,2.3116279069767445,0.2441860465116279,9.337209302325581,79.43255813953488,1.967441860465116,21.41627906976744,9.644186046511628,47.800000000000004,0.5372093023255814,37.6953488372093,29.71627906976744,43.73953488372093,53.70465116279069,Simon Wind,25,Danish,UEFA,Denmark,Goalkeeper,189,80,Left,Copenhagen,5209601,43
P00264,1745,2,4,18,0,0.12,0.18,19,835,1025,10,1,26,2,65,57,90,20,43,31,111,232,18,15,5,2,1,0,0,0,0,1,0.8125581395348836,0.0,4.4581395348837205,0.5302325581395348,19.425581395348836,83.71860465116279,3.8232558139534887,38.079069767441865,36.66046511627907,72.98139534883721,3.6232558139534885,63.14883720930233,30.58139534883721,72.36279069767441,56.616279069767444,Christian Maehle,32,Danish,UEFA,Denmark,Defender,185,84,Right,Copenhagen,19203018,43
P00265,1590,1,2,8,0,0.05,0.6000000000000001,9,783,961,12,1,25,2,48,32,64,23,38,24,89,167,16,17,5,0,3,0,0,0,0,2,0.8195348837209303,0.0,3.8627906976744186,0.4186046511627907,18.844186046511627,82.4953488372093,3.7860465116279074,37.44651162790698,37.61162790697674,72.14651162790697,3.1511627906976742,65.01627906976744,28.790697674418606,69.02558139534884,54.15581395348837,Pierre-Emile Damsgaard,28,Danish,UEFA,Denmark,Defender,188,71,Right,PSV Eindhoven,7243042,43
P00266,1665,1,3,10,0,0.13999999999999999,0.3,9,811,1016,10,0,30,0,61,51,75,18,62,19,98,205,15,12,4,0,1,0,0,0,0,0,0.8213953488372093,0.0,4.095348837209302,0.47441860465116276,17.69302325581395,79.57674418604651,3.4069767441860463,34.93488372093023,32.48604651162791,73.2279069767442,3.155813953488372,64.87674418604651,32.69069767441861,69.65116279069767,57.07209302325581,Simon Dolberg,25,Danish,UEFA,Denmark,Defender,185,77,Left,Young Boys,11869878,43
P00267,1806,0,1,10,0,0.07,0.29,16,869,1080,7,0,30,2,65,54,85,31,50,23,94,235,25,25,5,0,1,0,0,0,0,2,0.8162790697674419,0.0,4.453488372093023,0.5139534883720931,20.455813953488374,84.86976744186046,3.974418604651163,39.27209302325581,33.223255813953486,76.02093023255814,3.5558139534883724,62.48604651162791,29.66046511627907,70.66744186046512,58.04186046511629,Andreas Lindstrom,25,Danish,UEFA,Denmark,Defender,179,75,Right,Ajax,27038070,43
P00268,1422,2,1,5,0,0.05,0.44,8,492,623,4,0,26,1,47,40,59,20,43,22,46,166,17,13,7,1,2,0,0,0,0,0,0.8148837209302325,0.0,3.4767441860465116,0.3953488372093023,17.44651162790698,83.15348837209302,3.0744186046511626,31.655813953488373,22.967441860465115,51.967441860465115,1.4023255813953488,46.38837209302326,28.525581395348834,48.45348837209303,50.216279069767445,Joakim Maeland,25,Danish,UEFA,Denmark,Defender,180,75,Left,Barcelona,5505160,43
P00269,1417,2,1,9,0,0.15,0.11,8,939,1183,14,1,26,2,48,43,57,15,44,22,103,163,8,13,8,0,1,0,0,0,0,0,0.8209302325581395,0.0,3.5813953488372094,0.41395348837209306,16.025581395348837,82.56976744186046,3.358139534883721,33.867441860465114,45.13488372093023,91.4860465116279,4.46046511627907,83.53720930232558,30.77906976744186,87.26976744186047,55.82093023255814,Rasmus Andersen,30,Danish,UEFA,Denmark,Defender,183,76,Right,Feyenoord,148079777,43
P00270,1814,2,2,10,0,0.09999999999999999,0.16,9,558,708,11,1,34,2,59,57,70,21,48,27,51,207,28,18,6,0,0,0,0,0,0,3,0.8097674418604651,0.0,4.3023255813953485,0.5232558139534884,21.50232558139535,82.54418604651163,3.827906976744186,39.35581395348837,22.151162790697676,45.95116279069768,1.2837209302325583,38.9046511627907,29.367441860465114,42.53720930232558,54.420930232558135,Mikkel Bah,32,Danish,UEFA,Denmark,Defender,181,70,Left,Midtjylland,3316593,43
P00271,1432,2,1,2,0,0.04,0.2,11,706,902,7,1,25,0,44,42,70,19,39,21,90,175,15,13,8,0,3,0,0,0,0,1,0.8067441860465115,0.0,3.427906976744186,0.39999999999999997,17.793023255813953,81.51627906976744,3.453488372093023,35.141860465116274,33.71627906976744,74.25581395348837,3.051162790697674,65.23023255813953,30.555813953488375,73.36976744186046,58.348837209302324,Kasper Cornelius,31,Danish,UEFA,Denmark,Defender,177,66,Right,Barcelona,20421618,43
P00272,1775,1,0,9,0,0.08,0.32,4,887,1093,10,2,21,2,77,43,69,17,55,11,92,206,27,10,2,2,2,0,0,0,0,1,0.8318604651162791,0.0,4.348837209302325,0.5139534883720931,20.793023255813953,82.6906976744186,4.0488372093023255,41.253488372093024,36.73488372093023,76.24186046511628,3.2651162790697676,65.25581395348837,30.409302325581393,71.89767441860465,55.17906976744186,Jannik Olsen,25,Danish,UEFA,Denmark,Defender,181,73,Right,Bayern Munich,14830801,43
P00273,1376,3,1,7,1,0.66,0.66,27,490,609,19,2,29,1,33,33,15,9,20,14,46,90,15,7,1,1,1,0,0,0,0,0,0.8383720930232558,0.0,4.027906976744186,0.4511627906976744,17.790697674418606,81.66511627906976,3.309302325581396,33.586046511627906,38.46279069767442,32.56511627906977,1.4046511627906977,38.253488372093024,40.109302325581396,42.22093023255814,53.17674418604651,Christian Wass,22,Danish,UEFA,Denmark,Midfielder,184,77,Right,Osijek,5818249,43
P00274,1687,1,3,18,0,0.23,0.86,31,744,896,35,9,28,1,38,25,23,9,39,16,49,95,14,17,2,1,2,0,0,0,0,0,0.8493023255813954,0.0,4.727906976744186,0.5395348837209302,19.22558139534884,80.6906976744186,3.4046511627906977,34.509302325581395,39.48139534883721,37.4953488372093,2.186046511627907,46.67209302325582,43.72558139534884,48.60232558139535,55.89302325581396,Pierre-Emile Christensen,21,Danish,UEFA,Denmark,Midfielder,177,74,Right,Anderlecht,4375323,43
P00275,1464,0,4,10,0,0.4,0.6,18,573,668,23,4,25,0,38,25,17,11,19,19,28,91,23,18,7,0,2,0,0,0,0,0,0.8595348837209302,0.0,3.9465116279069763,0.44418604651162796,19.03488372093023,81.61860465116278,3.597674418604651,36.47906976744186,34.402325581395345,34.25581395348837,1.2930232558139536,40.123255813953485,41.43953488372093,43.300000000000004,49.93953488372093,Simon Poulsen,23,Danish,UEFA,Denmark,Midfielder,172,73,Right,AIK,4444778,43
P00276,1186,0,1,4,0,0.2,0.41,17,425,500,15,3,16,0,27,30,17,9,17,13,39,83,19,5,5,0,1,0,0,0,0,0,0.8555813953488371,0.0,3.597674418604651,0.39999999999999997,16.55348837209302,78.9139534883721,3.0674418604651166,31.31860465116279,36.913953488372094,33.30232558139535,1.1093023255813952,39.33720930232558,39.818604651162794,41.24418604651163,53.444186046511625,Andreas Vestergaard,27,Danish,UEFA,Denmark,Midfielder,182,73,Left,Arsenal,3285521,43
P00277,1453,6,3,24,1,0.47,1.52,32,893,1072,26,4,34,1,35,20,20,10,18,13,59,85,18,10,1,0,2,0,0,0,0,2,0.8525581395348837,0.0,4.030232558139535,0.48372093023255813,17.68139534883721,81.13488372093023,3.5209302325581397,35.06046511627907,60.34186046511628,53.67209302325582,3.6627906976744184,71.36976744186046,66.90697674418605,71.86279069767441,58.15348837209302,Joakim Skov,28,Danish,UEFA,Denmark,Midfielder,174,71,Right,Besiktas,12215380,43
P00278,2020,0,8,36,3,0.39,4.06,51,1579,1863,47,13,27,3,43,33,26,8,34,24,106,110,22,22,4,0,3,0,0,0,0,5,0.8534883720930233,0.0,5.5162790697674415,0.6186046511627907,24.855813953488372,86.14651162790697,5.281395348837209,53.746511627906976,76.3093023255814,73.31627906976745,7.906976744186046,85.64418604651162,82.57441860465116,89.86511627906977,58.90930232558139,Rasmus Laursen,21,Danish,UEFA,Denmark,Midfielder,189,84,Left,Osijek,51708759,43
P00279,1327,1,3,10,1,0.22,0.83,12,515,607,23,5,30,1,29,22,18,9,20,10,23,78,12,20,7,0,2,0,0,0,0,1,0.853953488372093,0.0,3.5953488372093023,0.3976744186046512,16.976744186046513,84.73023255813953,3.197674418604651,32.681395348837206,38.123255813953485,35.367441860465114,1.0883720930232557,36.96976744186047,38.05813953488372,41.56279069767442,55.58837209302326,Mikkel Hansen,22,Danish,UEFA,Denmark,Midfielder,180,72,Right,Sporting CP,9054642,43
P00280,1931,0,5,17,0,0.46,0.63,29,778,952,26,7,38,3,43,31,13,8,33,20,52,95,20,13,4,0,2,0,0,0,0,0,0.8416279069767442,0.0,5.148837209302326,0.613953488372093,22.872093023255815,83.02325581395348,4.130232558139535,41.586046511627906,41.14883720930233,36.093023255813954,2.2093023255813953,45.132558139534886,47.86046511627907,50.17674418604651,53.70232558139534,Kasper Hojbjerg,27,Danish,UEFA,Denmark,Midfielder,173,71,Left,Besiktas,3714891,43
P00281,1703,6,3,53,10,5.95,1.26,29,496,658,48,17,4,0,21,5,3,3,39,12,41,32,12,18,7,0,6,0,0,0,0,3,0.7739534883720931,0.0,4.304651162790697,0.5325581395348837,20.467441860465115,83.36744186046512,4.034883720930233,40.2906976744186,71.5860465116279,24.63953488372093,2.4325581395348834,63.36046511627907,65.73255813953489,69.2279069767442,53.95348837209303,Christian Skov,30,Danish,UEFA,Denmark,Forward,171,73,Right,AC Milan,25131000,43
P00282,1671,2,3,28,1,2.46,0.49,10,336,447,45,12,2,0,21,7,9,8,26,20,45,45,21,11,5,0,15,0,0,0,0,2,0.7669767441860464,0.0,4.274418604651163,0.5046511627906977,21.28372093023256,79.5093023255814,3.832558139534884,38.402325581395345,49.93255813953488,25.06744186046512,1.144186046511628,44.920930232558135,45.223255813953486,48.05116279069767,55.753488372093024,Pierre-Emile Laursen,24,Danish,UEFA,Denmark,Forward,172,68,Right,Brondby,4491253,43
P00283,1899,9,5,62,13,1.6600000000000001,3.02,34,561,701,59,18,6,0,17,4,8,1,33,14,28,30,29,16,8,0,9,0,0,0,0,4,0.7990697674418604,0.0,4.830232558139534,0.5534883720930233,23.367441860465114,83.50232558139534,4.6069767441860465,45.75813953488372,69.19534883720931,26.004651162790697,2.613953488372093,67.3232558139535,64.31860465116279,66.94186046511628,55.64418604651162,Simon Hansen,25,Danish,UEFA,Denmark,Forward,187,78,Right,Partizan,15469796,43
P00284,1963,9,5,53,11,3.41,1.3,44,600,776,75,27,6,0,19,5,5,6,38,20,49,35,19,13,6,0,11,0,0,0,0,7,0.7906976744186046,0.0,5.011627906976744,0.5767441860465117,22.22093023255814,84.78837209302326,4.488372093023256,45.1953488372093,69.70697674418605,24.06279069767442,3.3000000000000003,65.25348837209303,66.56744186046512,68.55348837209303,57.82790697674418,Andreas Hojbjerg,24,Danish,UEFA,Denmark,Forward,183,77,Left,Roma,21091317,43
P00285,1625,2,0,34,4,1.8599999999999999,0.6599999999999999,14,307,417,26,3,3,0,14,6,2,5,29,16,22,27,21,10,3,0,12,0,0,0,0,0,0.7667441860465116,0.0,3.9395348837209303,0.4418604651162791,20.183720930232557,78.55581395348837,3.5674418604651166,36.03488372093023,43.688372093023254,25.54186046511628,0.7999999999999999,40.67906976744186,37.89302325581396,42.876744186046515,55.63488372093024,Joakim Christensen,30,Danish,UEFA,Denmark,Forward,191,81,Right,Manchester United,21394836,43
P00286,1331,5,6,40,5,1.7,0.6699999999999999,16,407,538,28,9,4,0,14,2,4,2,26,15,28,22,12,14,8,0,10,0,0,0,0,3,0.766279069767442,0.0,3.390697674418605,0.4069767441860465,16.625581395348835,80.86279069767441,3.2674418604651163,33.21860465116279,73.06279069767442,26.830232558139535,1.713953488372093,65.51162790697674,65.9953488372093,68.54651162790698,53.7093023255814,Rasmus Wind,19,Danish,UEFA,Denmark,Forward,182,78,Right,Paris Saint-Germain,11558415,43
P00287,924,0,0,0,0,0.0,0.0,2,161,246,6,0,3,0,0,4,22,0,15,1,15,26,5,13,4,0,2,33,2,20,4,0,0.6995238095238095,0.17523809523809525,2.0666666666666664,0.24523809523809526,8.254761904761905,78.6047619047619,1.6904761904761905,18.164285714285715,9.776190476190477,48.73571428571429,0.3761904761904762,39.957142857142856,31.135714285714286,41.53095238095238,53.26428571428571,Dusan Mitrovic,27,Serbian,UEFA,Serbia,Goalkeeper,193,82,Left,Osijek,6169332,42
P00288,1162,0,2,0,0,0.0,0.0,6,225,318,2,0,6,0,0,7,19,0,16,5,24,26,17,11,0,0,1,65,3,16,1,0,0.7423809523809524,0.265,2.7071428571428573,0.3047619047619048,10.916666666666666,79.17857142857143,2.442857142857143,25.316666666666666,10.511904761904763,78.9452380952381,0.9428571428571428,64.88809523809525,30.56904761904762,72.3047619047619,57.92380952380953,Aleksandar Savic,32,Serbian,UEFA,Serbia,Goalkeeper,187,84,Right,Red Star Belgrade,15367273,42
P00289,1062,0,0,0,0,0.0,0.0,3,211,297,8,1,3,0,0,6,20,0,19,2,18,26,11,8,4,0,2,46,5,12,2,0,0.7271428571428571,0.24166666666666667,2.35,0.3,9.735714285714286,77.48333333333333,2.026190476190476,20.63095238095238,9.083333333333334,57.57142857142857,0.6119047619047618,43.49047619047619,29.773809523809526,50.88571428571428,47.938095238095244,Filip Milinkovic-Savic,30,Serbian,UEFA,Serbia,Goalkeeper,192,82,Right,Arsenal,11500373,42
P00290,1959,1,1,13,0,0.08,0.05,6,578,703,10,0,35,1,65,45,90,22,53,25,56,222,26,23,6,0,0,0,0,0,0,0,0.8259523809523809,0.0,5.002380952380952,0.5857142857142857,21.526190476190475,80.71904761904761,3.9285714285714284,39.92142857142857,20.816666666666666,45.15952380952381,1.292857142857143,39.37857142857143,31.092857142857145,42.52142857142857,50.44523809523809,Dusan Gudelj,22,Serbian,UEFA,Serbia,Defender,183,73,Right,Ajax,2373393,42
P00291,1592,1,0,9,1,0.07,0.04,10,536,673,7,0,33,3,62,48,73,11,50,18,64,194,30,19,1,0,3,0,0,0,0,0,0.8166666666666667,0.0,3.9095238095238094,0.44761904761904764,21.79285714285714,79.67142857142856,3.7547619047619043,38.08095238095238,24.047619047619047,53.9952380952381,1.5452380952380953,46.29761904761905,29.576190476190476,50.35476190476191,52.83571428571428,Aleksandar Kostic,33,Serbian,UEFA,Serbia,Defender,187,78,Right,PSV Eindhoven,1795550,42
P00292,1724,2,1,4,0,0.11,0.24,8,578,728,4,0,19,0,62,60,80,17,42,18,66,219,24,21,8,0,0,0,0,0,0,1,0.8040476190476191,0.0,4.421428571428571,0.530952380952381,20.030952380952378,78.91428571428571,3.55,36.55952380952381,25.992857142857144,52.39523809523809,1.6738095238095236,46.71904761904762,32.357142857142854,49.161904761904765,53.41428571428572,Filip Pavlovic,26,Serbian,UEFA,Serbia,Defender,175,76,Right,Arsenal,3591411,42
P00293,1441,0,0,7,0,0.02,0.08,8,492,606,6,0,24,2,51,41,75,22,44,18,68,189,10,10,6,0,3,0,0,0,0,0,0.8235714285714286,0.0,3.5333333333333337,0.3904761904761904,17.114285714285714,81.03809523809524,2.980952380952381,30.069047619047616,24.719047619047622,53.409523809523805,1.5309523809523808,45.37619047619047,28.65,50.542857142857144,51.30952380952381,Sergej Milenkovic,26,Serbian,UEFA,Serbia,Defender,185,70,Right,Brondby,1858290,42
P00294,1247,1,0,11,0,0.060000000000000005,0.2,11,820,1004,6,1,22,1,33,29,56,14,35,18,74,132,15,13,8,0,3,0,0,0,0,0,0.8235714285714286,0.0,3.0833333333333335,0.3476190476190476,17.204761904761906,83.7357142857143,3.642857142857143,37.28333333333334,43.73571428571429,92.7,4.121428571428571,85.00952380952381,30.37142857142857,90.45476190476191,60.94285714285714,Nemanja Lazovic,20,Serbian,UEFA,Serbia,Defender,187,78,Right,Fenerbahce,14474979,42
P00295,1544,1,1,14,0,0.07,0.48000000000000004,22,1236,1528,7,0,27,3,56,50,64,16,30,25,138,186,15,13,8,0,2,0,0,0,0,1,0.819047619047619,0.0,4.019047619047619,0.45952380952380956,17.2,82.12142857142857,3.7857142857142856,38.38095238095238,55.471428571428575,98.03809523809525,8.383333333333335,92.32857142857144,30.74761904761905,97.01904761904763,63.016666666666666,Dusan Zivkovic,28,Serbian,UEFA,Serbia,Defender,185,76,Right,Lech Poznan,24464325,42
P00296,1733,4,2,9,0,0.04,0.1,9,892,1110,12,2,31,3,49,46,99,16,48,22,87,210,28,15,4,0,2,0,0,0,0,1,0.8157142857142856,0.0,4.571428571428571,0.5452380952380953,23.392857142857142,82.58571428571429,4.440476190476191,44.25476190476191,35.25952380952381,74.38809523809525,3.4833333333333334,67.42380952380952,31.64761904761905,68.06428571428572,58.976190476190474,Lazar Ilic,26,Serbian,UEFA,Serbia,Defender,187,79,Right,RB Salzburg,8239354,42
P00297,1610,0,2,14,2,0.060000000000000005,0.13999999999999999,4,552,683,10,1,24,1,59,49,64,23,47,17,47,195,22,16,6,0,1,0,0,0,0,0,0.8166666666666667,0.0,4.0476190476190474,0.4928571428571428,18.22142857142857,81.17619047619048,3.407142857142857,34.2,23.56904761904762,53.535714285714285,1.4095238095238096,43.77142857142857,31.183333333333334,49.404761904761905,54.66904761904762,Strahinja Ristic,26,Serbian,UEFA,Serbia,Defender,181,80,Left,Galatasaray,2805605,42
P00298,1305,0,1,6,0,0.1,0.24000000000000002,8,424,538,6,1,27,0,51,34,65,22,39,14,54,172,6,9,6,0,3,0,0,0,0,1,0.8045238095238095,0.0,3.4309523809523808,0.4142857142857143,16.95952380952381,81.73095238095237,3.05,30.92142857142857,25.821428571428573,52.30238095238095,1.2857142857142858,47.73571428571429,32.695238095238096,50.34761904761905,52.4547619047619,Andrija Gudelj,30,Serbian,UEFA,Serbia,Defender,181,76,Right,Barcelona,2941465,42
P00299,1780,1,0,18,1,0.43000000000000005,0.76,29,701,840,26,6,24,0,38,24,18,9,34,14,57,89,25,13,6,0,3,0,0,0,0,0,0.8533333333333334,0.0,4.845238095238095,0.5833333333333334,20.121428571428574,82.05238095238094,3.723809523809524,37.142857142857146,42.364285714285714,38.52142857142857,2.230952380952381,46.02619047619047,44.51904761904762,50.540476190476184,50.730952380952374,Dusan Radonjic,28,Serbian,UEFA,Serbia,Midfielder,184,77,Right,Grasshoppers,3320547,42
P00300,1558,2,7,19,1,0.33,0.8,40,963,1143,35,9,22,1,41,25,23,8,32,15,68,97,17,11,2,0,2,0,0,0,0,1,0.8438095238095238,0.0,4.3619047619047615,0.48571428571428565,21.18095238095238,85.3047619047619,3.973809523809524,39.84761904761905,60.66428571428572,56.65238095238095,4.252380952380952,66.21904761904763,63.57380952380952,68.0952380952381,54.7547619047619,Aleksandar Lukic,30,Serbian,UEFA,Serbia,Midfielder,174,78,Right,Liverpool,8806216,42
P00301,1693,4,4,27,3,0.41000000000000003,0.98,29,733,884,28,6,34,1,41,33,22,9,26,15,48,105,28,17,2,0,1,0,0,0,0,1,0.8502380952380952,0.0,4.6952380952380945,0.5428571428571429,21.885714285714283,82.62619047619049,4.0095238095238095,39.57380952380952,42.18333333333334,38.89523809523809,2.107142857142857,47.964285714285715,46.88095238095238,49.80238095238095,55.230952380952374,Filip Maksimovic,21,Serbian,UEFA,Serbia,Midfielder,179,76,Right,Dinamo Zagreb,2921182,42
P00302,1696,5,6,33,2,1.06,1.95,41,1322,1574,57,17,23,0,45,23,17,8,36,16,99,93,17,22,4,0,5,0,0,0,0,0,0.8511904761904762,0.0,4.728571428571429,0.5785714285714286,18.771428571428572,81.81666666666668,4.1,41.65,78.53809523809524,72.73333333333333,7.069047619047619,81.16190476190476,81.08333333333333,86.70952380952382,60.11428571428572,Sergej Jovic,21,Serbian,UEFA,Serbia,Midfielder,179,75,Right,Real Madrid,36046905,42
P00303,1342,4,8,24,0,0.58,3.0,44,1090,1312,44,13,22,1,29,19,14,5,30,11,87,67,13,7,2,1,3,0,0,0,0,1,0.8440476190476192,0.0,3.7666666666666666,0.4333333333333333,17.72142857142857,84.67619047619048,3.7023809523809526,36.43095238095238,78.6047619047619,72.5952380952381,6.2285714285714295,87.88809523809525,77.55,89.40238095238095,64.75714285714287,Nemanja Jevtovic,29,Serbian,UEFA,Serbia,Midfielder,178,73,Right,Club Brugge,54495695,42
P00304,1798,2,3,17,2,0.51,1.55,24,766,918,29,8,29,1,49,31,20,12,28,21,59,112,26,20,3,0,4,0,0,0,0,1,0.8490476190476189,0.0,5.1380952380952385,0.5904761904761905,25.08809523809524,82.31666666666668,4.657142857142857,47.55714285714286,41.792857142857144,38.49285714285715,2.1809523809523808,49.85476190476191,44.19047619047619,50.09285714285714,53.766666666666666,Dusan Terzic,27,Serbian,UEFA,Serbia,Midfielder,183,82,Right,Partizan,3444232,42
P00305,1605,0,1,11,0,0.66,2.02,27,684,824,27,5,28,1,27,31,13,6,31,17,42,77,13,15,4,0,2,0,0,0,0,3,0.8502380952380952,0.0,4.519047619047619,0.5428571428571429,21.021428571428572,81.97380952380952,3.7476190476190476,37.385714285714286,42.6047619047619,37.61904761904762,2.007142857142857,43.57380952380952,47.43095238095238,49.18095238095238,54.5452380952381,Lazar Grujic,31,Serbian,UEFA,Serbia,Midfielder,177,75,Left,Feyenoord,5695058,42
P00306,1246,2,2,12,0,0.6,1.89,23,772,915,27,5,21,1,25,15,9,5,23,8,66,54,19,13,2,0,2,0,0,0,0,1,0.8550000000000001,0.0,3.580952380952381,0.4095238095238095,17.564285714285717,81.4452380952381,3.2,33.16190476190476,58.57380952380952,53.0047619047619,3.1547619047619047,68.22619047619048,70.16190476190475,71.03571428571429,56.97857142857143,Strahinja Mitrovic,18,Serbian,UEFA,Serbia,Midfielder,184,82,Right,RB Salzburg,22149912,42
P00307,1851,8,2,28,3,2.01,0.99,23,610,794,69,26,6,0,21,10,4,6,40,16,45,41,23,18,2,0,5,0,0,0,0,3,0.781904761904762,0.0,4.8619047619047615,0.5666666666666667,21.67142857142857,84.50952380952381,4.1761904761904765,41.32857142857143,71.38095238095238,24.176190476190477,2.757142857142857,66.54047619047618,65.12380952380951,71.12380952380951,55.78333333333334,Dusan Jevtovic,27,Serbian,UEFA,Serbia,Forward,172,71,Right,AC Milan,22323905,42
P00308,1487,7,2,23,2,1.6400000000000001,0.71,20,267,368,35,12,5,0,8,7,4,6,19,5,14,25,15,18,3,1,8,0,0,0,0,3,0.7764285714285715,0.0,3.8666666666666667,0.4166666666666667,20.14047619047619,82.10714285714286,3.6404761904761904,36.53809523809524,50.84285714285714,26.37142857142857,1.0214285714285714,46.45,46.33571428571428,49.48809523809524,48.76190476190476,Aleksandar Terzic,23,Serbian,UEFA,Serbia,Forward,177,69,Right,Marseille,4010133,42
P00309,1227,5,7,34,6,1.98,0.74,24,384,489,38,13,1,0,12,5,5,1,22,11,29,23,7,13,6,0,5,0,0,0,0,0,0.7776190476190475,0.0,3.183333333333333,0.3547619047619047,16.811904761904763,79.27142857142857,3.2833333333333337,32.68571428571428,70.17142857142856,23.15952380952381,2.0404761904761903,66.13809523809525,62.05238095238095,69.7452380952381,58.60952380952381,Filip Grujic,27,Serbian,UEFA,Serbia,Forward,185,74,Right,Marseille,19323119,42
P00310,1275,3,3,24,3,1.73,1.8,16,371,486,52,17,7,0,11,4,6,3,27,16,35,24,17,9,7,0,7,0,0,0,0,2,0.774047619047619,0.0,3.197619047619048,0.3642857142857143,19.195238095238096,83.20238095238095,3.8,38.58095238095238,70.43571428571428,24.826190476190476,1.8476190476190475,67.46190476190476,65.92142857142856,68.74047619047619,59.53333333333334,Sergej Mitrovic,26,Serbian,UEFA,Serbia,Forward,181,70,Right,Tottenham,8713600,42
P00311,1762,3,4,42,8,1.85,0.55,44,494,665,49,17,8,0,16,7,7,4,30,12,32,34,27,20,4,1,7,0,0,0,0,1,0.7709523809523811,0.0,4.7,0.5571428571428572,20.623809523809523,83.61190476190475,4.092857142857143,41.65,73.75238095238095,21.771428571428572,2.8261904761904764,64.40238095238095,65.0952380952381,71.71904761904761,57.0452380952381,Nemanja Savic,26,Serbian,UEFA,Serbia,Forward,178,70,Right,Bayern Munich,8704056,42
P00312,1556,3,3,30,4,2.18,0.79,14,334,444,29,5,1,0,9,11,6,6,36,20,26,32,24,11,1,0,3,0,0,0,0,0,0.784047619047619,0.0,4.140476190476191,0.5119047619047619,22.29285714285714,81.17380952380952,4.1,41.19285714285714,50.99761904761905,24.89761904761905,1.0095238095238095,46.75,45.47142857142857,47.80714285714286,52.86428571428572,Dusan Milinkovic-Savic,19,Serbian,UEFA,Serbia,Forward,170,72,Right,Chelsea,2164693,42
P00313,661,0,1,0,0,0.0,0.0,3,127,180,2,0,1,0,0,3,5,0,15,1,17,8,4,8,2,0,1,28,3,8,0,0,0.7160606060606061,0.18999999999999997,1.7878787878787878,0.21212121212121213,7.5636363636363635,79.1909090909091,1.7757575757575759,18.593939393939394,9.075757575757576,77.73636363636365,0.7424242424242424,69.13939393939394,25.01212121212121,70.76060606060605,57.13939393939393,David Sabitzer,31,Austrian,UEFA,Austria,Goalkeeper,192,75,Right,Ajax,7623596,33
P00314,768,0,0,0,0,0.0,0.0,1,147,216,2,0,3,0,0,8,10,0,10,3,19,18,9,7,2,0,2,42,1,16,1,0,0.7254545454545455,0.22303030303030305,2.254545454545455,0.27575757575757576,8.809090909090909,79.65151515151516,1.993939393939394,20.98181818181818,9.984848484848484,78.93636363636364,0.7666666666666667,65.73333333333333,31.272727272727273,69.89999999999999,54.65454545454545,Marcel Lainer,21,Austrian,UEFA,Austria,Goalkeeper,192,77,Right,Besiktas,11270723,33
P00315,1102,0,0,0,0,0.0,0.0,5,196,292,9,1,5,0,0,8,16,0,16,5,30,24,11,8,4,0,2,35,3,16,1,0,0.6951515151515152,0.23636363636363636,3.215151515151515,0.42424242424242425,12.296969696969697,76.59696969696971,2.5515151515151517,26.01818181818182,11.209090909090909,46.47878787878788,0.7121212121212122,40.97878787878788,31.333333333333332,43.53939393939394,51.60909090909091,Marko Baumgartlinger,31,Austrian,UEFA,Austria,Goalkeeper,187,75,Right,Club Brugge,3398957,33
P00316,1451,0,1,7,1,0.03,0.13,4,507,636,15,2,21,1,45,40,66,17,47,19,46,168,14,18,1,1,0,0,0,0,0,0,0.8224242424242424,0.0,4.745454545454545,0.5212121212121212,21.724242424242423,81.22727272727273,3.8151515151515154,38.63939393939393,24.84242424242424,52.121212121212125,1.7030303030303031,47.92121212121212,35.04545454545455,47.0,54.32121212121212,David Laimer,25,Austrian,UEFA,Austria,Defender,177,74,Right,Napoli,3011509,33
P00317,927,1,1,8,1,0.26,0.09,6,605,737,4,0,10,1,41,37,42,15,22,16,77,135,11,5,8,0,2,0,0,0,0,1,0.8196969696969697,0.0,2.9636363636363634,0.296969696969697,14.372727272727273,79.34242424242424,3.103030303030303,31.46060606060606,45.81212121212121,94.22727272727273,4.072727272727273,82.88787878787879,29.163636363636364,90.36666666666666,55.79090909090909,Marcel Kalajdzic,33,Austrian,UEFA,Austria,Defender,191,78,Right,Liverpool,10509185,33
P00318,1595,0,0,5,0,0.22999999999999998,0.16,7,767,943,10,2,23,0,66,43,65,7,48,24,70,181,18,12,4,0,4,0,0,0,0,0,0.8242424242424242,0.0,5.315151515151515,0.5848484848484848,24.53939393939394,84.60303030303031,4.6878787878787875,47.375757575757575,33.40909090909091,74.13030303030304,3.703030303030303,64.24545454545455,29.875757575757575,68.36363636363636,57.69090909090909,Marko Gregoritsch,27,Austrian,UEFA,Austria,Defender,182,74,Left,Napoli,11777939,33
P00319,1068,1,0,4,0,0.06,0.33,8,524,655,8,1,15,0,33,33,48,8,25,15,51,122,14,10,4,0,3,0,0,0,0,1,0.8172727272727273,0.0,3.533333333333333,0.38484848484848483,18.996969696969696,82.47272727272727,3.587878787878788,35.52424242424242,36.736363636363635,76.67575757575759,2.533333333333333,64.86666666666666,28.96363636363636,67.04545454545455,57.47878787878788,Konrad Posch,27,Austrian,UEFA,Austria,Defender,182,70,Right,Liverpool,11537444,33
P00320,1427,1,1,11,1,0.02,0.34,7,690,883,7,1,34,4,57,51,64,14,42,25,94,186,12,8,3,1,1,0,0,0,0,0,0.7975757575757576,0.0,4.515151515151516,0.5424242424242425,21.124242424242425,82.16060606060607,4.021212121212121,40.157575757575756,35.59090909090909,74.71818181818182,3.6272727272727274,63.02424242424243,28.096969696969698,71.0848484848485,54.64848484848485,Stefan Hinteregger,24,Austrian,UEFA,Austria,Defender,190,73,Right,Manchester United,57614882,33
P00321,984,0,2,6,0,0.01,0.26,5,520,650,6,0,17,0,40,22,51,7,23,12,49,120,12,11,2,0,1,0,0,0,0,0,0.8175757575757576,0.0,3.3666666666666667,0.4151515151515151,16.83939393939394,81.60303030303031,3.009090909090909,30.32424242424242,35.84848484848485,74.39999999999999,2.539393939393939,63.17878787878788,30.172727272727276,69.25151515151515,56.19090909090909,Maximilian Seiwald,35,Austrian,UEFA,Austria,Defender,178,78,Right,Bayer Leverkusen,14524344,33
P00322,1241,0,1,2,0,0.14,0.35000000000000003,9,804,985,12,3,24,2,34,40,54,24,36,15,92,152,18,16,5,0,1,0,0,0,0,1,0.8327272727272728,0.0,4.024242424242424,0.45454545454545453,20.606060606060606,85.43333333333334,4.296969696969697,42.6,44.28181818181818,92.26060606060605,5.5242424242424235,88.5,29.8,89.0878787878788,62.17575757575758,Florian Waldschmidt,22,Austrian,UEFA,Austria,Defender,180,72,Right,Besiktas,19613882,33
P00323,1001,0,0,3,0,0.03,0.07,4,348,422,8,1,15,0,45,35,52,13,27,11,40,145,11,10,3,0,2,0,0,0,0,0,0.8342424242424242,0.0,3.2636363636363637,0.3696969696969697,15.915151515151516,80.88181818181818,2.809090909090909,28.866666666666667,26.484848484848484,55.124242424242425,1.206060606060606,45.7969696969697,31.596969696969698,48.93333333333333,52.984848484848484,Xaver Kofler,34,Austrian,UEFA,Austria,Defender,182,79,Right,Ajax,6937019,33
P00324,1416,2,1,7,0,0.1,0.15,8,706,877,11,1,23,1,44,36,76,21,39,21,77,177,15,9,5,0,3,0,0,0,0,2,0.8196969696969697,0.0,4.542424242424243,0.5121212121212121,21.74848484848485,85.13030303030304,4.209090909090909,41.96969696969697,37.57272727272728,77.43939393939394,3.6363636363636362,68.03939393939395,30.545454545454547,69.13636363636364,56.40909090909091,Philipp Friedl,24,Austrian,UEFA,Austria,Defender,188,81,Right,Borussia Dortmund,15509447,33
P00325,1351,6,3,27,3,0.45,1.79,58,1242,1494,47,14,21,0,41,22,14,8,23,8,103,85,18,16,1,1,3,0,0,0,0,7,0.8454545454545455,0.0,4.912121212121212,0.5515151515151515,21.727272727272727,86.77878787878787,4.757575757575758,47.42121212121212,91.63030303030304,75.98181818181818,11.918181818181818,92.77272727272727,93.16666666666667,96.27878787878787,58.169696969696965,David Ulmer,30,Austrian,UEFA,Austria,Midfielder,171,72,Right,Rapid Vienna,86025691,33
P00326,1007,2,3,15,2,0.28,0.87,22,615,738,16,4,24,2,20,24,11,5,17,14,42,60,8,7,0,0,1,0,0,0,0,2,0.843939393939394,0.0,3.703030303030303,0.40606060606060607,17.933333333333334,80.60909090909091,3.415151515151515,33.80909090909091,61.121212121212125,53.64545454545454,3.4272727272727272,65.51515151515152,69.53333333333333,72.82727272727273,53.88484848484848,Marcel Dembir,22,Austrian,UEFA,Austria,Midfielder,183,78,Right,Chelsea,5930635,33
P00327,915,0,2,7,0,0.44,1.03,9,365,435,20,5,13,0,25,14,9,9,15,16,22,57,13,10,2,0,1,0,0,0,0,0,0.8590909090909091,0.0,3.1939393939393943,0.36666666666666664,13.918181818181818,79.43636363636364,2.378787878787879,25.17878787878788,35.43333333333333,31.22121212121212,1.0515151515151515,41.13939393939393,40.30909090909091,42.63939393939393,55.0030303030303,Marko Borrmann,18,Austrian,UEFA,Austria,Midfielder,180,75,Left,Juventus,3323085,33
P00328,814,0,1,12,0,0.15,0.24,15,468,553,18,5,7,0,19,24,6,6,13,8,35,55,7,5,3,0,2,0,0,0,0,1,0.8587878787878788,0.0,2.796969696969697,0.33939393939393936,13.772727272727273,78.34242424242424,2.715151515151515,27.990909090909092,58.63636363636363,58.96363636363636,2.466666666666667,62.06363636363636,62.663636363636364,71.04545454545455,57.6,Konrad Bardi,27,Austrian,UEFA,Austria,Midfielder,175,70,Left,Atletico Madrid,20618666,33
P00329,1701,2,4,10,0,0.08,1.92,28,593,710,24,5,26,1,36,25,18,7,20,13,41,86,20,12,1,0,3,0,0,0,0,2,0.8581818181818182,0.0,5.866666666666666,0.6515151515151515,26.303030303030305,82.0969696969697,5.012121212121213,50.666666666666664,37.306060606060605,29.96363636363636,1.9424242424242422,40.10303030303031,39.23939393939394,42.5030303030303,54.07272727272728,Stefan Muhl,25,Austrian,UEFA,Austria,Midfielder,182,75,Right,Real Madrid,6862820,33
P00330,1141,4,2,9,0,0.6,1.47,29,682,824,27,6,24,1,18,21,9,9,21,7,35,57,15,10,3,0,2,0,0,0,0,2,0.8412121212121213,0.0,4.50909090909091,0.5454545454545454,22.36060606060606,82.4121212121212,4.43030303030303,44.30909090909091,60.24242424242424,55.17878787878788,3.621212121212121,69.63636363636364,64.43030303030302,65.95151515151515,56.275757575757574,Maximilian Bavoli,24,Austrian,UEFA,Austria,Midfielder,172,70,Right,Young Boys,20082412,33
P00331,1390,1,2,28,2,0.5800000000000001,0.65,28,785,944,37,11,28,3,22,22,17,10,24,19,64,71,20,11,1,0,1,0,0,0,0,0,0.8484848484848485,0.0,4.721212121212122,0.5454545454545454,21.275757575757577,82.94545454545454,3.9909090909090907,40.20909090909091,60.35454545454546,54.7969696969697,4.421212121212122,67.62121212121212,64.35757575757576,70.36060606060606,57.30909090909091,Florian Kick,33,Austrian,UEFA,Austria,Midfielder,185,78,Right,Sporting CP,11730967,33
P00332,1435,3,3,29,3,1.5999999999999999,2.31,43,895,1076,31,6,24,1,35,23,19,5,30,17,74,82,20,10,3,0,0,0,0,0,0,2,0.8381818181818181,0.0,5.03939393939394,0.5606060606060606,21.33939393939394,81.24545454545455,4.2272727272727275,43.2060606060606,59.487878787878785,56.60909090909091,5.160606060606061,68.13333333333334,61.75757575757576,70.29393939393938,55.46969696969697,Xaver Sabitzer,21,Austrian,UEFA,Austria,Midfielder,173,69,Left,RB Leipzig,16312197,33
P00333,1574,5,4,35,5,2.46,0.28,34,506,661,57,21,6,0,9,7,5,3,24,13,30,24,22,17,3,0,3,0,0,0,0,3,0.7748484848484849,0.0,5.206060606060606,0.5909090909090909,23.687878787878788,83.77272727272727,4.754545454545455,48.124242424242425,72.03636363636363,26.436363636363637,3.23030303030303,69.86363636363636,66.5909090909091,70.34848484848484,54.77272727272727,David Muhl,18,Austrian,UEFA,Austria,Forward,178,75,Right,Arsenal,11207976,33
P00334,1453,5,1,40,6,2.36,1.09,26,435,564,47,17,3,0,14,3,3,3,24,11,27,23,17,14,5,0,8,0,0,0,0,2,0.7766666666666666,0.0,4.912121212121212,0.5484848484848486,21.575757575757574,83.93333333333334,4.303030303030303,42.93030303030303,73.06969696969698,24.48787878787879,2.812121212121212,66.46363636363637,73.8060606060606,69.47575757575757,55.23939393939394,Marcel Bavoli,28,Austrian,UEFA,Austria,Forward,184,79,Right,RB Leipzig,19983488,33
P00335,987,3,4,37,9,1.2,0.53,24,484,629,37,14,1,0,11,5,2,1,12,8,38,19,7,10,1,1,9,0,0,0,0,1,0.7948484848484849,0.0,3.2454545454545456,0.37272727272727274,17.763636363636365,84.92121212121212,3.9484848484848487,39.95151515151515,95.62727272727273,25.900000000000002,4.630303030303031,96.22121212121213,90.5939393939394,96.86363636363636,59.948484848484846,Marko Kick,29,Austrian,UEFA,Austria,Forward,173,70,Right,Napoli,77319536,33
P00336,1103,4,2,23,3,1.0999999999999999,0.43,13,234,315,30,8,3,0,12,6,3,2,11,10,8,23,11,6,0,0,2,0,0,0,0,0,0.7812121212121212,0.0,3.6696969696969695,0.396969696969697,19.478787878787877,81.85757575757576,3.490909090909091,34.53333333333333,50.32121212121212,25.96969696969697,0.9181818181818182,46.34848484848485,45.77878787878788,49.2969696969697,53.96060606060606,Konrad Sabitzer,26,Austrian,UEFA,Austria,Forward,185,72,Left,Red Star Belgrade,3310909,33
P00337,1688,11,3,64,12,3.2,0.87,40,668,877,80,33,3,0,16,8,6,1,28,13,59,31,21,19,1,1,5,0,0,0,0,2,0.7806060606060605,0.0,5.618181818181818,0.6787878787878787,26.42727272727273,88.28787878787878,5.418181818181819,54.275757575757574,93.78484848484848,23.484848484848484,6.112121212121211,80.82121212121211,84.60606060606061,89.13030303030304,59.22727272727273,Stefan Lainer,26,Austrian,UEFA,Austria,Forward,175,70,Right,Malmo FF,61390857,33
P00338,1217,3,2,14,1,0.93,0.4,13,251,326,27,9,1,0,11,4,5,2,11,16,20,22,15,10,4,1,8,0,0,0,0,1,0.7942424242424243,0.0,4.266666666666666,0.5090909090909091,20.5,81.31212121212121,3.8666666666666667,38.74848484848485,51.72727272727273,26.32121212121212,1.1272727272727274,46.2969696969697,47.448484848484846,49.95454545454545,51.051515151515154,Maximilian Baumgartlinger,26,Austrian,UEFA,Austria,Forward,180,73,Left,Arsenal,5122912,33
P00339,799,0,0,0,0,0.0,0.0,5,153,211,4,0,4,0,0,1,13,0,15,3,17,14,9,8,4,0,2,32,1,12,0,0,0.7256410256410256,0.18307692307692308,1.9128205128205131,0.21025641025641023,7.674358974358975,72.06153846153846,1.523076923076923,16.21282051282051,9.602564102564102,48.93333333333334,0.47692307692307695,38.84102564102564,30.635897435897434,40.35897435897436,49.776923076923076,Robert Zielinski,28,Polish,UEFA,Poland,Goalkeeper,186,81,Right,AC Milan,1713925,39
P00340,1405,0,1,0,0,0.0,0.0,6,263,377,10,0,5,0,0,11,28,0,14,4,25,39,15,12,1,1,1,58,3,21,1,0,0.7346153846153846,0.28794871794871796,3.548717948717949,0.39999999999999997,13.528205128205128,78.12820512820512,2.7948717948717947,28.53846153846154,11.197435897435897,56.302564102564105,0.8153846153846154,47.47692307692307,32.274358974358975,48.94615384615385,56.802564102564105,Piotr Glik,27,Polish,UEFA,Poland,Goalkeeper,191,73,Right,Bayer Leverkusen,5858673,39
P00341,899,0,0,0,0,0.0,0.0,2,168,245,5,0,4,0,0,7,13,0,13,3,13,20,10,13,3,0,0,35,3,11,3,0,0.7123076923076923,0.19512820512820514,2.241025641025641,0.2641025641025641,8.220512820512822,76.75897435897436,1.6717948717948719,17.894871794871793,8.720512820512822,57.18461538461538,0.46153846153846156,48.96410256410256,28.03589743589744,50.079487179487174,54.353846153846156,Jan Milik,33,Polish,UEFA,Poland,Goalkeeper,189,81,Right,Copenhagen,1755377,39
P00342,1420,0,3,13,1,0.06,0.39999999999999997,6,714,857,8,1,30,0,62,44,73,11,37,25,81,190,16,16,3,1,3,0,0,0,0,0,0.8343589743589743,0.0,3.7230769230769227,0.4230769230769231,20.97179487179487,84.31025641025641,4.079487179487179,41.294871794871796,34.37692307692308,76.19487179487179,2.966666666666667,68.76923076923077,29.41025641025641,69.54358974358973,56.758974358974356,Robert Krychowiak,27,Polish,UEFA,Poland,Defender,182,83,Right,Malmo FF,7306230,39
P00343,1910,1,0,6,1,0.21,0.41000000000000003,13,878,1117,6,0,34,2,71,52,87,18,51,33,104,228,28,20,5,0,0,0,0,0,0,1,0.7999999999999999,0.0,5.243589743589744,0.6282051282051282,22.287179487179486,84.94871794871794,4.282051282051282,43.743589743589745,33.02564102564103,76.22307692307692,4.056410256410256,63.94358974358975,33.06410256410256,69.54102564102564,54.05641025641025,Piotr Szymanski,20,Polish,UEFA,Poland,Defender,184,72,Right,Midtjylland,6807322,39
P00344,1431,1,0,7,0,0.07,0.03,6,418,511,11,0,26,2,59,43,65,17,34,14,46,184,14,6,6,0,3,0,0,0,0,0,0.8171794871794872,0.0,3.887179487179487,0.41794871794871796,21.879487179487178,79.43333333333334,4.105128205128205,41.758974358974356,21.07948717948718,44.59487179487179,1.064102564102564,38.54871794871795,31.90769230769231,42.312820512820515,53.6,Jan Bednarek,29,Polish,UEFA,Poland,Defender,182,79,Left,Benfica,1867106,39
P00345,1201,0,2,4,0,0.02,0.27,5,408,523,8,0,17,1,48,30,59,9,36,16,47,146,6,9,2,0,4,0,0,0,0,0,0.8187179487179487,0.0,3.01025641025641,0.3641025641025641,19.47179487179487,82.14102564102564,3.551282051282051,35.98461538461539,25.43076923076923,54.282051282051285,1.2435897435897436,48.00512820512821,32.04615384615384,48.08974358974359,51.36666666666667,Arkadiusz Dawidowicz,31,Polish,UEFA,Poland,Defender,180,75,Left,Porto,8671826,39
P00346,1252,2,1,10,0,0.09,0.05,4,421,536,6,0,20,0,46,50,74,11,26,26,56,181,15,11,5,0,1,0,0,0,0,0,0.815128205128205,0.0,3.37948717948718,0.39999999999999997,19.3,79.06923076923077,3.420512820512821,34.96153846153846,24.943589743589744,54.05128205128205,1.376923076923077,46.292307692307695,31.853846153846153,50.02307692307693,54.207692307692305,Grzegorz Piatek,26,Polish,UEFA,Poland,Defender,180,72,Right,Young Boys,3165157,39
P00347,1478,2,1,7,0,0.03,0.09,5,718,888,10,1,18,1,40,45,70,12,48,28,75,167,11,10,3,0,2,0,0,0,0,1,0.8164102564102564,0.0,4.1923076923076925,0.5128205128205128,21.43076923076923,83.44358974358975,4.205128205128205,42.282051282051285,33.17692307692308,73.50769230769231,2.876923076923077,64.04358974358973,30.625641025641027,70.69487179487179,56.98205128205129,Krzysztof Grosicki,27,Polish,UEFA,Poland,Defender,191,76,Right,Malmo FF,5761189,39
P00348,1156,1,0,6,0,0.02,0.38,4,404,503,15,1,13,0,35,39,50,9,30,13,51,133,15,8,4,1,4,0,0,0,0,0,0.8228205128205129,0.0,3.246153846153846,0.3564102564102564,15.451282051282051,80.14871794871796,2.841025641025641,29.423076923076923,22.682051282051283,52.47435897435897,1.2256410256410255,47.84615384615385,28.52051282051282,48.33846153846154,52.658974358974355,Mateusz Frankowski,31,Polish,UEFA,Poland,Defender,184,78,Left,Feyenoord,10570804,39
P00349,1733,1,1,7,0,0.04,0.14,5,579,716,8,2,30,1,65,46,61,19,61,23,58,191,23,16,9,1,2,0,0,0,0,1,0.8323076923076923,0.0,4.420512820512821,0.5333333333333333,20.76923076923077,83.84358974358975,3.8358974358974356,38.86666666666667,23.128205128205128,52.37435897435897,1.617948717948718,46.16153846153846,31.692307692307693,48.369230769230775,55.17435897435898,Jakub Helik,18,Polish,UEFA,Poland,Defender,179,73,Right,Copenhagen,3656412,39
P00350,1500,1,0,10,0,0.02,0.03,10,501,624,11,2,21,1,65,35,73,15,37,18,66,188,22,13,11,0,1,0,0,0,0,0,0.8133333333333334,0.0,3.9128205128205127,0.45384615384615384,21.17948717948718,83.7051282051282,3.787179487179487,38.287179487179486,25.45897435897436,53.07692307692308,1.6923076923076923,46.19230769230769,29.025641025641026,49.71025641025641,54.68974358974359,Kamil Jozwiak,24,Polish,UEFA,Poland,Defender,183,79,Left,Marseille,9705472,39
P00351,1869,5,4,22,2,0.67,1.93,48,1148,1353,47,13,33,1,50,33,16,13,43,14,85,112,22,18,3,0,1,0,0,0,0,3,0.8497435897435898,0.0,5.612820512820513,0.6615384615384615,25.174358974358974,86.39999999999999,4.78974358974359,48.42564102564102,57.48974358974359,54.95384615384615,5.4512820512820515,67.84871794871795,65.77692307692308,69.25641025641026,57.758974358974356,Robert Swierczok,31,Polish,UEFA,Poland,Midfielder,185,82,Right,Benfica,17650534,39
P00352,1242,1,6,28,3,0.46,1.68,42,979,1175,41,11,28,1,33,17,14,6,16,10,72,70,10,11,4,0,3,0,0,0,0,4,0.8507692307692307,0.0,3.633333333333333,0.4076923076923077,15.95897435897436,80.73333333333333,3.323076923076923,33.54615384615384,76.83589743589744,68.28717948717949,6.279487179487179,88.56153846153846,84.4948717948718,88.61538461538461,57.5974358974359,Piotr Cash,27,Polish,UEFA,Poland,Midfielder,174,74,Right,RB Leipzig,81075176,39
P00353,1590,1,1,18,0,0.51,1.29,24,607,732,28,6,29,0,40,29,15,11,34,11,48,95,17,8,0,1,3,0,0,0,0,0,0.8417948717948718,0.0,4.928205128205128,0.5743589743589743,21.074358974358972,80.03076923076922,3.8076923076923075,38.74871794871795,42.05384615384615,38.812820512820515,2.0230769230769234,46.54615384615384,44.85641025641026,49.738461538461536,50.882051282051286,Jan Rybus,32,Polish,UEFA,Poland,Midfielder,173,70,Left,Club Brugge,2666185,39
P00354,1300,1,0,8,1,0.19999999999999998,0.11,18,594,700,19,3,18,0,30,20,10,6,21,15,34,66,18,10,3,0,5,0,0,0,0,1,0.8648717948717948,0.0,4.156410256410256,0.4897435897435898,19.28717948717949,80.81538461538462,3.430769230769231,34.80769230769231,41.96410256410256,38.11025641025641,1.7717948717948717,45.91538461538462,45.699999999999996,48.92564102564102,53.22307692307692,Arkadiusz Puchacz,23,Polish,UEFA,Poland,Midfielder,179,78,Left,Roma,8726917,39
P00355,1743,0,2,17,1,0.36,1.1600000000000001,22,736,864,35,10,39,2,44,33,22,9,32,22,43,108,13,19,6,0,2,0,0,0,0,2,0.8584615384615384,0.0,5.015384615384615,0.5615384615384615,24.15128205128205,83.0025641025641,4.305128205128205,44.64358974358974,44.97948717948718,37.17948717948718,2.2948717948717947,46.8025641025641,42.16410256410256,47.4974358974359,55.01025641025641,Grzegorz Skoras,21,Polish,UEFA,Poland,Midfielder,178,74,Right,Ajax,6697432,39
P00356,1859,2,0,18,1,0.67,1.11,14,715,852,23,5,35,2,55,31,22,15,27,15,36,123,19,14,4,0,1,0,0,0,0,0,0.8535897435897436,0.0,5.7384615384615385,0.6769230769230768,23.01025641025641,82.61794871794872,4.294871794871795,43.67692307692308,36.45128205128205,32.47435897435897,1.6358974358974359,39.666666666666664,36.864102564102566,43.08461538461538,51.91025641025641,Krzysztof Urbański,28,Polish,UEFA,Poland,Midfielder,179,76,Right,FC Basel,10952936,39
P00357,1258,5,5,25,3,0.38,1.0,43,1241,1464,49,19,17,1,26,21,8,5,15,9,85,60,9,18,3,0,2,0,0,0,0,5,0.8533333333333334,0.0,4.0025641025641026,0.4358974358974359,15.789743589743589,86.05897435897437,3.6743589743589737,36.51282051282051,86.65897435897435,80.43589743589743,8.884615384615385,92.72820512820513,91.93589743589743,96.17692307692307,58.55897435897436,Mateusz Kozlowski,25,Polish,UEFA,Poland,Midfielder,172,73,Right,Bayern Munich,96310144,39
P00358,1191,4,4,31,5,0.8,0.89,26,972,1129,40,14,25,2,31,18,18,4,15,10,77,71,13,13,4,0,4,0,0,0,0,5,0.867948717948718,0.0,3.7435897435897436,0.4230769230769231,18.615384615384617,84.03076923076922,3.830769230769231,39.06410256410256,80.33076923076923,65.93589743589743,5.605128205128205,83.12051282051281,84.66410256410256,90.98205128205129,58.802564102564105,Jakub Zielinski,25,Polish,UEFA,Poland,Midfielder,190,81,Right,Arsenal,37809770,39
P00359,1631,3,1,54,10,1.9000000000000001,1.03,29,492,627,52,19,3,0,17,7,7,6,33,17,31,37,19,18,4,0,12,0,0,0,0,1,0.7828205128205129,0.0,4.533333333333333,0.5307692307692308,19.925641025641028,81.72051282051282,3.8923076923076927,39.19230769230769,71.71282051282051,24.41794871794872,2.5871794871794873,64.73589743589743,66.82051282051282,69.79743589743589,54.4,Robert Skoras,34,Polish,UEFA,Poland,Forward,170,71,Left,Paris Saint-Germain,12927808,39
P00360,1204,5,2,20,2,0.66,0.79,13,222,294,21,4,0,0,12,2,3,4,12,7,16,21,11,11,4,0,7,0,0,0,0,0,0.7784615384615384,0.0,3.3974358974358974,0.39487179487179486,14.912820512820513,80.72564102564102,2.7923076923076926,28.81794871794872,43.36153846153846,24.751282051282054,0.6692307692307693,40.27179487179487,41.00769230769231,42.94102564102564,51.305128205128206,Piotr Urbański,22,Polish,UEFA,Poland,Forward,186,75,Left,Copenhagen,15448669,39
P00361,1083,3,3,12,1,1.01,0.15,11,227,297,24,8,5,0,10,10,6,6,12,12,27,32,17,7,5,0,5,0,0,0,0,2,0.7833333333333333,0.0,2.9435897435897433,0.32051282051282054,16.73589743589744,81.6025641025641,2.9769230769230766,29.833333333333332,52.57179487179488,25.905128205128207,0.9846153846153846,46.83846153846154,45.55641025641026,49.38717948717949,55.671794871794866,Jan Kozlowski,25,Polish,UEFA,Poland,Forward,171,68,Right,RB Salzburg,9090097,39
P00362,1653,5,3,29,4,1.87,0.64,27,356,472,39,12,4,0,14,4,3,4,27,16,25,25,22,9,3,0,12,0,0,0,0,2,0.7792307692307693,0.0,4.835897435897436,0.5846153846153846,22.65897435897436,82.96666666666667,4.023076923076923,40.82307692307692,47.9974358974359,23.784615384615385,1.4564102564102563,48.16410256410256,46.51025641025641,48.83589743589744,54.305128205128206,Arkadiusz Zielinski,27,Polish,UEFA,Poland,Forward,185,79,Right,Sporting CP,7885461,39
P00363,1370,4,3,43,9,2.62,0.32,16,424,558,41,14,2,0,13,11,6,1,24,14,25,31,17,13,6,0,8,0,0,0,0,2,0.7784615384615384,0.0,3.9179487179487182,0.45128205128205134,21.26923076923077,81.3025641025641,4.071794871794872,41.04871794871795,70.86410256410257,22.900000000000002,2.0384615384615383,65.67435897435898,61.83846153846154,70.22820512820513,56.47179487179488,Grzegorz Glik,20,Polish,UEFA,Poland,Forward,182,79,Right,Porto,14358277,39
P00364,1493,3,6,41,7,2.46,0.6799999999999999,30,402,539,51,16,7,0,9,10,6,3,27,11,25,28,8,10,2,0,8,0,0,0,0,2,0.7728205128205128,0.0,4.18974358974359,0.4897435897435898,19.274358974358975,85.42820512820512,3.676923076923077,36.65384615384615,70.17692307692307,26.24102564102564,2.312820512820513,64.72820512820513,62.758974358974356,69.97948717948718,54.81025641025641,Krzysztof Milik,23,Polish,UEFA,Poland,Forward,170,81,Right,Atletico Madrid,8659602,39
P00365,880,0,1,0,0,0.0,0.0,4,185,269,7,1,0,0,0,9,13,0,15,3,17,22,4,11,6,1,1,36,2,16,5,2,0.7119444444444444,0.18722222222222223,2.2694444444444444,0.25833333333333336,8.880555555555555,77.39444444444445,1.9055555555555554,19.66388888888889,9.36111111111111,78.86666666666666,0.911111111111111,69.54722222222222,31.375,69.89722222222223,57.486111111111114,Dejan Isak,29,Swedish,UEFA,Sweden,Goalkeeper,190,80,Right,AC Milan,13416038,36
P00366,1157,0,0,0,0,0.0,0.0,3,239,311,4,0,3,0,0,8,11,0,20,3,29,19,8,16,4,0,5,52,4,15,1,0,0.7383333333333333,0.30000000000000004,2.861111111111111,0.31666666666666665,11.847222222222221,78.44722222222222,2.5,25.180555555555557,8.466666666666667,47.81944444444444,0.6805555555555556,39.650000000000006,32.230555555555554,42.61944444444444,52.30833333333333,Alexander Lindelof,33,Swedish,UEFA,Sweden,Goalkeeper,182,79,Left,Benfica,1744205,36
P00367,784,0,0,0,0,0.0,0.0,1,165,230,2,0,6,0,0,3,16,0,13,5,19,19,7,3,1,0,6,41,0,18,0,0,0.7275,0.17166666666666666,2.111111111111111,0.22777777777777775,8.266666666666667,77.94999999999999,1.5611111111111111,16.141666666666666,10.322222222222223,48.55,0.46388888888888885,41.044444444444444,29.841666666666665,42.38055555555556,51.63055555555556,Emil Olsson,29,Swedish,UEFA,Sweden,Goalkeeper,186,76,Left,Marseille,2818786,36
P00368,1638,0,1,13,1,0.01,0.030000000000000002,12,583,724,12,1,16,0,74,43,79,13,46,15,75,209,13,25,3,1,0,0,0,0,0,0,0.8172222222222222,0.0,4.830555555555556,0.5472222222222222,22.438888888888886,82.92777777777778,3.9749999999999996,39.74444444444444,23.447222222222223,52.84444444444445,2.111111111111111,45.98888888888889,27.294444444444444,48.861111111111114,54.580555555555556,Dejan Augustinsson,19,Swedish,UEFA,Sweden,Defender,192,83,Right,Borussia Dortmund,3156641,36
P00369,1411,0,0,4,0,0.04,0.02,6,430,537,4,0,31,2,39,31,75,21,36,16,52,166,14,8,0,0,5,0,0,0,0,0,0.8125,0.0,4.311111111111111,0.48055555555555557,18.991666666666667,79.76944444444445,3.5027777777777778,35.388888888888886,22.375,45.62222222222223,1.2083333333333333,39.30555555555556,28.577777777777776,41.297222222222224,51.355555555555554,Alexander Ekdal,32,Swedish,UEFA,Sweden,Defender,181,74,Right,Dinamo Zagreb,528822,36
P00370,1491,0,0,4,0,0.0,0.09,2,758,929,5,0,28,1,57,38,63,16,42,21,78,174,19,14,2,0,1,0,0,0,0,0,0.8247222222222222,0.0,4.461111111111111,0.5166666666666667,23.11111111111111,85.94999999999999,4.183333333333334,41.91111111111111,34.075,74.28888888888889,3.197222222222222,66.71666666666667,31.21111111111111,66.78611111111111,56.486111111111114,Emil Berg,29,Swedish,UEFA,Sweden,Defender,175,73,Right,Tottenham,10243337,36
P00371,1335,2,1,6,0,0.030000000000000002,0.05,6,392,483,5,0,25,1,54,45,63,17,34,21,43,179,21,9,6,0,1,0,0,0,0,0,0.8322222222222222,0.0,4.111111111111111,0.4833333333333333,24.15277777777778,82.13611111111112,4.397222222222222,44.730555555555554,19.580555555555556,44.394444444444446,1.1527777777777777,39.141666666666666,29.255555555555556,42.97222222222222,51.66111111111111,Viktor Krafth,23,Swedish,UEFA,Sweden,Defender,183,79,Right,Paris Saint-Germain,4353169,36
P00372,1517,0,2,13,1,0.09,0.11,17,995,1257,12,0,31,2,52,37,84,12,43,21,107,185,13,17,6,0,0,0,0,0,0,1,0.8208333333333333,0.0,4.583333333333333,0.5361111111111111,21.941666666666666,82.61111111111111,4.577777777777778,46.738888888888894,46.775000000000006,92.83055555555556,6.147222222222222,84.05277777777778,31.541666666666668,86.70555555555556,57.95277777777778,Robin Björkman,27,Swedish,UEFA,Sweden,Defender,189,77,Right,Legia Warsaw,13038313,36
P00373,1281,1,2,7,0,0.05,0.13,16,982,1207,8,1,27,1,44,34,52,16,45,21,111,146,13,10,3,0,1,0,0,0,0,2,0.821388888888889,0.0,3.75,0.4444444444444444,16.91111111111111,81.90555555555555,3.7527777777777778,37.99722222222223,59.425000000000004,97.04444444444444,7.616666666666666,95.66944444444444,28.333333333333332,97.03055555555555,63.23055555555556,Ludwig Elanga,29,Swedish,UEFA,Sweden,Defender,172,70,Right,Atletico Madrid,35972213,36
P00374,1321,5,0,5,0,0.03,0.05,6,368,465,7,0,27,1,35,36,70,11,31,22,48,152,13,10,6,0,2,0,0,0,0,1,0.8208333333333333,0.0,4.080555555555556,0.4583333333333333,21.647222222222222,82.27222222222223,3.952777777777778,39.97777777777778,20.008333333333333,46.202777777777776,1.1694444444444445,39.55833333333333,24.544444444444444,41.61666666666667,50.111111111111114,Mattias Karlsson,31,Swedish,UEFA,Sweden,Defender,179,71,Left,Osijek,7428194,36
P00375,1688,0,0,8,0,0.02,0.37,5,811,1021,11,1,33,3,40,50,77,18,49,17,92,185,20,17,3,0,2,0,0,0,0,0,0.8144444444444444,0.0,5.0055555555555555,0.5777777777777778,23.547222222222224,85.51666666666667,4.511111111111111,46.144444444444446,32.94166666666667,70.31666666666666,3.6750000000000003,68.975,29.21388888888889,69.59722222222223,56.83888888888889,Karl Kristoffersen,30,Swedish,UEFA,Sweden,Defender,186,76,Left,Midtjylland,6801724,36
P00376,952,0,0,7,1,0.07,0.03,0,255,327,6,0,10,0,32,30,53,8,28,14,29,123,10,5,5,0,0,0,0,0,0,0,0.8161111111111111,0.0,2.783333333333333,0.3333333333333333,15.422222222222224,80.01666666666667,2.7472222222222222,27.538888888888888,19.586111111111112,43.41388888888889,0.7027777777777778,39.03055555555555,30.380555555555556,42.38055555555556,54.172222222222224,Filip Daka,24,Swedish,UEFA,Sweden,Defender,191,85,Right,FC Basel,4894153,36
P00377,1332,2,1,16,2,0.25,0.51,15,580,694,19,5,18,2,28,22,15,8,20,10,41,73,19,13,1,0,0,0,0,0,0,0,0.8413888888888889,0.0,4.419444444444444,0.5222222222222223,17.266666666666666,80.30555555555556,3.0277777777777777,30.349999999999998,41.52222222222222,38.68888888888889,1.8722222222222225,47.18055555555556,43.769444444444446,48.863888888888894,53.46944444444445,Dejan Gustafson,19,Swedish,UEFA,Sweden,Midfielder,179,74,Right,Besiktas,15794088,36
P00378,1291,1,3,13,0,0.43,1.23,16,534,647,23,5,18,2,41,23,12,3,18,9,47,79,15,11,1,1,1,0,0,0,0,1,0.8494444444444444,0.0,4.263888888888889,0.5194444444444444,20.05,82.36388888888888,3.4805555555555556,35.327777777777776,41.68611111111111,39.59722222222222,1.9027777777777777,46.81388888888889,45.358333333333334,48.577777777777776,50.861111111111114,Alexander Ndicka,24,Swedish,UEFA,Sweden,Midfielder,180,81,Right,Legia Warsaw,23674468,36
P00379,1246,5,3,17,2,0.06,1.9,20,778,941,31,8,25,1,30,13,17,5,22,9,57,65,8,13,4,0,5,0,0,0,0,4,0.8408333333333333,0.0,3.9749999999999996,0.46388888888888885,19.22222222222222,81.96111111111111,3.797222222222222,37.955555555555556,59.91388888888889,57.42222222222222,3.6222222222222222,65.80277777777778,65.97222222222223,69.75,56.775000000000006,Emil Garcia,24,Swedish,UEFA,Sweden,Midfielder,177,73,Right,Legia Warsaw,24026785,36
P00380,1553,5,2,29,0,0.23,3.19,40,1203,1449,37,9,27,1,43,21,18,10,29,10,73,92,17,10,3,0,5,0,0,0,0,1,0.8363888888888888,0.0,5.077777777777778,0.5888888888888889,20.97222222222222,85.1861111111111,4.286111111111111,42.96666666666667,80.25,69.58333333333333,7.336111111111112,83.05000000000001,77.31944444444444,89.19444444444444,59.86666666666666,Viktor Holm,20,Swedish,UEFA,Sweden,Midfielder,172,75,Right,Real Madrid,63921739,36
P00381,1293,3,4,16,0,0.42,1.2000000000000002,23,806,959,30,7,21,1,33,22,17,8,15,7,63,80,17,12,1,0,2,0,0,0,0,1,0.8583333333333333,0.0,4.394444444444444,0.5083333333333333,15.875,80.25277777777778,3.25,33.24722222222223,60.291666666666664,57.477777777777774,3.8499999999999996,63.824999999999996,62.76944444444444,73.45833333333333,58.81944444444444,Robin Wahlqvist,31,Swedish,UEFA,Sweden,Midfielder,165,71,Right,Malmo FF,13435801,36
P00382,1090,1,3,10,0,0.11000000000000001,1.26,23,358,442,17,5,15,1,20,15,12,5,22,5,22,52,14,11,3,0,1,0,0,0,0,0,0.8413888888888889,0.0,3.6277777777777778,0.4166666666666667,16.105555555555554,79.13611111111112,2.9361111111111113,29.70555555555556,36.56111111111111,32.91388888888889,1.1527777777777777,39.22777777777778,37.202777777777776,41.57222222222222,48.794444444444444,Ludwig Hiljemark,25,Swedish,UEFA,Sweden,Midfielder,181,78,Left,Grasshoppers,3030475,36
P00383,1697,3,0,8,1,0.39,0.97,19,604,721,22,3,39,2,50,32,17,9,32,18,50,108,24,13,2,0,5,0,0,0,0,3,0.8461111111111111,0.0,5.322222222222222,0.5694444444444444,22.308333333333334,80.51388888888889,4.116666666666666,41.916666666666664,36.61666666666667,33.22777777777778,1.725,41.96666666666667,41.68611111111111,41.28055555555555,52.141666666666666,Mattias Ljungberg,26,Swedish,UEFA,Sweden,Midfielder,175,75,Right,Brondby,6171391,36
P00384,1538,2,2,12,0,0.43,1.11,20,501,597,19,3,25,2,42,16,23,7,34,10,26,88,15,16,4,0,0,0,0,0,0,0,0.8644444444444445,0.0,4.958333333333333,0.5555555555555556,21.744444444444444,80.89444444444445,3.952777777777778,39.27777777777778,35.016666666666666,32.291666666666664,1.4055555555555557,41.05555555555556,38.125,42.19444444444444,49.55555555555556,Karl Isak,27,Swedish,UEFA,Sweden,Midfielder,177,76,Right,Barcelona,8289387,36
P00385,1152,6,0,20,0,1.21,0.27,11,211,268,21,8,0,0,8,7,3,0,15,10,21,18,12,10,2,1,6,0,0,0,0,0,0.8016666666666666,0.0,3.427777777777778,0.39722222222222225,16.549999999999997,81.30833333333334,2.9055555555555554,30.05833333333333,44.42777777777778,27.22222222222222,0.7944444444444445,41.05,38.62222222222223,40.849999999999994,52.17777777777778,Dejan Wahlqvist,30,Swedish,UEFA,Sweden,Forward,182,78,Right,Juventus,3535774,36
P00386,1458,1,1,26,1,1.39,0.5700000000000001,11,256,341,28,6,4,0,16,8,3,1,27,7,26,28,23,14,0,1,8,0,0,0,0,0,0.7986111111111112,0.0,4.4944444444444445,0.5472222222222222,21.46388888888889,81.975,4.0055555555555555,40.52777777777778,43.30833333333333,23.905555555555555,0.8916666666666667,41.33611111111111,39.11944444444444,41.958333333333336,52.92777777777778,Alexander Hiljemark,20,Swedish,UEFA,Sweden,Forward,183,75,Right,Liverpool,5666965,36
P00387,1523,6,9,63,11,2.2,2.06,21,581,797,57,19,3,0,6,5,5,2,28,18,48,18,24,15,1,0,8,0,0,0,0,5,0.7544444444444445,0.0,4.686111111111111,0.5611111111111111,24.33888888888889,86.64444444444445,5.072222222222222,51.041666666666664,92.18055555555556,23.397222222222222,3.9583333333333335,81.75833333333333,84.89166666666667,89.3138888888889,62.983333333333334,Emil Ljungberg,28,Swedish,UEFA,Sweden,Forward,178,77,Right,Grasshoppers,45572673,36
P00388,1221,7,1,24,4,1.82,0.82,27,339,458,41,13,4,0,14,4,2,5,20,13,30,25,13,12,2,2,6,0,0,0,0,2,0.7683333333333333,0.0,3.558333333333333,0.39166666666666666,16.297222222222224,81.5,3.197222222222222,32.19166666666667,73.36666666666666,26.53611111111111,2.3583333333333334,64.6888888888889,65.33888888888889,67.88333333333334,59.375,Viktor Isak,33,Swedish,UEFA,Sweden,Forward,175,72,Right,Paris Saint-Germain,16588527,36
P00389,1006,1,0,20,3,1.07,0.34,13,184,240,24,5,2,0,9,4,1,1,14,5,15,15,9,8,1,0,5,0,0,0,0,0,0.8080555555555555,0.0,3.1083333333333334,0.3416666666666666,19.458333333333332,79.74444444444445,3.8583333333333334,39.16111111111111,41.833333333333336,26.436111111111114,0.7083333333333334,39.64722222222222,35.28333333333333,42.355555555555554,51.78611111111111,Robin Lindelof,28,Swedish,UEFA,Sweden,Forward,184,78,Left,Dinamo Zagreb,5845796,36
P00390,1189,8,0,44,10,2.41,0.77,28,449,592,58,26,3,0,11,11,2,4,20,10,26,28,15,10,3,0,6,0,0,0,0,1,0.7797222222222222,0.0,3.630555555555555,0.4222222222222222,16.830555555555556,81.94722222222222,3.638888888888889,37.141666666666666,89.16111111111111,23.97222222222222,3.563888888888889,85.67777777777778,83.88055555555555,88.19722222222222,62.22222222222222,Ludwig Olsson,22,Swedish,UEFA,Sweden,Forward,173,73,Right,Dinamo Zagreb,48798366,36
P00391,641,0,0,0,0,0.0,0.0,3,134,179,2,0,2,0,0,6,10,0,13,3,9,16,4,5,8,1,2,23,2,13,2,0,0.7173999999999999,0.1048,1.212,0.146,4.556,75.57600000000001,0.9620000000000001,10.894,9.984,46.878,0.252,38.63,30.732,42.592,51.861999999999995,Hakan Under,29,Turkish,UEFA,Turkey,Goalkeeper,186,78,Right,Roma,2416886,50
P00392,1567,0,0,0,0,0.0,0.0,5,307,445,12,2,10,0,0,8,20,0,25,2,37,28,14,19,3,2,4,72,6,24,1,0,0.7104,0.2968,2.91,0.322,11.905999999999999,77.778,2.648,26.51,11.187999999999999,78.594,1.14,68.08800000000001,28.944000000000003,69.2,55.364,Cengiz Soyuncu,24,Turkish,UEFA,Turkey,Goalkeeper,183,74,Right,Juventus,7179235,50
P00393,1646,0,0,0,0,0.0,0.0,7,339,456,7,0,6,0,0,11,19,0,27,8,37,30,12,23,6,1,2,53,7,27,2,0,0.7390000000000001,0.26239999999999997,3.0660000000000003,0.36200000000000004,12.296,82.82600000000001,2.346,24.182,9.454,55.913999999999994,0.84,46.553999999999995,30.131999999999998,50.68,56.106,Merih Turan,36,Turkish,UEFA,Turkey,Goalkeeper,191,81,Right,Besiktas,1759890,50
P00394,1280,0,1,9,1,0.01,0.14,4,371,460,11,0,20,1,51,41,55,8,32,22,46,155,15,10,6,1,3,0,0,0,0,1,0.8244,0.0,2.7680000000000002,0.322,15.67,78.37,2.748,27.608,21.476,45.756,0.7959999999999999,39.99,27.441999999999997,42.122,53.852,Hakan Yilmaz,24,Turkish,UEFA,Turkey,Defender,182,81,Right,Osijek,5864063,50
P00395,2114,1,0,14,1,0.04,0.2,7,746,943,14,0,42,2,64,64,117,25,56,29,66,270,31,24,9,1,0,0,0,0,0,0,0.8144,0.0,4.346,0.488,19.472,79.82,3.412,35.598,25.628,53.36600000000001,1.5419999999999998,46.01,28.686,47.48,52.21,Cengiz Kahveci,23,Turkish,UEFA,Turkey,Defender,191,75,Right,Bayern Munich,11641472,50
P00396,1519,0,1,10,0,0.18,0.26,7,715,882,10,0,26,1,50,39,84,16,43,30,95,189,13,11,6,1,1,0,0,0,0,0,0.8164,0.0,3.2,0.368,17.79,80.91199999999999,3.408,34.296,34.984,72.902,2.574,69.628,31.577999999999996,69.80199999999999,56.272,Merih Kokcu,29,Turkish,UEFA,Turkey,Defender,176,73,Right,Copenhagen,13781172,50
P00397,1875,1,4,16,0,0.08,0.14,8,911,1105,12,0,21,0,65,52,92,14,56,25,96,223,18,21,11,0,4,0,0,0,0,1,0.8264,0.0,4.164,0.502,19.694000000000003,80.71600000000001,4.002,39.672,34.861999999999995,73.73,2.9819999999999998,65.438,31.568,70.44800000000001,54.602,Caglar Guler,27,Turkish,UEFA,Turkey,Defender,181,77,Right,Napoli,11061458,50
P00398,1799,1,0,10,1,0.03,0.06,8,522,650,12,0,27,1,75,58,96,21,44,26,51,250,25,21,7,1,4,0,0,0,0,0,0.8190000000000001,0.0,3.7060000000000004,0.44,18.178,80.274,3.438,34.736,21.128,44.512,1.036,40.0,28.168000000000003,40.154,53.406000000000006,Burak Tufan,31,Turkish,UEFA,Turkey,Defender,182,78,Left,Inter Milan,1801789,50
P00399,1613,1,1,9,0,0.06,0.12,14,827,1019,7,0,27,1,63,49,89,14,35,12,86,215,15,7,7,1,2,0,0,0,0,0,0.8254,0.0,3.4139999999999997,0.38799999999999996,18.992,84.12,3.6260000000000003,36.434,35.69,73.47,2.824,65.77,30.855999999999998,70.61,57.788000000000004,Enes Celik,23,Turkish,UEFA,Turkey,Defender,189,80,Left,Bayer Leverkusen,13927073,50
P00400,1901,1,3,15,0,0.02,0.49,13,910,1105,12,0,32,0,69,52,84,19,69,26,101,224,19,12,6,0,5,0,0,0,0,2,0.8294,0.0,3.8819999999999997,0.42200000000000004,18.146,82.35600000000001,3.4960000000000004,35.518,33.775999999999996,75.872,3.022,62.532,28.384,67.476,58.288000000000004,Yusuf Kilicsoy,34,Turkish,UEFA,Turkey,Defender,186,75,Right,Feyenoord,16608048,50
P00401,1769,1,1,16,1,0.08,0.19,14,1102,1372,7,1,23,0,55,46,81,18,47,23,148,200,17,16,7,0,0,0,0,0,0,0,0.8144,0.0,3.742,0.43799999999999994,18.64,82.05799999999999,3.9,39.808,47.232,91.348,5.3260000000000005,84.866,31.134,90.126,59.228,Irfan Enes,23,Turkish,UEFA,Turkey,Defender,174,74,Right,Osijek,15278138,50
P00402,2069,3,0,13,0,0.13,0.05,6,608,772,7,0,37,3,64,62,112,27,66,21,62,265,27,17,10,1,2,0,0,0,0,0,0.8262,0.0,4.314,0.488,20.72,82.456,3.8480000000000003,39.385999999999996,21.134,44.628,1.1520000000000001,40.211999999999996,31.518,41.534,53.79,Orkun Bayindir,28,Turkish,UEFA,Turkey,Defender,186,73,Right,Real Madrid,3326762,50
P00403,1759,2,2,29,4,1.06,3.63,44,1102,1297,36,9,32,3,47,32,17,11,25,18,82,107,27,20,2,1,3,0,0,0,0,0,0.8466,0.0,4.038,0.444,18.994,82.34200000000001,3.5639999999999996,36.514,58.662,53.903999999999996,3.968,69.3,67.632,68.74600000000001,57.652,Hakan Ucar,24,Turkish,UEFA,Turkey,Midfielder,186,79,Right,Sporting CP,11191363,50
P00404,1598,2,1,13,0,0.5,0.74,21,599,708,24,8,23,1,36,33,16,9,31,11,41,94,18,6,7,0,1,0,0,0,0,1,0.8565999999999999,0.0,3.7680000000000002,0.43200000000000005,14.954,79.986,2.742,27.938000000000002,35.635999999999996,32.158,1.224,39.111999999999995,38.548,41.238,52.251999999999995,Cengiz Muldur,24,Turkish,UEFA,Turkey,Midfielder,185,78,Left,Rapid Vienna,7819509,50
P00405,1908,3,3,25,1,0.44,1.11,43,1175,1373,32,8,33,2,52,34,19,9,41,18,86,114,17,22,2,0,1,0,0,0,0,4,0.85,0.0,4.656,0.53,20.136,81.294,3.9619999999999997,39.518,61.338,56.354,4.126,64.47,62.88,69.798,54.3,Merih Yildiz,28,Turkish,UEFA,Turkey,Midfielder,179,73,Right,Paris Saint-Germain,6179874,50
P00406,1903,0,6,16,1,0.98,1.4000000000000001,25,749,905,33,7,38,3,42,27,20,11,25,12,62,100,17,13,3,0,3,0,0,0,0,2,0.8484,0.0,4.498,0.502,21.584,81.61,3.988,40.294000000000004,43.412,39.16,1.874,46.526,44.95399999999999,48.9,53.361999999999995,Caglar Abdul,22,Turkish,UEFA,Turkey,Midfielder,166,72,Right,Real Madrid,3022793,50
P00407,2254,2,5,15,0,0.73,1.22,22,804,955,31,3,50,4,58,40,22,10,43,27,71,130,32,24,5,0,1,0,0,0,0,3,0.8540000000000001,0.0,5.468,0.59,21.866,82.59,4.09,41.052,36.568000000000005,34.204,1.6640000000000001,37.948,41.782,42.88,51.828,Burak Cengiz,26,Turkish,UEFA,Turkey,Midfielder,173,75,Left,Napoli,8071447,50
P00408,1590,3,4,33,4,1.24,1.73,51,1267,1544,31,8,27,1,36,27,20,10,23,14,97,93,12,16,5,0,3,0,0,0,0,4,0.8368000000000001,0.0,3.7960000000000003,0.46799999999999997,17.504,85.134,3.7239999999999998,37.082,77.72,68.748,6.1579999999999995,85.4,80.896,89.336,58.641999999999996,Enes Gonul,21,Turkish,UEFA,Turkey,Midfielder,173,72,Right,Ajax,17444103,50
P00409,2126,3,3,24,0,0.57,1.8900000000000001,28,936,1107,36,6,32,1,62,24,22,12,44,20,71,120,32,20,2,2,5,0,0,0,0,0,0.8532,0.0,5.154,0.5820000000000001,21.802,82.00200000000001,3.8280000000000003,38.592,41.343999999999994,37.378,2.3080000000000003,46.474,45.856,48.864,54.174,Yusuf Unal,24,Turkish,UEFA,Turkey,Midfielder,181,77,Right,Lech Poznan,6771021,50
P00410,1908,5,4,32,2,0.6699999999999999,2.45,43,1189,1427,59,19,40,4,34,29,24,7,37,19,80,94,17,16,2,0,4,0,0,0,0,2,0.8412000000000001,0.0,4.478,0.526,21.638,83.796,4.14,42.41,60.356,53.526,4.276,65.15,62.048,70.376,56.42,Irfan Under,23,Turkish,UEFA,Turkey,Midfielder,173,71,Right,Marseille,25143752,50
P00411,2111,5,3,37,3,2.4899999999999998,0.9,30,438,599,54,19,11,0,21,6,7,8,36,14,27,42,28,12,2,0,15,0,0,0,0,1,0.7582,0.0,4.446,0.52,22.766,81.834,4.2,42.714,50.114,24.855999999999998,1.376,45.854,47.153999999999996,50.602,55.931999999999995,Hakan Cengiz,26,Turkish,UEFA,Turkey,Forward,179,74,Right,Dinamo Zagreb,13292658,50
P00412,1757,9,2,40,8,2.64,1.45,24,512,681,73,31,2,0,14,11,8,5,21,16,39,38,22,21,7,0,13,0,0,0,0,0,0.769,0.0,3.736,0.452,16.718,82.13600000000001,3.418,34.274,71.87400000000001,25.246,2.084,65.538,62.588,69.91199999999999,54.843999999999994,Cengiz Gonul,32,Turkish,UEFA,Turkey,Forward,175,72,Right,Rapid Vienna,5395874,50
P00413,1982,2,1,40,4,0.88,0.8500000000000001,20,342,442,41,9,6,0,15,9,6,3,21,20,31,33,27,21,3,0,11,0,0,0,0,0,0.802,0.0,4.386,0.5539999999999999,20.934,80.518,3.9019999999999997,40.094,42.974,24.741999999999997,0.9159999999999999,39.506,38.65,41.732,51.856,Merih Unal,31,Turkish,UEFA,Turkey,Forward,179,76,Right,Malmo FF,2791716,50
P00414,2317,10,7,43,8,2.35,0.47000000000000003,23,492,642,53,17,9,0,24,15,7,4,41,22,41,50,29,21,6,0,19,0,0,0,0,1,0.7722,0.0,5.1080000000000005,0.584,22.456,81.222,4.1080000000000005,41.562,49.894,25.494,1.442,47.3,43.122,49.108000000000004,53.74,Caglar Under,30,Turkish,UEFA,Turkey,Forward,190,79,Right,RB Salzburg,5068248,50
P00415,2244,5,4,78,16,3.47,0.88,46,896,1185,77,26,7,0,19,15,6,2,30,15,67,42,25,24,5,0,21,0,0,0,0,2,0.7737999999999999,0.0,4.82,0.544,19.38,84.068,4.224,43.153999999999996,87.402,23.875999999999998,4.864000000000001,84.478,79.07600000000001,91.068,57.24,Burak Soyuncu,20,Turkish,UEFA,Turkey,Forward,175,76,Right,Grasshoppers,142059273,50
P00416,1937,5,3,50,9,2.61,2.37,32,591,791,60,20,12,0,12,6,4,3,23,22,52,25,22,14,4,2,13,0,0,0,0,2,0.77,0.0,4.212,0.49,22.884,82.038,4.5280000000000005,45.168,70.572,26.66,2.5780000000000003,65.484,64.53,69.944,55.64,Enes Turan,30,Turkish,UEFA,Turkey,Forward,185,77,Right,Real Madrid,9410136,50
P00417,1319,0,0,0,0,0.0,0.0,5,242,352,6,0,4,0,0,8,16,0,25,3,24,24,14,17,1,0,3,60,1,28,0,0,0.7218421052631578,0.3071052631578947,3.2789473684210524,0.39210526315789473,13.34736842105263,80.15263157894738,2.6868421052631577,26.95,9.85,54.48684210526316,0.7421052631578947,48.23157894736842,29.402631578947368,48.72631578947368,53.75526315789474,Andriy Zinchenko,24,Ukrainian,UEFA,Ukraine,Goalkeeper,190,77,Right,Club Brugge,3408608,38
P00418,564,0,0,0,0,0.0,0.0,1,100,155,5,0,0,0,0,3,12,0,12,1,16,15,6,4,3,0,2,27,1,13,1,0,0.7139473684210526,0.14105263157894737,1.3578947368421053,0.15526315789473685,5.3500000000000005,81.17368421052632,1.0973684210526315,12.215789473684211,10.263157894736842,57.51315789473684,0.35000000000000003,46.13421052631579,30.3,50.886842105263156,50.16052631578947,Oleksandr Tsygankov,27,Ukrainian,UEFA,Ukraine,Goalkeeper,184,76,Right,Real Madrid,3277200,38
P00419,1053,0,0,0,0,0.0,0.0,4,208,300,11,0,1,0,0,3,25,0,16,5,42,28,16,5,1,0,2,36,1,28,1,0,0.7326315789473684,0.2623684210526316,2.6026315789473684,0.2973684210526316,10.926315789473684,79.6078947368421,2.555263157894737,26.61578947368421,9.76842105263158,99.0,1.8868421052631579,90.17105263157895,32.689473684210526,97.91842105263159,65.44473684210527,Mykhailo Sudakov,39,Ukrainian,UEFA,Ukraine,Goalkeeper,185,82,Right,Anderlecht,82306689,38
P00420,1313,0,0,7,0,0.16,0.05,11,445,562,5,0,19,1,48,37,60,21,43,19,44,166,15,9,5,0,3,0,0,0,0,0,0.8223684210526315,0.0,3.6184210526315788,0.42368421052631583,20.5,78.53684210526316,3.681578947368421,37.52105263157895,25.318421052631578,53.689473684210526,1.4105263157894736,45.87105263157895,29.431578947368422,47.300000000000004,53.602631578947374,Andriy Dovbyk,31,Ukrainian,UEFA,Ukraine,Defender,188,82,Right,AIK,3806096,38
P00421,1972,0,1,19,1,0.13,0.17,14,1007,1256,11,1,35,3,61,59,76,17,63,30,104,213,21,23,4,0,4,0,0,0,0,0,0.8152631578947368,0.0,5.510526315789474,0.6105263157894737,27.092105263157894,85.2578947368421,5.3315789473684205,53.29736842105263,35.36578947368421,76.9421052631579,4.4526315789473685,66.35526315789474,29.810526315789474,71.36315789473684,54.47105263157895,Oleksandr Shaparenko,26,Ukrainian,UEFA,Ukraine,Defender,191,81,Left,Atletico Madrid,10340840,38
P00422,1175,0,1,8,0,0.06,0.16999999999999998,15,956,1187,10,1,24,1,51,39,66,7,36,8,110,163,11,6,3,0,0,0,0,0,0,0,0.8213157894736842,0.0,3.2868421052631582,0.3973684210526316,16.878947368421052,81.90263157894738,3.7315789473684213,38.64473684210526,53.794736842105266,98.2921052631579,6.95,93.51578947368421,30.163157894736845,97.60000000000001,64.50526315789473,Mykhailo Zabarnyi,34,Ukrainian,UEFA,Ukraine,Defender,178,70,Right,Tottenham,57440247,38
P00423,1327,3,0,10,0,0.08,0.09,11,862,1042,7,0,17,1,49,29,49,15,30,22,86,142,13,5,4,0,2,0,0,0,0,1,0.8360526315789474,0.0,3.7605263157894737,0.45,18.855263157894736,83.6921052631579,3.9421052631578952,40.026315789473685,45.42631578947368,93.33157894736841,4.8999999999999995,81.97368421052632,29.186842105263157,86.40263157894738,61.54210526315789,Viktor Karavaev,24,Ukrainian,UEFA,Ukraine,Defender,185,81,Right,Dinamo Zagreb,23458810,38
P00424,1407,0,0,6,0,0.23,0.07,5,485,598,7,0,21,1,53,47,61,15,49,22,54,176,8,19,3,0,2,0,0,0,0,0,0.8297368421052632,0.0,3.8684210526315788,0.42894736842105263,19.86315789473684,80.96315789473684,3.4473684210526314,35.11578947368421,23.88421052631579,53.892105263157895,1.5026315789473685,44.01052631578948,31.521052631578947,48.69736842105263,50.86842105263158,Artem Lunin,22,Ukrainian,UEFA,Ukraine,Defender,180,71,Right,Paris Saint-Germain,1917150,38
P00425,1617,1,0,7,0,0.04,0.44000000000000006,7,814,996,6,0,19,1,53,38,80,12,44,22,98,183,16,22,2,1,0,0,0,0,0,1,0.8263157894736842,0.0,4.657894736842105,0.5236842105263158,23.21315789473684,82.57105263157894,4.61578947368421,47.392105263157895,33.78421052631579,76.14999999999999,3.6,68.10526315789474,30.060526315789474,69.92894736842106,57.39473684210526,Ruslan Makarenko,30,Ukrainian,UEFA,Ukraine,Defender,190,81,Right,Sporting CP,6794162,38
P00426,1481,2,0,9,1,0.060000000000000005,0.13,8,523,677,6,0,27,0,45,45,70,13,49,24,46,173,16,11,4,0,2,0,0,0,0,0,0.7876315789473685,0.0,4.278947368421052,0.5263157894736842,18.428947368421053,80.89999999999999,3.3815789473684212,33.623684210526314,25.13157894736842,54.08947368421053,1.5105263157894737,46.9,28.771052631578947,47.810526315789474,52.373684210526314,Yevhen Yaremchuk,27,Ukrainian,UEFA,Ukraine,Defender,181,80,Right,RB Salzburg,1325273,38
P00427,1003,1,2,7,0,0.0,0.08,6,342,420,7,0,16,0,24,27,45,4,27,12,32,100,16,14,4,0,0,0,0,0,0,0,0.8294736842105263,0.0,2.655263157894737,0.3236842105263158,15.334210526315792,78.78421052631579,2.736842105263158,27.76842105263158,24.492105263157896,52.857894736842105,1.0,46.613157894736844,28.384210526315787,50.48947368421052,52.473684210526315,Dmytro Kovalenko,29,Ukrainian,UEFA,Ukraine,Defender,179,79,Right,Bayern Munich,2306483,38
P00428,1558,0,1,11,0,0.01,0.2,10,519,657,7,0,26,2,50,47,81,15,62,20,71,193,13,13,4,0,3,0,0,0,0,1,0.8178947368421052,0.0,4.471052631578948,0.5447368421052632,20.21578947368421,80.8921052631579,3.5368421052631582,35.96842105263158,25.142105263157895,51.32105263157895,1.7815789473684212,48.86842105263158,27.19736842105263,50.76578947368421,50.328947368421055,Oleksiy Sobol,27,Ukrainian,UEFA,Ukraine,Defender,185,82,Left,Red Star Belgrade,6835064,38
P00429,1727,4,5,16,0,0.8500000000000001,3.87,32,1005,1178,41,13,35,2,45,35,26,9,25,17,81,115,10,16,4,0,2,0,0,0,0,1,0.8615789473684211,0.0,5.463157894736842,0.6289473684210527,23.818421052631578,83.0,4.673684210526315,46.444736842105264,58.88947368421053,54.23684210526316,4.61578947368421,65.34210526315789,66.47105263157896,69.3,58.95263157894736,Andriy Bushchan,22,Ukrainian,UEFA,Ukraine,Midfielder,184,82,Right,Rapid Vienna,10807720,38
P00430,1305,4,3,17,0,0.24000000000000002,2.79,27,800,956,34,9,20,0,38,23,11,13,12,7,54,85,10,11,3,0,1,0,0,0,0,3,0.8439473684210527,0.0,4.0,0.4421052631578948,18.41842105263158,82.38947368421053,3.7684210526315787,37.597368421052636,59.20263157894736,51.45263157894737,3.5052631578947366,68.58684210526316,65.27368421052631,71.24473684210527,54.413157894736834,Oleksandr Sydorchuk,22,Ukrainian,UEFA,Ukraine,Midfielder,175,76,Right,Tottenham,13869319,38
P00431,1429,0,1,11,0,0.28,1.24,23,586,708,23,5,20,0,32,23,7,13,25,12,51,75,13,11,3,0,2,0,0,0,0,1,0.8410526315789474,0.0,4.515789473684211,0.5263157894736842,19.98157894736842,81.36052631578947,3.5157894736842104,35.20263157894737,40.93421052631579,37.439473684210526,2.026315789473684,47.21052631578947,47.96315789473684,49.68684210526315,54.873684210526314,Mykhailo Besedin,21,Ukrainian,UEFA,Ukraine,Midfielder,180,70,Left,Partizan,1772808,38
P00432,1424,2,1,22,3,0.8300000000000001,2.38,25,844,1022,29,7,21,2,20,21,15,10,25,12,64,66,10,14,3,0,4,0,0,0,0,0,0.8431578947368421,0.0,4.5394736842105265,0.5421052631578948,19.355263157894736,83.41052631578947,3.5842105263157893,35.98157894736842,58.5921052631579,57.715789473684204,3.8026315789473686,66.78947368421052,66.15263157894738,67.23421052631579,55.636842105263156,Viktor Stepanenko,31,Ukrainian,UEFA,Ukraine,Midfielder,182,76,Left,Ajax,6975724,38
P00433,1362,2,7,12,0,0.52,0.81,19,605,719,18,4,26,2,29,21,10,8,25,12,37,68,19,14,4,0,2,0,0,0,0,6,0.8597368421052632,0.0,4.405263157894737,0.5447368421052632,19.32894736842105,82.0,3.6263157894736846,37.07631578947369,44.41578947368421,38.04210526315789,1.7684210526315791,45.560526315789474,43.652631578947364,47.57631578947369,50.38947368421052,Artem Bolbat,27,Ukrainian,UEFA,Ukraine,Midfielder,172,74,Left,Paris Saint-Germain,2699796,38
P00434,1478,0,3,23,2,1.39,2.1,33,893,1045,30,8,20,1,37,33,17,9,24,9,64,96,14,16,4,0,5,0,0,0,0,0,0.8560526315789474,0.0,4.971052631578948,0.5736842105263158,20.76578947368421,82.0,4.3315789473684205,43.992105263157896,58.944736842105264,55.06052631578948,4.11578947368421,69.85526315789474,70.78157894736842,69.11315789473684,63.63157894736842,Ruslan Bondarenko,28,Ukrainian,UEFA,Ukraine,Midfielder,183,75,Right,PSV Eindhoven,11638963,38
P00435,1375,3,3,28,4,0.66,2.58,43,1414,1663,48,15,19,1,41,22,17,8,23,18,113,88,14,7,5,0,2,0,0,0,0,1,0.8557894736842107,0.0,4.2973684210526315,0.48421052631578954,17.99736842105263,85.6263157894737,3.892105263157895,38.863157894736844,90.82105263157894,79.25263157894737,10.286842105263156,92.03421052631579,93.3921052631579,96.37105263157895,59.41842105263158,Yevhen Kryvtsov,24,Ukrainian,UEFA,Ukraine,Midfielder,181,74,Right,Bayern Munich,82721909,38
P00436,1357,1,2,19,0,0.67,0.54,38,812,982,21,5,23,1,30,21,15,9,15,7,67,75,17,15,3,1,0,0,0,0,0,1,0.8373684210526315,0.0,4.221052631578948,0.48947368421052634,18.23157894736842,82.09210526315789,3.460526315789474,35.213157894736845,61.747368421052634,54.16052631578947,4.031578947368421,63.61052631578947,66.84736842105262,70.35526315789474,56.126315789473686,Dmytro Zinchenko,26,Ukrainian,UEFA,Ukraine,Midfielder,171,70,Right,AC Milan,33936030,38
P00437,1458,2,1,26,2,1.65,0.6,11,266,359,23,6,5,0,11,10,9,3,29,14,16,33,20,10,1,1,6,0,0,0,0,0,0.78,0.0,4.234210526315789,0.4973684210526315,22.571052631578947,82.0578947368421,4.128947368421053,41.29210526315789,42.699999999999996,27.771052631578947,0.7789473684210527,42.992105263157896,38.48947368421052,41.76052631578947,48.102631578947374,Andriy Bolbat,27,Ukrainian,UEFA,Ukraine,Forward,169,73,Left,Galatasaray,9508104,38
P00438,1607,11,4,54,13,1.32,1.27,27,520,666,54,17,6,0,11,11,2,3,33,13,37,27,22,14,1,0,8,0,0,0,0,2,0.7847368421052632,0.0,4.213157894736842,0.5,22.21842105263158,82.35263157894737,4.481578947368422,45.27894736842105,74.13947368421053,23.844736842105263,2.736842105263158,69.27894736842104,67.43947368421054,70.63421052631578,55.20526315789474,Oleksandr Bondarenko,18,Ukrainian,UEFA,Ukraine,Forward,182,76,Left,Ajax,17399028,38
P00439,1247,3,2,22,3,1.25,1.1500000000000001,12,259,344,27,7,3,0,7,2,4,6,21,7,23,19,16,13,3,0,4,0,0,0,0,0,0.7857894736842105,0.0,3.521052631578948,0.39999999999999997,19.30263157894737,83.28684210526316,3.3894736842105266,34.38421052631579,50.48947368421052,27.765789473684208,0.9578947368421052,47.32105263157895,45.56315789473685,48.699999999999996,52.01578947368421,Mykhailo Kryvtsov,18,Ukrainian,UEFA,Ukraine,Forward,182,72,Right,Manchester United,8479911,38
P00440,1614,2,4,20,1,0.62,0.6000000000000001,19,284,382,29,8,11,0,15,12,2,3,22,14,19,32,15,12,4,0,6,0,0,0,0,0,0.7718421052631579,0.0,4.921052631578948,0.5552631578947369,22.089473684210525,81.9421052631579,4.207894736842105,42.96052631578947,45.194736842105264,24.49473684210526,0.9447368421052631,41.26052631578948,36.67894736842105,42.48947368421052,57.91052631578947,Viktor Zinchenko,21,Ukrainian,UEFA,Ukraine,Forward,185,77,Right,Atletico Madrid,4020522,38
P00441,1567,3,2,29,3,1.42,0.87,22,318,431,36,11,3,0,17,6,9,3,21,14,26,35,18,15,2,0,6,0,0,0,0,1,0.771842105263158,0.0,4.88421052631579,0.5289473684210527,20.73157894736842,81.33684210526316,3.6868421052631577,37.363157894736844,50.68157894736842,25.80263157894737,1.3210526315789475,47.35,44.01315789473684,49.31578947368421,56.223684210526315,Artem Tsygankov,26,Ukrainian,UEFA,Ukraine,Forward,185,78,Left,Malmo FF,6072139,38
P00442,1274,7,3,27,5,1.27,0.47,22,272,361,28,8,3,0,9,7,5,6,21,7,28,27,18,11,2,0,5,0,0,0,0,1,0.7776315789473685,0.0,3.4631578947368418,0.4105263157894737,15.657894736842104,81.21052631578948,2.863157894736842,29.181578947368422,49.29210526315789,25.657894736842106,1.2342105263157894,44.56578947368421,47.52105263157895,48.58421052631579,49.73947368421052,Ruslan Sudakov,26,Ukrainian,UEFA,Ukraine,Forward,172,75,Right,Copenhagen,6627388,38
P00443,1322,0,1,0,0,0.0,0.0,3,254,359,8,0,4,0,0,8,22,0,23,4,25,30,16,9,1,1,2,52,3,23,0,0,0.7275510204081632,0.2457142857142857,2.5142857142857142,0.27755102040816326,10.020408163265307,79.93265306122449,2.1999999999999997,22.526530612244898,10.789795918367348,81.16530612244898,0.8163265306122449,66.06530612244897,29.90408163265306,70.21428571428571,58.55918367346939,Andrew McTominay,23,Scottish,UEFA,Scotland,Goalkeeper,190,83,Right,Anderlecht,13160802,49
P00444,1217,0,1,0,0,0.0,0.0,3,242,327,6,0,1,0,0,5,18,0,14,3,26,23,14,8,3,1,4,45,7,14,2,1,0.7455102040816327,0.23489795918367345,2.2489795918367346,0.22857142857142856,10.371428571428572,79.05918367346939,2.110204081632653,22.046938775510203,9.681632653061223,81.52244897959183,0.8489795918367348,66.23469387755102,30.414285714285715,71.8204081632653,56.285714285714285,Scott McGregor,32,Scottish,UEFA,Scotland,Goalkeeper,188,77,Right,Anderlecht,10797402,49
P00445,1086,0,1,0,0,0.0,0.0,4,229,324,6,0,3,0,0,6,17,0,14,4,25,23,19,9,3,1,6,36,4,10,1,0,0.7242857142857143,0.19551020408163267,2.0510204081632653,0.24693877551020407,9.081632653061224,81.68367346938776,1.769387755102041,18.6734693877551,11.010204081632653,54.75714285714285,0.5795918367346938,47.33061224489796,30.420408163265304,50.62857142857143,50.638775510204084,John Gilmour,26,Scottish,UEFA,Scotland,Goalkeeper,188,82,Right,Arsenal,6966545,49
P00446,1994,1,1,10,0,0.09,0.2,10,1593,1978,15,1,40,1,74,76,93,14,48,26,195,257,19,11,5,0,2,0,0,0,0,2,0.8204081632653062,0.0,4.3244897959183675,0.4959183673469388,22.259183673469387,84.8530612244898,4.9163265306122454,48.97959183673469,56.38979591836735,98.33673469387755,8.96734693877551,90.04897959183673,29.251020408163264,96.78571428571429,60.49183673469388,Andrew Adams,21,Scottish,UEFA,Scotland,Defender,195,81,Right,Roma,31827715,49
P00447,1842,1,2,12,0,0.09,0.23,4,551,687,13,0,29,3,71,55,79,23,52,24,71,228,25,10,8,0,3,0,0,0,0,2,0.8338775510204082,0.0,4.13265306122449,0.47755102040816333,20.181632653061225,79.44489795918368,3.604081632653061,36.6265306122449,21.055102040816326,44.6,1.1571428571428573,39.17551020408163,31.997959183673473,43.00204081632653,50.124489795918365,Scott Patterson,23,Scottish,UEFA,Scotland,Defender,197,79,Right,Partizan,2565981,49
P00448,2100,0,0,16,0,0.15,0.35,11,697,866,13,1,36,1,73,58,101,20,67,25,92,252,28,22,6,1,3,0,0,0,0,0,0.8238775510204082,0.0,4.66734693877551,0.5265306122448979,20.079591836734693,83.50816326530612,3.559183673469388,35.69387755102041,23.03673469387755,52.557142857142864,1.8285714285714285,47.518367346938774,30.728571428571428,50.55102040816327,50.36938775510204,John Hanley,27,Scottish,UEFA,Scotland,Defender,182,77,Right,Dinamo Zagreb,2633214,49
P00449,1947,0,0,10,1,0.1,0.34,7,946,1168,11,1,33,2,75,59,89,21,56,22,111,244,28,16,5,0,2,0,0,0,0,0,0.8287755102040816,0.0,4.255102040816326,0.49387755102040815,22.03061224489796,84.14489795918368,4.251020408163265,42.48979591836735,32.851020408163265,73.92448979591838,3.1959183673469385,66.53469387755102,30.675510204081636,68.93265306122449,56.295918367346935,Stuart Hendry,27,Scottish,UEFA,Scotland,Defender,180,72,Left,Besiktas,16383295,49
P00450,1785,0,1,8,0,0.060000000000000005,0.08,8,644,787,9,2,33,0,55,53,100,24,56,22,77,232,13,20,5,0,0,0,0,0,0,0,0.8312244897959183,0.0,3.8938775510204082,0.4612244897959184,20.479591836734695,80.08571428571429,3.6918367346938776,36.88367346938775,26.410204081632653,52.97142857142857,1.6102040816326533,47.406122448979595,30.348979591836734,49.39795918367347,55.0734693877551,Graeme Doak,31,Scottish,UEFA,Scotland,Defender,181,74,Right,FC Basel,2909646,49
P00451,1906,0,0,8,0,0.18000000000000002,0.26,9,564,707,8,1,33,2,66,53,96,21,56,15,78,236,20,14,4,0,2,0,0,0,0,0,0.8253061224489795,0.0,4.26530612244898,0.5020408163265306,20.787755102040816,82.52857142857142,3.693877551020408,37.4,22.918367346938776,46.463265306122445,1.2755102040816326,40.042857142857144,31.56530612244898,40.689795918367345,52.187755102040825,Liam Turnbull,31,Scottish,UEFA,Scotland,Defender,183,76,Right,Arsenal,2354428,49
P00452,1727,1,0,14,0,0.05,0.05,10,508,635,8,1,29,1,74,57,66,25,46,21,52,222,19,11,3,0,1,0,0,0,0,0,0.8297959183673469,0.0,3.9816326530612245,0.45714285714285713,20.228571428571428,79.26122448979592,3.6510204081632653,37.47959183673469,21.224489795918366,45.785714285714285,1.0571428571428572,40.66122448979592,29.659183673469386,43.432653061224485,52.94081632653061,Ryan Forrest,26,Scottish,UEFA,Scotland,Defender,180,75,Right,Manchester City,1383066,49
P00453,1456,1,1,9,0,0.04,0.2,11,919,1180,9,1,21,0,53,35,59,10,34,21,104,157,18,14,7,0,2,0,0,0,0,2,0.8195918367346938,0.0,3.148979591836735,0.33469387755102037,17.420408163265307,82.22448979591837,3.579591836734694,36.18571428571428,46.26938775510204,93.72448979591837,4.134693877551021,84.86734693877551,30.43469387755102,87.64897959183673,56.68775510204081,Callum Christie,31,Scottish,UEFA,Scotland,Defender,172,71,Right,Dinamo Zagreb,23551100,49
P00454,1478,2,1,13,0,0.0,0.08,9,716,898,8,0,19,0,49,39,72,19,53,20,67,179,13,13,7,0,9,0,0,0,0,0,0.8142857142857143,0.0,3.271428571428572,0.3591836734693878,15.108163265306121,80.83469387755102,2.8632653061224493,29.889795918367344,34.077551020408166,73.64489795918367,2.253061224489796,64.96122448979591,31.973469387755102,68.04489795918367,54.49795918367347,Kieran Dykes,25,Scottish,UEFA,Scotland,Defender,181,80,Right,Red Star Belgrade,6791168,49
P00455,1936,5,6,43,3,0.55,2.86,50,1585,1862,54,14,36,2,55,26,17,10,44,16,111,108,26,11,3,0,1,0,0,0,0,3,0.8612244897959185,0.0,4.589795918367347,0.5040816326530612,22.357142857142858,84.51836734693877,4.716326530612244,48.17142857142857,77.45102040816326,68.48979591836735,7.104081632653061,80.08775510204082,82.22857142857143,87.16938775510205,57.82244897959184,Andrew Ferguson,26,Scottish,UEFA,Scotland,Midfielder,180,74,Left,Liverpool,34801587,49
P00456,2140,1,8,20,0,0.6,1.65,34,878,1054,29,7,42,0,47,47,27,11,37,22,66,132,17,18,5,0,3,0,0,0,0,1,0.8493877551020408,0.0,5.1020408163265305,0.553061224489796,20.65714285714286,82.47755102040817,3.722448979591837,38.248979591836736,40.912244897959184,39.155102040816324,2.253061224489796,46.546938775510206,46.17755102040816,48.906122448979595,53.683673469387756,Scott Lewis,24,Scottish,UEFA,Scotland,Midfielder,180,76,Right,Brondby,19220064,49
P00457,1915,4,10,36,6,0.6,4.97,76,1847,2142,63,21,34,2,42,32,25,10,28,12,148,109,29,18,5,0,1,0,0,0,0,7,0.8595918367346939,0.0,4.530612244897959,0.5122448979591837,20.210204081632654,86.66530612244898,4.489795918367347,44.84897959183673,90.01836734693877,77.36530612244898,11.189795918367347,96.08571428571429,93.33265306122449,97.51224489795919,59.47959183673469,John Armstrong,26,Scottish,UEFA,Scotland,Midfielder,178,75,Right,Lech Poznan,78507696,49
P00458,1859,0,3,22,1,1.24,0.9600000000000001,42,1130,1328,35,7,28,2,48,34,15,7,37,17,95,104,25,26,5,0,0,0,0,0,0,1,0.8479591836734693,0.0,4.389795918367347,0.5142857142857142,18.018367346938774,82.89999999999999,3.455102040816327,35.295918367346935,56.963265306122445,55.446938775510205,4.1020408163265305,64.07959183673469,65.53673469387755,69.85510204081633,55.71632653061224,Stuart Shankland,21,Scottish,UEFA,Scotland,Midfielder,176,75,Left,Inter Milan,5410461,49
P00459,1340,0,2,14,0,0.21000000000000002,1.1400000000000001,28,447,548,17,0,23,2,32,24,13,12,22,10,28,81,17,9,3,1,2,0,0,0,0,2,0.8455102040816327,0.0,3.4244897959183676,0.4,15.648979591836733,80.18979591836735,2.877551020408163,28.740816326530613,36.32448979591837,32.41836734693877,1.0979591836734692,38.5734693877551,37.255102040816325,41.340816326530614,49.88775510204081,Graeme Jack,27,Scottish,UEFA,Scotland,Midfielder,169,70,Right,AC Milan,7629458,49
P00460,1568,3,5,20,1,0.78,1.1400000000000001,34,939,1123,30,8,18,2,41,25,20,6,28,11,66,92,11,7,7,0,1,0,0,0,0,2,0.8465306122448979,0.0,3.757142857142857,0.4448979591836735,17.29591836734694,80.73673469387755,3.3938775510204082,34.99795918367347,61.5,55.95510204081633,3.206122448979592,66.12040816326531,63.89387755102041,68.79795918367347,56.93877551020408,Liam Gallagher,28,Scottish,UEFA,Scotland,Midfielder,188,82,Right,AC Milan,28597174,49
P00461,1825,5,4,21,1,0.9199999999999999,1.92,50,1467,1742,51,20,31,2,42,27,29,11,34,17,112,109,17,14,2,0,1,0,0,0,0,3,0.8553061224489795,0.0,4.440816326530612,0.5142857142857142,18.291836734693877,83.59591836734694,3.938775510204082,39.987755102040815,74.78979591836735,69.2734693877551,7.204081632653061,81.71224489795918,83.67755102040816,89.36122448979592,60.3469387755102,Ryan Clark,23,Scottish,UEFA,Scotland,Midfielder,187,81,Left,Red Star Belgrade,40640708,49
P00462,1827,7,4,25,2,0.54,1.37,48,1129,1342,48,15,33,2,42,19,15,5,29,13,78,81,16,15,3,0,5,0,0,0,0,5,0.856734693877551,0.0,4.618367346938776,0.5306122448979592,21.03673469387755,82.98367346938775,4.169387755102041,41.90408163265307,60.895918367346944,51.48979591836735,4.293877551020408,68.25102040816327,66.76938775510203,70.60408163265306,58.512244897959185,Callum McTominay,26,Scottish,UEFA,Scotland,Midfielder,187,77,Left,RB Leipzig,24763620,49
P00463,1973,12,7,52,10,2.81,2.08,39,596,799,79,31,3,0,13,7,9,7,24,17,55,36,23,18,2,0,3,0,0,0,0,7,0.7765306122448979,0.0,4.453061224489796,0.5244897959183673,20.942857142857143,85.42857142857143,3.989795918367347,40.63061224489796,69.29183673469389,27.687755102040818,2.8469387755102042,67.57142857142857,68.18571428571428,69.85714285714286,59.49795918367347,Andrew Jack,22,Scottish,UEFA,Scotland,Forward,181,72,Right,Sporting CP,20817586,49
P00464,1725,8,2,38,6,2.99,1.6700000000000002,29,517,683,59,20,4,0,13,8,8,4,39,22,30,33,21,17,2,1,6,0,0,0,0,2,0.7789795918367347,0.0,3.83265306122449,0.4265306122448979,20.728571428571428,85.1204081632653,3.940816326530612,39.6530612244898,73.05714285714286,27.34285714285714,2.1408163265306124,64.37346938775511,67.07959183673469,69.46938775510205,54.75918367346939,Scott Gallagher,29,Scottish,UEFA,Scotland,Forward,177,78,Right,Bayern Munich,45919142,49
P00465,1705,4,2,55,8,2.14,0.93,20,496,652,54,17,2,0,20,8,6,5,32,10,41,39,19,30,3,0,7,0,0,0,0,1,0.7838775510204081,0.0,3.9,0.44285714285714284,20.855102040816327,82.91224489795918,3.961224489795918,40.41836734693877,70.7469387755102,25.902040816326533,2.0142857142857142,67.02244897959183,63.72244897959184,69.97551020408163,56.34897959183673,John Clark,23,Scottish,UEFA,Scotland,Forward,186,78,Left,Marseille,11797911,49
P00466,1961,12,1,67,13,5.279999999999999,1.72,46,734,974,83,29,3,0,18,10,4,7,25,13,52,39,22,17,3,1,14,0,0,0,0,6,0.7648979591836734,0.0,4.255102040816326,0.4836734693877551,20.47142857142857,82.34897959183674,4.312244897959184,44.01020408163265,88.83265306122449,24.589795918367347,4.1938775510204085,85.57755102040817,84.4795918367347,90.56122448979592,60.173469387755105,Stuart McTominay,21,Scottish,UEFA,Scotland,Forward,183,78,Right,PSV Eindhoven,42867706,49
P00467,1619,2,3,26,1,1.8900000000000001,1.02,16,318,412,32,9,4,0,9,7,9,2,28,6,26,27,23,14,5,1,13,0,0,0,0,1,0.7885714285714286,0.0,3.444897959183674,0.39591836734693875,17.510204081632654,79.3530612244898,3.1918367346938776,32.47551020408163,49.4265306122449,25.083673469387755,0.9183673469387755,46.104081632653056,46.36938775510204,48.357142857142854,54.036734693877555,Graeme McGregor,31,Scottish,UEFA,Scotland,Forward,188,78,Right,Midtjylland,4597115,49
P00468,2244,3,7,67,14,2.62,3.28,44,636,840,58,19,9,0,20,14,6,3,40,25,60,43,23,18,3,0,22,0,0,0,0,2,0.7816326530612244,0.0,5.136734693877551,0.5836734693877551,23.610204081632656,83.3204081632653,4.591836734693878,45.344897959183676,70.14897959183673,25.20408163265306,2.995918367346939,65.04489795918369,64.60204081632654,68.19183673469388,60.11224489795919,Liam Gilmour,23,Scottish,UEFA,Scotland,Forward,177,76,Right,Fenerbahce,17755685,49
P00469,849,0,1,0,0,0.0,0.0,3,163,230,7,0,5,0,0,5,11,0,19,2,17,16,11,5,6,0,4,49,2,11,1,0,0.7244444444444444,0.18711111111111112,1.6533333333333335,0.1911111111111111,6.797777777777777,75.37333333333333,1.4311111111111112,15.766666666666667,9.644444444444444,57.30888888888889,0.4488888888888889,46.26888888888889,32.69111111111111,50.29777777777778,55.80888888888889,Neymar Junior,31,Brazilian,CONMEBOL,Brazil,Goalkeeper,193,85,Right,Boca Juniors,4064273,45
P00470,1403,0,0,0,0,0.0,0.0,2,285,377,6,1,4,0,0,6,25,0,26,3,32,31,16,10,4,1,2,45,2,25,3,0,0.7491111111111112,0.28155555555555556,2.991111111111111,0.3422222222222222,11.666666666666666,78.22222222222223,2.3200000000000003,23.631111111111114,11.088888888888889,48.404444444444444,0.6177777777777778,41.15555555555556,28.8,41.66222222222222,52.04888888888888,Vinicius Martins,34,Brazilian,CONMEBOL,Brazil,Goalkeeper,186,84,Left,Nacional,1736891,45
P00471,1184,0,2,0,0,0.0,0.0,5,230,317,4,0,1,0,0,4,20,0,9,2,30,24,16,15,1,0,1,54,7,14,2,2,0.7273333333333333,0.26066666666666666,2.54,0.29333333333333333,10.697777777777777,80.84,2.2333333333333334,22.673333333333332,10.826666666666666,77.9088888888889,0.9644444444444444,62.78,32.10444444444445,69.37777777777778,57.45333333333333,Rodrygo Paqueta,38,Brazilian,CONMEBOL,Brazil,Goalkeeper,190,79,Right,Flamengo,15579427,45
P00472,1716,1,1,9,0,0.01,0.09,8,485,611,7,0,32,2,57,54,92,20,40,23,61,223,12,15,10,0,3,0,0,0,0,0,0.8286666666666667,0.0,4.102222222222222,0.5133333333333334,21.086666666666666,80.74444444444444,3.8733333333333335,39.04666666666667,23.07333333333333,45.60888888888889,1.1755555555555555,38.553333333333335,28.26888888888889,41.37555555555556,53.215555555555554,Neymar Mendes,29,Brazilian,CONMEBOL,Brazil,Defender,187,76,Right,Colo-Colo,1710606,45
P00473,1496,0,1,13,0,0.04,0.1,14,943,1149,3,0,31,2,60,37,75,21,46,24,128,193,22,16,5,0,2,0,0,0,0,0,0.8362222222222223,0.0,3.6222222222222222,0.4,16.946666666666665,82.75777777777778,3.5244444444444443,35.977777777777774,47.24444444444445,92.11333333333334,4.815555555555555,83.75333333333333,30.346666666666664,91.00666666666667,59.2,Vinicius Guimaraes,20,Brazilian,CONMEBOL,Brazil,Defender,187,77,Left,Barcelona SC,17050213,45
P00474,1690,0,0,9,0,0.12,0.38,5,571,715,14,1,23,2,63,41,76,24,41,17,61,204,15,20,6,1,3,0,0,0,0,0,0.8146666666666665,0.0,3.92,0.4666666666666667,20.211111111111112,82.53555555555555,3.6155555555555554,36.96666666666667,24.42888888888889,51.89111111111111,1.4177777777777778,45.6,27.75111111111111,50.38666666666667,52.92,Rodrygo Fabinho,28,Brazilian,CONMEBOL,Brazil,Defender,181,78,Right,River Plate,2286808,45
P00475,1476,0,0,10,0,0.09,0.1,7,675,830,7,0,16,1,52,41,59,16,41,29,99,168,14,11,2,0,2,0,0,0,0,0,0.8255555555555555,0.0,3.6777777777777776,0.4355555555555556,17.966666666666665,79.89777777777778,3.5622222222222226,35.96666666666667,33.63333333333333,72.97777777777777,2.7733333333333334,66.94666666666666,30.517777777777777,68.85777777777777,57.42666666666666,Gabriel Alisson,31,Brazilian,CONMEBOL,Brazil,Defender,179,72,Right,Barcelona SC,11192687,45
P00476,1766,1,1,8,0,0.27,0.2,13,850,1070,11,0,23,1,64,63,98,20,46,20,112,245,20,14,7,0,1,0,0,0,0,0,0.8213333333333334,0.0,4.064444444444445,0.4822222222222222,23.255555555555556,84.49777777777778,4.486666666666666,44.41777777777778,34.93555555555555,75.42444444444445,3.2866666666666666,65.29777777777778,27.846666666666664,68.93555555555555,56.99777777777778,Casemiro Alexandre,29,Brazilian,CONMEBOL,Brazil,Defender,184,79,Right,River Plate,5776478,45
P00477,1800,0,4,15,2,0.09,0.28,12,872,1061,7,0,30,3,51,54,71,20,50,20,94,196,20,15,6,0,2,0,0,0,0,2,0.8271111111111111,0.0,3.908888888888889,0.44,22.44888888888889,83.30666666666667,4.22,43.03333333333333,34.32222222222222,73.98444444444445,3.217777777777778,68.8288888888889,29.104444444444447,68.75777777777778,54.61777777777778,Marquinhos Santos,32,Brazilian,CONMEBOL,Brazil,Defender,192,74,Left,Santos,12570282,45
P00478,1882,1,1,7,0,0.03,0.05,11,530,683,14,2,30,3,90,54,82,19,59,37,57,245,26,25,3,0,3,0,0,0,0,0,0.8055555555555556,0.0,4.3244444444444445,0.5088888888888888,19.74888888888889,80.1,3.5599999999999996,36.45111111111111,20.308888888888887,46.29777777777778,1.248888888888889,39.157777777777774,31.575555555555557,41.339999999999996,54.42444444444444,Alisson Oliveira,30,Brazilian,CONMEBOL,Brazil,Defender,191,78,Right,Flamengo,2674701,45
P00479,1472,1,1,12,0,0.060000000000000005,1.12,14,963,1177,10,1,19,0,46,56,57,13,36,8,107,172,14,17,6,0,3,0,0,0,0,1,0.8197777777777778,0.0,3.5555555555555554,0.4177777777777778,19.080000000000002,85.61555555555555,4.262222222222222,43.04888888888889,44.54666666666667,90.43555555555555,4.764444444444445,82.85777777777777,30.622222222222224,88.6,61.46222222222222,Richarlison Ferreira,27,Brazilian,CONMEBOL,Brazil,Defender,185,73,Right,Penarol,26911549,45
P00480,1473,0,0,6,0,0.04,0.49,19,887,1102,9,0,23,1,60,42,70,14,36,19,109,186,19,16,2,0,3,0,0,0,0,0,0.8251111111111111,0.0,3.595555555555556,0.46222222222222226,21.295555555555556,85.71777777777778,4.311111111111111,43.41555555555556,48.40888888888889,94.39777777777778,4.7155555555555555,82.68444444444445,26.591111111111108,87.44444444444444,59.86888888888889,Bruno Lima,22,Brazilian,CONMEBOL,Brazil,Defender,185,77,Right,Atletico Nacional,38230618,45
P00481,1569,1,3,10,0,0.16,0.65,23,570,691,24,7,11,0,44,29,20,7,26,10,38,100,24,10,6,0,1,0,0,0,0,0,0.8504444444444446,0.0,3.9755555555555557,0.47333333333333333,18.173333333333332,80.50444444444445,3.422222222222222,34.38666666666667,36.25333333333334,34.111111111111114,1.3288888888888888,37.83111111111111,38.64666666666666,39.20444444444445,53.317777777777785,Neymar Pereira,20,Brazilian,CONMEBOL,Brazil,Midfielder,183,75,Right,Nacional,3233609,45
P00482,2019,2,3,15,0,0.33999999999999997,1.64,29,844,995,34,8,38,0,36,38,22,6,34,25,65,102,25,20,4,1,3,0,0,0,0,0,0.854,0.0,5.177777777777778,0.6088888888888888,21.582222222222224,82.74888888888889,3.9066666666666667,38.92,41.91111111111111,40.11555555555556,2.3,45.568888888888885,46.76444444444444,48.60888888888889,52.82666666666666,Vinicius Moreira,30,Brazilian,CONMEBOL,Brazil,Midfielder,178,77,Left,Emelec,3080284,45
P00483,1718,0,2,19,0,1.03,0.73,19,630,738,21,5,34,2,37,30,11,14,24,8,51,92,27,18,8,0,1,0,0,0,0,0,0.8664444444444445,0.0,4.608888888888889,0.5266666666666666,19.42222222222222,82.61111111111111,3.6577777777777776,37.18222222222222,37.62222222222222,32.644444444444446,1.4666666666666666,38.9,40.54888888888889,41.971111111111114,53.251111111111115,Rodrygo Costa,24,Brazilian,CONMEBOL,Brazil,Midfielder,181,72,Right,Sao Paulo,7936109,45
P00484,1715,1,2,22,2,0.98,1.07,25,1074,1289,41,10,24,1,35,34,16,4,26,10,78,89,28,16,5,0,3,0,0,0,0,0,0.8433333333333334,0.0,4.406666666666667,0.5155555555555555,19.080000000000002,83.17777777777778,3.7844444444444445,37.66888888888889,59.40666666666667,54.94222222222223,3.7133333333333334,68.15555555555555,64.47111111111111,70.56,58.742222222222225,Gabriel Souza,30,Brazilian,CONMEBOL,Brazil,Midfielder,177,75,Right,River Plate,11278232,45
P00485,1461,0,1,14,0,0.7200000000000001,0.68,24,607,726,29,7,20,1,28,18,15,10,27,6,53,71,26,12,3,0,2,0,0,0,0,0,0.854,0.0,3.815555555555555,0.4466666666666667,16.608888888888888,81.41333333333333,2.868888888888889,29.206666666666667,40.846666666666664,37.68666666666667,1.808888888888889,46.72666666666666,45.871111111111105,51.36222222222223,53.59111111111111,Casemiro Carvalho,29,Brazilian,CONMEBOL,Brazil,Midfielder,185,72,Right,Millonarios,9937761,45
P00486,1743,3,3,20,1,0.63,1.18,41,1073,1293,38,9,20,0,43,39,13,9,33,9,88,104,19,18,2,0,2,0,0,0,0,0,0.842,0.0,4.713333333333333,0.5177777777777778,20.764444444444443,83.58888888888889,4.035555555555556,40.74888888888889,58.32666666666666,53.73111111111111,4.326666666666666,64.75999999999999,64.91777777777779,70.98444444444445,57.08444444444445,Marquinhos Nunes,29,Brazilian,CONMEBOL,Brazil,Midfielder,185,83,Left,Emelec,22488292,45
P00487,1910,3,2,15,0,0.38,1.08,32,844,1011,24,3,32,1,46,48,24,14,27,21,49,132,24,20,6,1,3,0,0,0,0,0,0.8537777777777779,0.0,4.82,0.5599999999999999,20.553333333333335,82.10666666666667,3.8244444444444445,38.888888888888886,41.94,38.724444444444444,2.2177777777777776,46.80888888888889,46.66,46.88222222222222,50.635555555555555,Alisson Reis,29,Brazilian,CONMEBOL,Brazil,Midfielder,175,71,Right,Gremio,4416108,45
P00488,1603,1,5,20,2,1.6700000000000002,1.6400000000000001,64,1292,1493,33,10,27,2,39,28,21,6,29,12,87,94,20,17,2,0,2,0,0,0,0,2,0.8573333333333333,0.0,4.0311111111111115,0.4688888888888889,18.028888888888886,84.06888888888889,3.7422222222222223,37.45333333333333,79.20444444444443,71.97777777777777,7.493333333333333,80.66444444444444,79.07111111111111,89.33777777777777,59.04888888888888,Richarlison Junior,32,Brazilian,CONMEBOL,Brazil,Midfielder,182,76,Right,Deportivo Cali,35973227,45
P00489,1762,6,1,36,4,1.24,1.56,14,298,403,35,9,7,0,26,10,9,5,30,15,25,50,19,11,4,0,8,0,0,0,0,1,0.7715555555555556,0.0,4.233333333333333,0.4888888888888889,20.96222222222222,81.66888888888889,3.913333333333333,40.41777777777778,42.91111111111111,25.42666666666667,0.78,40.66222222222222,38.931111111111115,41.595555555555556,52.77333333333334,Neymar Carvalho,28,Brazilian,CONMEBOL,Brazil,Forward,183,72,Right,Independiente,8457754,45
P00490,1767,15,6,88,23,4.99,0.66,59,835,1109,70,23,6,0,14,4,5,6,30,18,61,29,20,17,1,1,10,0,0,0,0,4,0.7697777777777778,0.0,4.155555555555556,0.4955555555555556,18.5,82.43111111111111,4.3,43.36,95.98222222222222,23.466666666666665,6.488888888888889,94.75555555555556,92.54888888888888,96.06444444444443,57.41555555555555,Vinicius Nunes,23,Brazilian,CONMEBOL,Brazil,Forward,183,76,Right,Gremio,71236832,45
P00491,1831,6,5,32,4,1.24,0.27,19,373,484,44,12,6,0,17,6,8,1,30,23,29,32,14,15,3,0,8,0,0,0,0,2,0.786888888888889,0.0,4.32,0.4955555555555556,19.233333333333334,82.64,3.6333333333333333,36.766666666666666,52.83555555555555,25.615555555555556,1.2422222222222221,45.66,45.96222222222222,50.29777777777778,54.93333333333333,Rodrygo Reis,27,Brazilian,CONMEBOL,Brazil,Forward,169,74,Left,River Plate,4740758,45
P00492,1556,8,2,26,3,0.92,0.9700000000000001,11,278,366,29,9,4,0,9,4,2,2,21,18,20,17,24,14,4,0,13,0,0,0,0,1,0.784,0.0,3.686666666666667,0.4422222222222222,19.764444444444443,83.15555555555555,3.6355555555555554,36.47333333333333,41.87777777777778,23.72888888888889,0.7066666666666667,40.00222222222222,38.20222222222222,41.81333333333333,49.715555555555554,Gabriel Junior,24,Brazilian,CONMEBOL,Brazil,Forward,181,76,Right,River Plate,5105484,45
P00493,1482,8,3,48,8,1.41,0.49,20,447,596,47,15,4,0,15,8,6,1,28,17,33,30,16,13,3,0,6,0,0,0,0,1,0.776888888888889,0.0,3.6644444444444444,0.4222222222222222,17.235555555555557,80.65333333333334,3.46,35.35777777777778,73.31333333333333,23.933333333333334,1.988888888888889,65.68444444444445,67.52666666666666,72.49333333333333,55.568888888888885,Casemiro Martins,30,Brazilian,CONMEBOL,Brazil,Forward,178,73,Left,Colo-Colo,9390513,45
P00494,1450,5,2,36,6,2.88,0.55,18,400,528,46,13,6,0,15,8,8,3,19,11,44,34,21,7,6,0,14,0,0,0,0,1,0.7682222222222223,0.0,3.28,0.3822222222222222,15.873333333333333,80.03333333333333,3.042222222222222,31.064444444444447,72.85777777777777,26.224444444444444,1.9333333333333333,68.85111111111111,64.48222222222222,68.50222222222222,54.40222222222222,Marquinhos Paqueta,27,Brazilian,CONMEBOL,Brazil,Forward,177,75,Right,Gremio,47892505,45
P00495,966,0,1,0,0,0.0,0.0,1,204,273,8,1,4,0,0,4,16,0,21,2,26,20,8,12,1,0,5,34,3,13,0,0,0.708235294117647,0.22323529411764706,2.8147058823529414,0.3058823529411765,10.911764705882353,79.30588235294118,2.373529411764706,24.641176470588235,10.25,80.72647058823529,1.0794117647058825,65.29705882352941,31.629411764705885,69.14411764705882,56.682352941176475,Lionel Alvarez,32,Argentine,CONMEBOL,Argentina,Goalkeeper,185,73,Left,Universidad de Chile,17252546,34
P00496,669,0,0,0,0,0.0,0.0,0,125,192,3,0,2,0,0,5,9,0,14,2,15,14,10,6,3,1,3,30,3,9,0,0,0.7052941176470588,0.17411764705882352,1.7941176470588236,0.20294117647058824,7.508823529411765,80.0529411764706,1.7911764705882351,17.776470588235295,9.573529411764707,97.41176470588235,0.7823529411764706,83.60588235294118,28.88529411764706,89.44411764705882,57.98529411764706,Julian De Paul,25,Argentine,CONMEBOL,Argentina,Goalkeeper,189,81,Right,LDU Quito,27041218,34
P00497,900,0,1,0,0,0.0,0.0,4,167,257,5,0,4,0,0,4,15,0,13,4,13,19,17,19,2,1,1,50,2,14,0,0,0.6885294117647058,0.25176470588235295,2.682352941176471,0.31176470588235294,10.394117647058822,78.30882352941177,2.1294117647058823,21.988235294117647,9.479411764705883,54.61470588235294,0.5558823529411764,44.41470588235294,27.2,47.991176470588236,55.55882352941177,Emiliano Di Maria,31,Argentine,CONMEBOL,Argentina,Goalkeeper,185,75,Left,Emelec,1185011,34
P00498,1546,0,1,4,0,0.26,0.12,12,1001,1218,7,0,33,1,53,41,67,16,42,20,98,177,12,20,7,0,2,0,0,0,0,0,0.8282352941176471,0.0,5.108823529411764,0.5911764705882353,24.105882352941176,85.8529411764706,5.002941176470588,50.56470588235294,46.98235294117647,93.10588235294118,6.1911764705882355,81.58823529411765,30.023529411764706,86.40882352941176,64.41470588235293,Lionel Martinez,22,Argentine,CONMEBOL,Argentina,Defender,175,76,Right,Penarol,57082413,34
P00499,1106,0,1,5,0,0.01,0.01,5,565,715,8,1,17,1,41,36,60,16,41,16,63,153,16,11,4,0,1,0,0,0,0,0,0.82,0.0,3.573529411764706,0.41764705882352937,17.41176470588235,83.97058823529412,3.2794117647058822,33.55588235294118,32.76470588235294,77.19411764705882,2.6852941176470586,65.18235294117646,32.561764705882354,71.90294117647058,56.86176470588235,Julian Paredes,25,Argentine,CONMEBOL,Argentina,Defender,184,77,Right,Sao Paulo,5619560,34
P00500,1719,3,1,16,0,0.07,0.05,6,874,1034,8,0,28,3,81,49,71,20,49,26,106,221,19,13,8,0,4,0,0,0,0,1,0.8573529411764705,0.0,5.323529411764706,0.6264705882352941,23.764705882352942,80.70882352941176,4.673529411764706,46.58529411764706,36.182352941176475,74.78235294117647,4.514705882352941,64.41470588235293,29.841176470588238,68.75882352941177,54.21176470588235,Emiliano Mac Allister,34,Argentine,CONMEBOL,Argentina,Defender,184,77,Right,Sao Paulo,16966961,34
P00501,1212,0,1,7,0,0.31,0.27,7,739,930,8,0,16,1,49,38,52,12,36,21,96,151,14,15,1,0,5,0,0,0,0,0,0.8197058823529412,0.0,3.735294117647059,0.44411764705882356,19.320588235294117,82.14999999999999,3.8588235294117643,38.67352941176471,48.23529411764706,91.83235294117648,4.720588235294118,86.39117647058823,26.8,89.46176470588235,57.97941176470588,Rodrigo Lo Celso,26,Argentine,CONMEBOL,Argentina,Defender,183,75,Right,Colo-Colo,58895256,34
P00502,1001,0,1,9,0,0.060000000000000005,0.28,4,309,394,6,0,20,0,26,20,51,6,30,12,39,103,15,4,1,1,2,0,0,0,0,0,0.8141176470588235,0.0,3.2294117647058824,0.3911764705882353,19.776470588235295,82.13823529411764,3.7058823529411766,37.42941176470588,24.008823529411764,56.15882352941177,1.1147058823529412,47.044117647058826,26.544117647058822,52.13529411764706,52.36764705882353,Lautaro Tagliafico,25,Argentine,CONMEBOL,Argentina,Defender,182,76,Right,Penarol,8808226,34
P00503,1076,0,3,4,0,0.030000000000000002,0.12000000000000001,8,556,679,8,1,14,0,43,35,44,18,25,11,70,140,10,10,2,0,1,0,0,0,0,1,0.8258823529411764,0.0,3.2441176470588236,0.3382352941176471,17.86470588235294,81.39999999999999,3.282352941176471,32.66764705882353,33.10294117647059,74.9470588235294,2.9705882352941178,68.28823529411765,31.014705882352942,69.34411764705882,58.502941176470586,Angel Gonzalez,19,Argentine,CONMEBOL,Argentina,Defender,184,71,Right,Sao Paulo,17544891,34
P00504,942,1,1,4,0,0.01,0.07,4,241,318,2,0,13,2,37,19,43,12,22,8,30,111,9,5,4,0,2,0,0,0,0,0,0.8020588235294117,0.0,2.9911764705882353,0.35000000000000003,16.33235294117647,81.0529411764706,3.1029411764705883,31.41764705882353,20.71470588235294,44.34117647058823,0.788235294117647,38.9264705882353,28.908823529411762,41.48529411764706,51.88823529411765,Leandro Pezzella,31,Argentine,CONMEBOL,Argentina,Defender,189,76,Right,River Plate,2073221,34
P00505,1551,0,1,16,1,0.03,0.11,9,750,923,13,1,21,1,55,32,77,15,50,24,86,179,14,15,4,0,0,0,0,0,0,0,0.82,0.0,4.947058823529411,0.5676470588235294,21.74411764705882,84.47647058823529,4.161764705882353,40.98823529411764,35.35588235294117,74.88823529411764,3.6323529411764706,69.38529411764705,30.900000000000006,69.00882352941177,56.41764705882353,Nahuel Correa,25,Argentine,CONMEBOL,Argentina,Defender,179,72,Left,Independiente,35733366,34
P00506,1376,1,0,9,0,0.04,0.1,9,471,596,9,1,23,1,54,48,66,16,38,11,51,184,15,10,2,0,1,0,0,0,0,0,0.8158823529411765,0.0,4.152941176470588,0.5058823529411764,20.900000000000002,82.49411764705883,3.8117647058823527,38.629411764705885,23.555882352941175,51.6,1.7058823529411764,47.0735294117647,31.585294117647063,48.92058823529412,52.98529411764706,Alexis Almada,32,Argentine,CONMEBOL,Argentina,Defender,189,80,Right,Penarol,2248717,34
P00507,1297,2,1,18,2,0.33,1.06,26,823,973,18,3,28,1,37,20,9,7,24,10,69,73,18,3,2,0,2,0,0,0,0,0,0.8561764705882353,0.0,4.455882352941177,0.5235294117647059,20.86176470588235,83.14117647058823,3.979411764705883,40.59705882352941,59.93529411764706,57.45294117647059,4.18235294117647,64.97058823529412,65.53529411764706,67.73235294117647,57.84117647058823,Lionel Montiel,26,Argentine,CONMEBOL,Argentina,Midfielder,173,76,Right,Universidad de Chile,13104580,34
P00508,988,0,6,14,1,0.1,0.24,23,568,704,24,6,21,1,29,22,13,9,22,5,52,73,11,8,4,0,0,0,0,0,0,1,0.8405882352941176,0.0,3.5058823529411764,0.43529411764705883,12.191176470588236,76.80588235294118,2.364705882352941,24.435294117647057,63.64411764705883,56.04705882352942,3.182352941176471,64.20882352941176,68.07352941176471,71.87647058823529,56.449999999999996,Julian Dybala,30,Argentine,CONMEBOL,Argentina,Midfielder,187,77,Right,Colo-Colo,11044877,34
P00509,1482,1,7,12,0,0.5,0.63,24,890,1060,35,10,28,1,33,31,19,4,34,15,55,87,18,17,4,0,0,0,0,0,0,3,0.8611764705882353,0.0,5.338235294117647,0.6235294117647059,22.211764705882356,85.18235294117646,4.25,43.14411764705883,60.3764705882353,53.87647058823529,4.382352941176471,69.21764705882353,63.720588235294116,69.79117647058824,54.55882352941177,Emiliano Acuna,22,Argentine,CONMEBOL,Argentina,Midfielder,174,72,Left,Nacional,14807585,34
P00510,1254,2,2,30,1,1.78,1.7,43,1175,1422,42,15,22,2,28,23,11,4,28,10,84,66,17,12,3,0,1,0,0,0,0,1,0.8464705882352942,0.0,4.614705882352942,0.5235294117647059,21.344117647058823,84.60882352941177,4.688235294117647,46.96176470588235,88.37352941176471,77.70882352941176,10.120588235294118,94.38823529411764,96.43529411764706,98.30588235294118,67.00294117647059,Rodrigo Fernandez,23,Argentine,CONMEBOL,Argentina,Midfielder,184,77,Right,Boca Juniors,62184343,34
P00511,1362,2,3,33,6,1.7100000000000002,1.7000000000000002,45,1272,1491,53,19,20,0,42,29,21,8,27,13,100,100,23,10,3,0,0,0,0,0,0,2,0.8597058823529412,0.0,4.802941176470589,0.5705882352941176,20.429411764705883,83.75588235294117,4.314705882352941,43.76470588235294,90.48529411764706,78.95294117647059,11.1,95.07058823529412,90.87058823529412,97.33235294117648,61.6764705882353,Lautaro Sosa,26,Argentine,CONMEBOL,Argentina,Midfielder,175,78,Right,Universidad de Chile,98252427,34
P00512,1215,1,4,21,1,0.55,2.45,25,953,1125,40,15,22,1,22,15,8,5,22,18,73,50,13,13,3,0,0,0,0,0,0,1,0.8547058823529411,0.0,4.2558823529411764,0.4882352941176471,19.079411764705885,82.76764705882353,4.035294117647059,41.43529411764706,73.9470588235294,71.33823529411765,6.026470588235294,83.44117647058823,81.95294117647059,87.43823529411765,58.73823529411764,Angel Garay,25,Argentine,CONMEBOL,Argentina,Midfielder,174,71,Right,Santos,30125913,34
P00513,1504,2,2,12,1,0.3,0.93,30,524,648,22,3,30,1,31,20,19,5,24,13,41,75,23,14,2,0,0,0,0,0,0,0,0.8376470588235294,0.0,5.185294117647059,0.6088235294117647,23.014705882352942,81.81764705882354,4.302941176470589,43.05588235294118,37.002941176470586,31.955882352941178,1.7647058823529411,40.97941176470588,38.3235294117647,42.949999999999996,54.11470588235294,Leandro Balerdi,18,Argentine,CONMEBOL,Argentina,Midfielder,175,75,Right,Gremio,3393700,34
P00514,1498,0,3,12,1,0.36000000000000004,0.93,34,637,752,29,7,20,0,25,23,20,6,23,15,47,74,13,14,1,0,1,0,0,0,0,2,0.8608823529411764,0.0,5.397058823529412,0.6058823529411765,23.923529411764704,82.3029411764706,4.297058823529412,44.241176470588236,43.317647058823525,37.47941176470588,2.6676470588235297,43.87647058823529,47.15882352941177,48.970588235294116,50.66470588235294,Nahuel Alvarez,33,Argentine,CONMEBOL,Argentina,Midfielder,178,70,Right,Gremio,5725654,34
P00515,1064,2,2,19,3,0.39,0.17,9,210,286,19,5,1,0,8,4,4,3,14,13,14,19,15,5,3,0,9,0,0,0,0,0,0.7661764705882353,0.0,3.570588235294118,0.3764705882352941,16.26764705882353,81.10588235294118,2.8323529411764703,28.57941176470588,50.188235294117646,24.647058823529413,0.7941176470588235,44.18529411764706,46.58235294117647,48.338235294117645,48.57058823529412,Lionel Sosa,25,Argentine,CONMEBOL,Argentina,Forward,177,71,Right,Nacional,3061692,34
P00516,1382,8,6,53,14,2.93,0.87,24,518,671,55,20,4,0,18,5,2,2,18,7,40,27,16,8,2,0,3,0,0,0,0,1,0.7814705882352941,0.0,4.305882352941176,0.47941176470588237,19.929411764705883,82.80588235294118,4.3,43.86176470588235,90.51470588235294,24.941176470588236,4.279411764705882,82.41764705882352,85.75294117647059,88.66470588235293,57.48823529411764,Julian Garay,27,Argentine,CONMEBOL,Argentina,Forward,186,81,Right,Santos,37433741,34
P00517,1065,6,0,22,1,0.67,0.19999999999999998,9,212,271,12,2,5,0,10,4,4,5,24,9,18,23,14,10,3,1,5,0,0,0,0,0,0.8055882352941177,0.0,3.414705882352941,0.37941176470588234,20.241176470588236,81.37352941176471,3.6941176470588233,37.33235294117647,40.34705882352941,22.26764705882353,0.7205882352941176,40.04117647058824,39.93529411764706,42.9735294117647,51.19411764705882,Emiliano Balerdi,24,Argentine,CONMEBOL,Argentina,Forward,182,75,Right,Penarol,3427516,34
P00518,1385,4,3,35,7,1.35,0.54,13,282,382,30,9,1,0,21,7,2,4,28,16,21,34,16,16,4,0,11,0,0,0,0,2,0.7802941176470588,0.0,4.370588235294117,0.5088235294117647,19.40294117647059,80.65294117647058,3.614705882352941,37.14705882352941,48.59411764705882,26.147058823529413,1.1794117647058824,45.4,42.9264705882353,47.65294117647059,53.752941176470586,Rodrigo Alvarez,26,Argentine,CONMEBOL,Argentina,Forward,172,73,Right,Santos,16986081,34
P00519,1191,7,3,41,9,1.85,0.6699999999999999,17,351,462,44,20,5,0,9,6,5,4,19,5,30,24,15,8,6,0,4,0,0,0,0,3,0.7738235294117647,0.0,3.8176470588235296,0.4294117647058823,18.258823529411764,81.22941176470589,3.5823529411764703,36.62941176470588,73.37941176470588,27.84705882352941,2.320588235294118,66.99117647058823,68.56470588235294,72.30588235294118,55.71470588235294,Lautaro De Paul,29,Argentine,CONMEBOL,Argentina,Forward,189,78,Right,Palmeiras,25701075,34
P00520,1420,4,3,32,5,2.4,2.13,30,390,526,41,14,5,0,13,9,8,5,27,12,24,35,16,7,2,0,9,0,0,0,0,1,0.7861764705882353,0.0,4.564705882352941,0.5323529411764706,20.491176470588236,82.39411764705882,3.911764705882353,39.61470588235294,70.88823529411764,23.076470588235296,2.5617647058823527,66.2764705882353,67.75882352941177,70.45588235294117,58.023529411764706,Angel Di Maria,34,Argentine,CONMEBOL,Argentina,Forward,173,72,Right,Boca Juniors,51533790,34
P00521,1328,0,0,0,0,0.0,0.0,2,285,403,11,2,4,0,0,11,30,0,24,5,29,41,14,8,7,0,2,56,5,22,1,0,0.7234782608695652,0.24282608695652175,2.7695652173913046,0.3108695652173913,10.75,77.67826086956521,2.2695652173913046,23.51086956521739,10.23913043478261,47.7695652173913,0.5869565217391305,39.797826086956526,29.680434782608696,41.75217391304348,53.04782608695652,Luis Rodriguez,32,Colombian,CONMEBOL,Colombia,Goalkeeper,192,85,Right,Emelec,2318361,46
P00522,1127,0,0,0,0,0.0,0.0,2,209,308,5,0,1,0,0,5,17,0,17,2,24,22,10,11,4,0,1,54,5,16,1,0,0.7280434782608696,0.2408695652173913,2.36304347826087,0.2565217391304348,10.015217391304347,80.54782608695652,2.15,22.023913043478263,9.56304347826087,78.13478260869564,0.7804347826086956,65.0891304347826,29.70434782608696,69.08043478260869,54.71739130434783,James Mina,25,Colombian,CONMEBOL,Colombia,Goalkeeper,180,77,Left,Boca Juniors,5746296,46
P00523,987,0,0,0,0,0.0,0.0,4,185,268,9,2,2,0,0,6,17,0,15,7,23,23,8,7,4,0,5,47,5,17,2,0,0.7028260869565217,0.1893478260869565,1.982608695652174,0.19782608695652174,8.197826086956523,76.4108695652174,1.815217391304348,18.819565217391304,10.541304347826086,81.70434782608696,0.7152173913043478,66.55652173913043,30.452173913043477,68.78260869565217,60.79782608695652,Duvan Cuadrado,32,Colombian,CONMEBOL,Colombia,Goalkeeper,191,83,Right,Palmeiras,5548705,46
P00524,1955,1,0,9,0,0.12,0.15000000000000002,10,702,839,10,0,35,0,51,51,93,21,58,31,61,216,24,20,6,0,1,0,0,0,0,0,0.84,0.0,4.5630434782608695,0.5456521739130435,20.380434782608695,83.8108695652174,3.7304347826086954,38.18695652173913,26.14782608695652,52.75,1.6956521739130435,47.39782608695653,31.573913043478264,46.94565217391305,50.74565217391305,Luis Sanchez,22,Colombian,CONMEBOL,Colombia,Defender,182,76,Left,Flamengo,3321972,46
P00525,1652,1,0,6,0,0.04,0.01,2,543,689,6,0,30,1,62,46,71,18,39,24,81,197,22,14,7,0,4,0,0,0,0,0,0.8143478260869565,0.0,3.856521739130435,0.4043478260869566,19.73695652173913,80.32391304347826,3.630434782608696,36.702173913043474,27.27173913043478,51.63913043478261,1.5,46.46521739130435,30.569565217391304,47.439130434782605,52.58043478260869,James Ospina,23,Colombian,CONMEBOL,Colombia,Defender,187,81,Right,Independiente,4706821,46
P00526,1604,0,1,11,0,0.01,0.07,3,471,581,12,0,24,1,69,45,66,16,39,20,53,196,22,12,13,0,2,0,0,0,0,0,0.8243478260869566,0.0,3.821739130434783,0.45652173913043476,19.83478260869565,78.1891304347826,3.6717391304347826,36.7195652173913,20.441304347826087,45.4804347826087,0.976086956521739,38.13913043478261,31.354347826086954,41.754347826086956,52.47608695652174,Duvan Lerma,28,Colombian,CONMEBOL,Colombia,Defender,177,71,Right,Atletico Nacional,2664505,46
P00527,1547,2,2,10,0,0.07,0.64,9,1013,1248,6,1,26,1,57,47,66,10,33,17,108,180,20,12,6,0,0,0,0,0,0,2,0.8210869565217392,0.0,3.654347826086956,0.43695652173913047,17.632608695652173,81.87391304347825,3.491304347826087,35.09347826086957,50.27173913043478,91.7304347826087,4.7239130434782615,80.2195652173913,29.095652173913045,87.80217391304348,62.19130434782609,Yerry Barrios,22,Colombian,CONMEBOL,Colombia,Defender,193,77,Right,Universidad de Chile,32981186,46
P00528,1365,0,0,4,0,0.37000000000000005,0.16,6,669,820,8,0,22,0,41,32,70,17,37,22,76,160,12,13,7,1,1,0,0,0,0,0,0.8271739130434782,0.0,3.3521739130434782,0.3934782608695652,16.767391304347825,79.82826086956521,3.2695652173913046,33.18478260869565,35.23695652173913,73.64347826086956,2.3543478260869564,64.72608695652174,27.047826086956523,71.60652173913044,56.619565217391305,Davinson Borja,28,Colombian,CONMEBOL,Colombia,Defender,190,81,Left,Universidad de Chile,4185079,46
P00529,1781,0,1,5,0,0.16,0.1,5,520,655,12,2,33,1,65,53,79,21,59,16,64,218,19,18,4,1,2,0,0,0,0,0,0.8054347826086956,0.0,4.1173913043478265,0.46304347826086956,19.934782608695652,79.83043478260869,3.739130434782609,37.7804347826087,21.180434782608696,45.58695652173913,1.1956521739130435,37.31521739130435,29.339130434782607,43.18695652173913,53.90869565217392,Juan Quintero,30,Colombian,CONMEBOL,Colombia,Defender,187,81,Right,River Plate,2339600,46
P00530,1628,0,0,9,1,0.07,0.13,16,772,956,8,0,30,1,44,52,80,22,47,24,102,198,23,12,7,0,4,0,0,0,0,0,0.8189130434782609,0.0,3.96304347826087,0.4608695652173913,17.354347826086954,83.0,3.3347826086956522,33.54347826086956,33.57608695652174,74.24565217391304,2.997826086956522,66.15,28.036956521739132,68.62608695652175,58.33695652173913,Radamel Cuesta,29,Colombian,CONMEBOL,Colombia,Defender,178,78,Right,River Plate,28569010,46
P00531,2044,0,0,6,0,0.02,0.21000000000000002,12,707,875,9,1,33,3,73,57,85,23,42,25,89,238,31,21,6,0,1,0,0,0,0,0,0.8217391304347825,0.0,4.778260869565218,0.5565217391304348,21.80217391304348,81.4804347826087,3.928260869565217,40.12826086956522,25.823913043478264,51.94565217391305,1.8673913043478263,45.300000000000004,28.669565217391302,48.97391304347826,53.22391304347826,Jefferson Chara,26,Colombian,CONMEBOL,Colombia,Defender,172,74,Right,Universidad de Chile,3417682,46
P00532,1915,1,3,9,0,0.09,0.14,15,1286,1548,12,0,26,0,71,63,70,23,51,32,134,227,16,13,4,0,4,0,0,0,0,1,0.8376086956521739,0.0,4.26304347826087,0.5021739130434782,18.86521739130435,83.09347826086957,3.9347826086956523,39.63260869565217,47.61739130434783,93.67173913043477,5.726086956521739,84.38260869565217,28.893478260869564,87.66521739130435,61.199999999999996,David Lucumi,21,Colombian,CONMEBOL,Colombia,Defender,180,75,Left,Sao Paulo,25815367,46
P00533,1394,1,6,12,1,0.5599999999999999,0.56,25,508,609,17,3,20,0,37,20,14,5,30,14,32,76,11,12,2,0,3,0,0,0,0,0,0.855,0.0,3.741304347826087,0.44130434782608696,18.86521739130435,79.99347826086957,3.523913043478261,36.21521739130435,35.46304347826087,33.93043478260869,1.191304347826087,39.18478260869565,38.606521739130436,41.94782608695652,49.29782608695652,Luis Sinisterra,31,Colombian,CONMEBOL,Colombia,Midfielder,180,80,Left,Racing Club,2903455,46
P00534,1664,3,4,30,1,1.3,1.17,49,1394,1632,49,17,30,1,43,25,22,8,25,23,89,98,16,13,1,0,1,0,0,0,0,1,0.8554347826086957,0.0,4.393478260869565,0.4869565217391304,21.10217391304348,83.8108695652174,4.552173913043478,45.63260869565217,77.15434782608695,68.94130434782609,6.702173913043478,85.65217391304348,80.5,88.41521739130435,57.626086956521746,James Morelos,23,Colombian,CONMEBOL,Colombia,Midfielder,177,78,Left,Sao Paulo,11530262,46
P00535,1849,2,1,13,0,0.7000000000000001,0.6,22,633,771,25,6,31,1,39,34,23,17,26,15,47,113,21,8,1,0,3,0,0,0,0,0,0.84,0.0,4.645652173913043,0.508695652173913,19.497826086956522,79.9108695652174,3.5152173913043474,35.67391304347826,37.68260869565218,32.573913043478264,1.4673913043478262,40.62826086956522,40.46304347826087,42.23913043478261,55.07608695652174,Duvan Tesillo,18,Colombian,CONMEBOL,Colombia,Midfielder,177,68,Right,River Plate,4396056,46
P00536,1820,1,3,10,0,0.55,0.71,32,761,930,23,6,28,0,49,30,19,8,34,20,51,106,27,19,7,0,4,0,0,0,0,1,0.835,0.0,4.893478260869565,0.5521739130434783,22.117391304347827,80.44130434782609,3.9586956521739127,40.44347826086957,41.51086956521739,39.38260869565217,2.1652173913043478,46.87173913043478,45.689130434782605,49.71304347826087,54.43478260869565,Yerry Cantillo,22,Colombian,CONMEBOL,Colombia,Midfielder,186,80,Right,Colo-Colo,9140160,46
P00537,2131,5,4,25,1,0.61,1.34,39,1255,1506,52,16,37,2,37,37,24,14,31,20,104,112,20,18,7,0,4,0,0,0,0,1,0.85,0.0,5.506521739130435,0.6217391304347827,22.823913043478264,84.99130434782609,4.52391304347826,46.15,60.1,56.45652173913044,4.782608695652174,65.65,61.99347826086956,70.04782608695652,57.13260869565217,Davinson Villa,24,Colombian,CONMEBOL,Colombia,Midfielder,185,79,Left,Penarol,25956016,46
P00538,1936,5,1,20,0,0.53,1.1700000000000002,30,854,1017,34,9,37,1,41,45,24,9,31,13,74,119,21,13,6,1,3,0,0,0,0,0,0.8600000000000001,0.0,4.8826086956521735,0.5521739130434783,22.09130434782609,81.30434782608695,3.960869565217391,39.6,41.63695652173913,39.29347826086956,2.38695652173913,45.49565217391305,47.10434782608696,47.93478260869565,52.73260869565217,Juan Munoz,24,Colombian,CONMEBOL,Colombia,Midfielder,181,75,Right,Independiente,3059605,46
P00539,1936,3,6,25,2,0.99,2.0,63,1534,1833,52,16,37,3,41,41,19,10,30,22,109,111,26,14,3,0,4,0,0,0,0,2,0.8486956521739131,0.0,4.9195652173913045,0.5782608695652174,20.463043478260868,83.09782608695652,4.376086956521739,44.339130434782604,79.57391304347826,70.70217391304348,8.008695652173913,88.49347826086957,82.04782608695652,90.70434782608694,57.60217391304347,Radamel Rios,30,Colombian,CONMEBOL,Colombia,Midfielder,190,81,Left,River Plate,21193087,46
P00540,2085,2,2,27,1,1.68,1.45,49,1264,1503,61,19,36,0,45,35,23,15,38,22,99,118,33,21,6,0,2,0,0,0,0,1,0.8402173913043478,0.0,5.328260869565217,0.6043478260869566,21.567391304347826,85.95652173913044,4.308695652173912,42.665217391304346,60.19347826086957,52.35434782608696,5.4021739130434785,65.66304347826087,67.93695652173913,74.04782608695652,56.43260869565218,Jefferson Rodriguez,23,Colombian,CONMEBOL,Colombia,Midfielder,171,76,Right,Sao Paulo,25861649,46
P00541,1590,3,5,18,1,1.53,0.8200000000000001,17,273,353,31,6,0,0,16,8,3,4,26,20,19,31,18,21,6,0,16,0,0,0,0,0,0.786304347826087,0.0,3.691304347826087,0.4434782608695652,19.68913043478261,79.8586956521739,3.7195652173913043,37.23478260869565,42.154347826086955,23.94347826086957,0.732608695652174,38.702173913043474,39.62826086956522,41.17826086956522,53.41956521739131,Luis Villa,32,Colombian,CONMEBOL,Colombia,Forward,182,80,Right,Deportivo Cali,3578151,46
P00542,1312,1,3,20,1,1.28,0.47000000000000003,10,251,337,31,12,2,0,14,4,2,6,21,12,19,26,20,11,2,0,7,0,0,0,0,0,0.7645652173913043,0.0,3.1891304347826086,0.3565217391304348,14.52608695652174,81.92608695652174,2.708695652173913,27.667391304347827,50.83695652173913,24.567391304347826,0.7760869565217392,46.54347826086956,44.960869565217386,47.02173913043478,54.21739130434783,James Munoz,17,Colombian,CONMEBOL,Colombia,Forward,183,75,Left,Santos,5550991,46
P00543,1746,6,1,40,9,1.8800000000000001,0.31,32,510,666,63,24,4,0,10,6,6,5,27,16,42,27,14,17,4,0,14,0,0,0,0,2,0.7726086956521739,0.0,4.195652173913044,0.4673913043478261,18.18913043478261,84.13478260869564,3.691304347826087,36.96086956521739,70.85652173913044,26.36521739130435,2.6043478260869564,67.85652173913044,64.69347826086957,68.96739130434783,52.19130434782609,Duvan Rios,24,Colombian,CONMEBOL,Colombia,Forward,188,80,Right,Emelec,16808320,46
P00544,1328,9,2,23,4,1.28,0.25,17,260,343,32,10,4,0,9,8,5,0,17,16,20,22,18,13,5,0,8,0,0,0,0,2,0.793695652173913,0.0,3.367391304347826,0.40217391304347827,17.08478260869565,77.59782608695652,3.191304347826087,33.13913043478261,51.85434782608696,24.76304347826087,0.8782608695652173,47.910869565217396,45.25652173913044,49.24347826086956,55.05652173913043,Yerry Rodriguez,25,Colombian,CONMEBOL,Colombia,Forward,181,75,Right,Universidad de Chile,4686013,46
P00545,1532,7,3,57,12,2.62,1.67,31,598,784,70,30,2,0,18,3,6,5,22,12,36,32,23,13,6,1,4,0,0,0,0,1,0.7656521739130434,0.0,3.7195652173913043,0.42391304347826086,17.517391304347825,84.22826086956522,3.845652173913044,39.35434782608696,93.32173913043479,24.002173913043475,3.467391304347826,83.93260869565218,85.40652173913043,89.68260869565216,54.606521739130436,Davinson Mina,22,Colombian,CONMEBOL,Colombia,Forward,178,74,Left,River Plate,84963432,46
P00546,1841,8,4,62,8,2.2199999999999998,0.93,28,533,710,60,20,6,0,22,6,6,4,24,17,29,38,24,19,7,0,8,0,0,0,0,5,0.7795652173913044,0.0,4.369565217391305,0.5456521739130435,22.17391304347826,83.1086956521739,4.256521739130435,43.40869565217391,69.82391304347826,25.082608695652173,2.393478260869565,68.69130434782609,66.12173913043478,70.09130434782608,54.03260869565217,Juan Cuadrado,23,Colombian,CONMEBOL,Colombia,Forward,190,78,Left,Atletico Nacional,19672993,46
P00547,1008,0,0,0,0,0.0,0.0,3,191,271,4,0,5,0,0,5,19,0,13,5,26,24,8,8,2,0,1,40,4,14,0,0,0.7202702702702702,0.22486486486486487,2.608108108108108,0.2972972972972973,10.494594594594595,77.4972972972973,2.0405405405405403,21.15945945945946,11.235135135135135,56.148648648648646,0.672972972972973,45.75405405405406,31.348648648648652,49.508108108108104,52.013513513513516,Alexis Vidal,27,Chilean,CONMEBOL,Chile,Goalkeeper,188,77,Right,Emelec,2045241,37
P00548,1068,0,1,0,0,0.0,0.0,4,233,314,5,0,6,0,0,7,18,0,16,3,29,25,9,10,2,1,3,40,5,17,0,0,0.7305405405405405,0.24864864864864863,2.7972972972972974,0.31621621621621626,10.897297297297296,77.9945945945946,2.418918918918919,25.12972972972973,8.63783783783784,81.57297297297296,1.1405405405405407,66.34864864864865,30.802702702702703,67.83513513513513,57.61081081081081,Arturo Brereton,25,Chilean,CONMEBOL,Chile,Goalkeeper,188,75,Right,Millonarios,8358117,37
P00549,726,0,0,0,0,0.0,0.0,3,144,200,3,0,4,0,0,4,12,0,16,1,19,16,9,3,3,1,2,27,3,7,1,0,0.7202702702702702,0.17513513513513515,1.8918918918918919,0.2054054054054054,7.751351351351351,77.27567567567569,1.5297297297297299,16.105405405405406,10.272972972972974,55.53783783783784,0.4864864864864865,45.4081081081081,28.713513513513515,46.87567567567568,51.26486486486486,Gary Isla,25,Chilean,CONMEBOL,Chile,Goalkeeper,188,77,Right,Millonarios,2319927,37
P00550,1718,1,0,8,0,0.060000000000000005,0.060000000000000005,10,609,754,12,1,27,1,42,54,75,15,49,18,66,186,27,16,3,0,1,0,0,0,0,1,0.8221621621621622,0.0,4.991891891891892,0.6,21.843243243243244,79.46216216216216,4.021621621621622,40.608108108108105,24.054054054054053,52.21351351351352,1.9702702702702704,46.14054054054054,28.572972972972973,46.65675675675676,53.548648648648644,Alexis Pulgar,26,Chilean,CONMEBOL,Chile,Defender,188,76,Right,Santos,3209598,37
P00551,1152,0,0,6,0,0.15,0.08,4,421,526,8,0,16,1,43,37,41,10,36,17,38,131,11,7,5,1,1,0,0,0,0,0,0.818918918918919,0.0,3.4135135135135135,0.4135135135135135,17.07027027027027,79.1891891891892,3.010810810810811,30.827027027027025,23.61621621621622,53.548648648648644,1.227027027027027,47.83513513513514,26.43243243243243,49.04324324324324,55.9054054054054,Arturo Aranguiz,19,Chilean,CONMEBOL,Chile,Defender,185,78,Right,Millonarios,753176,37
P00552,1363,1,0,8,1,0.0,0.14,1,491,608,10,1,23,2,47,41,67,19,39,21,39,174,12,14,5,0,2,0,0,0,0,0,0.8224324324324325,0.0,3.745945945945946,0.4189189189189189,20.85135135135135,80.7,3.7,36.56216216216216,24.124324324324323,50.61081081081081,1.2945945945945945,45.42972972972973,30.164864864864864,48.02162162162162,55.472972972972975,Gary Diaz,26,Chilean,CONMEBOL,Chile,Defender,187,75,Right,Colo-Colo,2946622,37
P00553,1240,0,3,8,0,0.01,0.030000000000000002,15,621,744,9,1,26,1,51,35,66,16,31,17,70,168,12,12,7,0,2,0,0,0,0,3,0.8400000000000001,0.0,3.5513513513513515,0.4027027027027027,17.221621621621622,82.06486486486487,3.4810810810810815,35.04054054054054,36.38648648648648,76.03513513513512,3.081081081081081,65.43243243243244,29.740540540540543,69.97297297297297,56.98918918918919,Ben Sierralta,32,Chilean,CONMEBOL,Chile,Defender,186,70,Left,Atletico Nacional,7343287,37
P00554,1267,0,0,11,1,0.07,0.44999999999999996,7,616,775,7,0,23,0,39,43,57,7,29,14,69,146,15,10,5,1,2,0,0,0,0,0,0.8078378378378378,0.0,3.721621621621621,0.44054054054054054,17.6,80.72432432432433,3.348648648648649,34.5918918918919,37.027027027027025,74.35945945945946,2.891891891891892,66.0054054054054,29.62972972972973,71.77297297297297,56.84594594594595,Erick Mena,24,Chilean,CONMEBOL,Chile,Defender,181,81,Right,Emelec,7915920,37
P00555,1181,0,0,7,0,0.02,0.03,7,408,518,6,0,20,3,41,35,49,9,30,17,41,134,18,11,3,0,3,0,0,0,0,0,0.8062162162162162,0.0,3.4297297297297296,0.37027027027027026,17.62972972972973,78.47297297297297,3.118918918918919,31.743243243243242,24.075675675675676,51.25945945945946,1.2513513513513512,45.46756756756756,30.383783783783784,49.9,55.85405405405405,Mauricio Montes,26,Chilean,CONMEBOL,Chile,Defender,188,78,Right,Millonarios,1937860,37
P00556,1270,2,0,7,1,0.03,0.08,3,400,502,9,1,23,1,56,37,61,14,33,19,31,168,15,6,5,0,3,0,0,0,0,1,0.8191891891891891,0.0,3.705405405405405,0.44594594594594594,17.68378378378378,78.6054054054054,3.289189189189189,32.92162162162162,20.37297297297297,43.68378378378378,0.9405405405405405,41.11081081081081,30.81351351351351,42.5945945945946,50.597297297297295,Jean Zavala,19,Chilean,CONMEBOL,Chile,Defender,189,80,Left,River Plate,5994715,37
P00557,1036,0,1,10,0,0.0,0.08,10,522,648,7,1,16,0,38,19,46,12,27,12,59,115,13,7,5,1,0,0,0,0,0,0,0.8275675675675676,0.0,2.964864864864865,0.32432432432432434,16.55675675675676,82.37567567567568,3.2513513513513512,32.28918918918919,36.24324324324324,73.92432432432432,2.6027027027027025,70.77837837837838,28.845945945945946,70.29189189189188,55.65405405405405,Paulo Albornoz,25,Chilean,CONMEBOL,Chile,Defender,183,78,Right,Barcelona SC,9884882,37
P00558,1249,1,2,7,0,0.01,0.0,5,463,554,9,0,22,1,46,44,52,15,35,11,49,157,14,9,5,0,0,0,0,0,0,0,0.8435135135135136,0.0,3.4918918918918918,0.4,17.78648648648649,81.48108108108109,3.224324324324324,32.7972972972973,24.624324324324323,53.013513513513516,1.4189189189189189,46.65135135135135,30.2972972972973,50.56216216216216,53.65675675675676,Claudio Pavez,21,Chilean,CONMEBOL,Chile,Defender,185,78,Left,Atletico Nacional,2942422,37
P00559,1021,1,2,9,0,0.25,0.94,18,666,791,18,4,20,2,22,19,10,4,14,6,33,55,11,12,3,1,1,0,0,0,0,0,0.8551351351351352,0.0,3.4054054054054053,0.3783783783783784,14.75135135135135,80.18648648648649,2.937837837837838,29.659459459459462,62.75135135135135,53.43783783783784,2.7432432432432434,69.23243243243243,69.3162162162162,70.00810810810812,59.44864864864864,Alexis Lasarte,31,Chilean,CONMEBOL,Chile,Midfielder,171,69,Right,Deportivo Cali,22529469,37
P00560,1849,3,7,25,4,0.55,0.7599999999999999,44,1121,1327,42,9,33,2,48,33,18,5,26,14,89,104,12,13,4,0,1,0,0,0,0,2,0.8535135135135135,0.0,5.856756756756757,0.6432432432432432,22.4,85.44864864864864,4.302702702702702,43.105405405405406,57.064864864864866,57.88918918918919,5.621621621621622,66.47027027027028,69.42972972972973,70.61621621621622,55.1972972972973,Arturo Fuentes,18,Chilean,CONMEBOL,Chile,Midfielder,189,82,Right,Santos,12427351,37
P00561,1425,3,9,27,0,0.76,3.1900000000000004,49,1372,1617,50,17,37,0,28,29,12,7,23,13,82,76,19,12,2,0,3,0,0,0,0,4,0.8532432432432433,0.0,4.556756756756757,0.5081081081081081,21.07027027027027,85.62972972972973,4.832432432432433,48.678378378378376,90.84054054054054,79.59189189189189,10.105405405405405,95.46756756756757,91.7081081081081,96.4972972972973,63.0027027027027,Gary Villanueva,26,Chilean,CONMEBOL,Chile,Midfielder,176,74,Right,Universidad de Chile,80331857,37
P00562,1630,1,0,11,1,0.14,0.5,13,589,721,19,3,27,0,39,30,15,9,27,13,44,93,8,20,5,1,1,0,0,0,0,0,0.8424324324324324,0.0,5.394594594594595,0.6432432432432432,23.6,82.4054054054054,4.443243243243243,44.95945945945946,37.23783783783784,32.75135135135135,1.5324324324324325,40.024324324324326,37.04054054054054,42.9972972972973,53.23243243243243,Ben Castillo,34,Chilean,CONMEBOL,Chile,Midfielder,181,74,Right,Deportivo Cali,7537732,37
P00563,1311,1,3,17,1,0.33,0.42,10,481,584,11,2,16,0,31,28,16,10,21,9,37,85,16,14,3,1,2,0,0,0,0,1,0.842972972972973,0.0,4.1702702702702705,0.48918918918918924,19.145945945945947,80.15945945945946,3.5783783783783787,36.88108108108108,32.72702702702703,33.432432432432435,1.2594594594594595,39.64594594594595,39.53783783783784,43.351351351351354,53.11891891891892,Erick Valdivia,28,Chilean,CONMEBOL,Chile,Midfielder,182,73,Right,River Plate,6417752,37
P00564,1412,0,4,14,2,0.39,0.35,19,609,725,31,7,22,1,34,19,18,5,23,19,48,76,19,10,6,1,3,0,0,0,0,1,0.8486486486486486,0.0,4.62972972972973,0.5108108108108108,19.235135135135135,80.8891891891892,3.581081081081081,36.42702702702702,41.229729729729726,38.58108108108108,2.037837837837838,45.68378378378378,46.424324324324324,49.483783783783785,53.72432432432432,Mauricio Riquelme,29,Chilean,CONMEBOL,Chile,Midfielder,168,74,Right,Penarol,10000275,37
P00565,1475,3,4,8,0,1.01,1.19,25,916,1084,29,6,26,1,20,25,11,11,32,11,67,67,16,9,2,0,2,0,0,0,0,4,0.8540540540540541,0.0,4.921621621621622,0.5675675675675675,22.991891891891893,83.05405405405405,4.478378378378378,45.527027027027025,57.26756756756757,53.22702702702703,3.967567567567568,67.52162162162162,63.13243243243244,70.87567567567568,56.4945945945946,Jean Delgado,29,Chilean,CONMEBOL,Chile,Midfielder,188,80,Right,Colo-Colo,15433298,37
P00566,1326,3,2,20,2,0.4,1.9900000000000002,22,815,992,27,7,21,2,17,23,22,8,22,12,69,70,16,11,1,0,1,0,0,0,0,0,0.8354054054054054,0.0,4.2081081081081075,0.47027027027027024,17.605405405405406,79.3027027027027,3.402702702702703,34.19189189189189,57.2972972972973,57.61891891891892,3.6702702702702705,70.57567567567568,65.28648648648648,68.35405405405405,57.53243243243243,Paulo Vidal,28,Chilean,CONMEBOL,Chile,Midfielder,184,73,Left,Penarol,56292910,37
P00567,1724,3,1,53,10,3.36,0.54,31,514,669,52,20,7,0,19,3,7,1,39,14,37,30,22,16,2,1,10,0,0,0,0,1,0.7872972972972972,0.0,4.891891891891892,0.5648648648648649,23.113513513513514,81.73513513513512,4.351351351351352,43.567567567567565,69.55405405405405,26.63243243243243,2.9135135135135135,65.51891891891891,63.443243243243245,69.57297297297296,58.17027027027027,Alexis Valdivia,31,Chilean,CONMEBOL,Chile,Forward,186,76,Right,Universidad de Chile,28337354,37
P00568,1251,1,2,23,3,1.03,1.1,11,216,280,27,9,5,0,9,6,3,4,20,12,17,22,12,7,1,0,4,0,0,0,0,0,0.7883783783783784,0.0,3.7405405405405405,0.4486486486486486,18.51081081081081,81.76486486486488,3.324324324324324,33.575675675675676,40.97027027027027,25.02162162162162,0.7594594594594595,37.464864864864865,36.872972972972974,41.2027027027027,52.57027027027027,Arturo Riquelme,23,Chilean,CONMEBOL,Chile,Forward,170,72,Right,Barcelona SC,6789709,37
P00569,1109,1,1,38,5,2.42,0.38,17,327,414,34,10,4,0,10,6,3,2,19,6,28,21,9,12,3,0,5,0,0,0,0,0,0.7937837837837838,0.0,3.254054054054054,0.39459459459459456,15.762162162162163,80.68108108108108,3.0216216216216214,30.656756756756756,72.57027027027027,23.737837837837837,1.7297297297297298,67.67567567567568,63.85405405405405,68.93783783783783,57.099999999999994,Gary Delgado,23,Chilean,CONMEBOL,Chile,Forward,188,82,Left,LDU Quito,20735451,37
P00570,1540,5,4,37,4,1.1,0.85,13,253,346,21,7,6,0,11,9,5,1,11,11,21,26,17,13,6,0,15,0,0,0,0,3,0.7878378378378378,0.0,4.656756756756757,0.5351351351351351,21.221621621621622,79.8891891891892,3.951351351351351,40.18108108108108,41.3054054054054,24.445945945945947,0.8648648648648649,40.024324324324326,41.02162162162162,42.048648648648644,54.37027027027027,Ben Vidal,27,Chilean,CONMEBOL,Chile,Forward,183,82,Right,Nacional,5584113,37
P00571,1845,2,3,35,2,0.55,1.73,23,402,527,44,12,5,0,14,16,10,4,27,15,27,44,28,21,3,0,13,0,0,0,0,0,0.7727027027027027,0.0,5.3621621621621625,0.6324324324324324,25.875675675675677,85.05405405405405,5.0729729729729724,50.48918918918919,47.95675675675676,26.17027027027027,1.5891891891891892,44.575675675675676,45.85945945945946,48.58108108108108,51.57837837837838,Erick Brereton,19,Chilean,CONMEBOL,Chile,Forward,190,79,Right,Barcelona SC,3636712,37
P00572,1581,4,3,25,3,0.86,0.94,24,343,453,33,9,4,0,11,4,9,3,32,16,22,27,19,13,3,0,9,0,0,0,0,2,0.7883783783783784,0.0,4.489189189189189,0.5486486486486487,20.427027027027027,81.87567567567568,3.762162162162162,37.9054054054054,48.95675675675676,26.027027027027028,1.3567567567567569,49.548648648648644,47.064864864864866,46.98108108108108,50.729729729729726,Mauricio Isla,17,Chilean,CONMEBOL,Chile,Forward,175,76,Right,Flamengo,2523097,37
P00573,840,0,0,0,0,0.0,0.0,1,161,224,6,1,1,0,0,2,12,0,15,2,17,14,11,4,3,0,5,28,3,11,0,0,0.7435555555555555,0.1568888888888889,1.6622222222222223,0.2088888888888889,7.28,76.53555555555555,1.491111111111111,15.908888888888889,9.151111111111112,57.29111111111111,0.3844444444444445,45.968888888888884,33.09111111111111,49.80222222222222,58.11333333333333,Luis Cavani,26,Uruguayan,CONMEBOL,Uruguay,Goalkeeper,185,76,Right,Nacional,4291634,45
P00574,934,0,0,0,0,0.0,0.0,4,163,244,6,1,4,0,0,4,17,0,17,1,25,21,13,9,3,0,6,29,5,13,4,0,0.7368888888888889,0.18044444444444444,1.991111111111111,0.23555555555555555,7.637777777777777,79.15111111111112,1.5355555555555553,16.486666666666665,11.291111111111112,55.02888888888889,0.5177777777777778,45.093333333333334,28.21333333333333,49.01555555555555,54.44888888888889,Edinson Gimenez,32,Uruguayan,CONMEBOL,Uruguay,Goalkeeper,185,81,Right,Nacional,3508464,45
P00575,1719,0,0,0,0,0.0,0.0,3,341,493,7,0,7,1,0,12,37,0,25,9,39,49,24,14,3,0,3,76,6,25,1,0,0.7126666666666667,0.34244444444444444,3.6688888888888886,0.4355555555555556,14.11111111111111,83.0,3.2311111111111113,32.47333333333333,10.591111111111111,97.11777777777777,1.6177777777777778,84.50888888888889,27.69777777777778,91.92666666666666,58.144444444444446,Federico Bentancur,21,Uruguayan,CONMEBOL,Uruguay,Goalkeeper,187,75,Right,Independiente,33206789,45
P00576,1724,1,2,13,1,0.060000000000000005,0.16,14,857,1057,13,1,37,0,59,52,91,14,37,25,97,216,24,11,7,0,1,0,0,0,0,1,0.8302222222222222,0.0,4.017777777777778,0.4711111111111111,20.32,81.81555555555555,3.8555555555555556,38.75111111111111,37.544444444444444,76.06444444444445,3.3,65.73333333333333,31.720000000000002,70.65111111111112,56.81333333333333,Luis Araujo,30,Uruguayan,CONMEBOL,Uruguay,Defender,179,75,Left,Sao Paulo,10022711,45
P00577,1988,0,1,12,0,0.0,0.1,18,1278,1559,11,0,41,3,59,52,88,16,59,24,152,215,19,17,4,1,3,0,0,0,0,1,0.8168888888888889,0.0,4.6466666666666665,0.54,22.22222222222222,86.69555555555556,4.793333333333334,48.55555555555556,48.46222222222222,94.07555555555555,6.248888888888889,81.69111111111111,29.815555555555555,88.62,57.86666666666667,Edinson Nandez,23,Uruguayan,CONMEBOL,Uruguay,Defender,182,78,Right,LDU Quito,15651016,45
P00578,1707,1,0,14,1,0.08,0.02,6,473,596,13,0,26,2,71,53,78,22,53,33,62,224,11,16,4,0,5,0,0,0,0,0,0.8093333333333333,0.0,4.057777777777778,0.4666666666666667,20.84,82.67777777777778,3.86,38.28666666666667,20.328888888888887,44.47333333333333,1.1777777777777778,39.49777777777778,31.779999999999998,41.93555555555555,52.45333333333333,Federico Coates,30,Uruguayan,CONMEBOL,Uruguay,Defender,184,81,Right,Nacional,3648979,45
P00579,1384,1,0,6,0,0.01,0.0,8,648,814,7,1,30,3,51,36,67,19,34,11,66,173,13,8,6,0,2,0,0,0,0,0,0.8102222222222223,0.0,3.391111111111111,0.38666666666666666,18.595555555555556,79.3711111111111,3.6244444444444444,37.57333333333333,35.91111111111111,74.80222222222223,2.3,64.64,29.44888888888889,69.10444444444444,49.36,Jose Torreira,23,Uruguayan,CONMEBOL,Uruguay,Defender,178,73,Left,Emelec,9808239,45
P00580,1625,1,3,12,0,0.04,0.03,9,773,962,9,1,27,0,58,33,76,18,55,22,93,185,13,17,3,1,3,0,0,0,0,1,0.8168888888888889,0.0,3.8244444444444445,0.46222222222222226,20.024444444444445,79.72222222222223,3.9644444444444447,40.25111111111111,35.8,74.82000000000001,3.0377777777777775,64.67333333333333,29.54,70.58222222222221,57.36888888888889,Ronald De Arrascaeta,35,Uruguayan,CONMEBOL,Uruguay,Defender,190,85,Right,Boca Juniors,6510779,45
P00581,1675,0,1,10,0,0.04,0.30000000000000004,5,593,733,11,0,33,1,60,54,84,19,40,23,76,217,19,15,7,1,1,0,0,0,0,0,0.824,0.0,3.9355555555555553,0.45111111111111113,18.102222222222224,78.79777777777778,3.2755555555555556,33.035555555555554,24.773333333333333,51.94888888888889,1.5133333333333332,47.51555555555555,30.479999999999997,47.437777777777775,52.28222222222222,Sebastian Nunez,29,Uruguayan,CONMEBOL,Uruguay,Defender,188,78,Right,Penarol,4083598,45
P00582,1314,0,0,3,0,0.04,0.06999999999999999,4,689,858,8,0,28,3,30,38,69,25,29,16,85,162,15,7,7,0,1,0,0,0,0,0,0.8146666666666665,0.0,3.1266666666666665,0.37333333333333335,15.557777777777778,78.94888888888889,3.0244444444444443,30.868888888888886,35.504444444444445,75.42444444444445,2.5155555555555558,66.94222222222223,27.875555555555557,69.08,58.748888888888885,Rodrigo Olivera,25,Uruguayan,CONMEBOL,Uruguay,Defender,187,75,Right,Gremio,7619101,45
P00583,1780,1,1,12,1,0.0,0.02,11,913,1145,9,1,25,2,72,54,67,13,54,21,79,206,19,20,5,1,1,0,0,0,0,1,0.8104444444444444,0.0,4.322222222222222,0.4888888888888889,20.513333333333335,84.15111111111112,3.924444444444444,39.495555555555555,34.733333333333334,74.92888888888889,3.097777777777778,64.93111111111111,31.295555555555556,66.88222222222223,58.02,Diego Vina,34,Uruguayan,CONMEBOL,Uruguay,Defender,187,79,Left,Atletico Nacional,13255088,45
P00584,1773,3,0,10,0,0.09,0.16,11,881,1092,9,0,34,1,60,52,78,21,57,25,98,211,15,24,8,0,1,0,0,0,0,1,0.8224444444444444,0.0,4.302222222222222,0.4933333333333333,21.144444444444446,81.37555555555556,4.151111111111112,42.03777777777778,34.30444444444444,74.41777777777779,3.2977777777777777,68.38222222222223,31.868888888888886,70.84666666666666,57.26888888888889,Nahitan Canobbio,28,Uruguayan,CONMEBOL,Uruguay,Defender,179,74,Right,Millonarios,11081077,45
P00585,1616,4,3,21,1,1.4100000000000001,1.39,35,977,1176,33,10,17,0,47,22,20,12,28,15,79,101,18,14,3,0,0,0,0,0,0,0,0.8442222222222223,0.0,4.113333333333333,0.4444444444444444,17.295555555555556,83.66,3.491111111111111,35.144444444444446,59.78666666666667,54.61777777777778,3.8755555555555556,65.38222222222223,65.13777777777777,69.03333333333333,60.49111111111111,Luis Pellistri,34,Uruguayan,CONMEBOL,Uruguay,Midfielder,179,77,Left,Palmeiras,10100657,45
P00586,1748,2,2,16,1,0.46,0.52,30,697,872,23,5,25,1,37,22,21,10,22,17,61,90,20,11,2,0,4,0,0,0,0,0,0.8326666666666667,0.0,4.584444444444444,0.5111111111111111,20.98,84.15777777777778,3.697777777777778,37.86666666666667,41.96222222222222,37.855555555555554,2.0933333333333333,45.67111111111111,44.620000000000005,48.224444444444444,56.96222222222222,Edinson Ugarte,26,Uruguayan,CONMEBOL,Uruguay,Midfielder,182,71,Left,Emelec,2490643,45
P00587,1656,4,3,24,0,0.79,1.98,44,998,1201,37,9,27,1,37,32,22,17,20,18,74,108,13,12,2,0,1,0,0,0,0,1,0.85,0.0,4.362222222222223,0.5066666666666667,21.517777777777777,85.68888888888888,4.237777777777778,43.0,58.422222222222224,56.166666666666664,4.253333333333334,67.38222222222223,62.36222222222223,69.60222222222222,52.955555555555556,Federico Caceres,25,Uruguayan,CONMEBOL,Uruguay,Midfielder,181,80,Right,Sao Paulo,22501778,45
P00588,1786,3,3,26,1,0.95,0.75,36,1074,1254,43,12,31,0,50,27,19,9,35,24,79,105,24,12,3,0,3,0,0,0,0,1,0.8497777777777779,0.0,4.706666666666667,0.5844444444444444,18.33111111111111,80.88,3.5444444444444443,35.74,60.162222222222226,56.07111111111111,4.293333333333333,66.99555555555555,64.94222222222223,67.91555555555556,57.08222222222222,Jose Rodriguez,31,Uruguayan,CONMEBOL,Uruguay,Midfielder,182,74,Right,Penarol,7381820,45
P00589,2276,1,2,17,0,0.86,1.66,32,801,975,25,6,32,0,49,35,19,10,38,19,69,113,25,20,2,0,1,0,0,0,0,1,0.8386666666666667,0.0,6.111111111111111,0.6955555555555556,25.655555555555555,81.38666666666667,4.862222222222223,48.95777777777778,34.815555555555555,32.217777777777776,2.013333333333333,39.77777777777778,38.91777777777778,42.32888888888889,55.21777777777778,Ronald Varela,27,Uruguayan,CONMEBOL,Uruguay,Midfielder,181,74,Left,Universidad de Chile,8457298,45
P00590,1987,4,6,33,3,0.86,2.07,59,1614,1922,47,13,37,3,29,36,24,13,43,18,101,102,18,18,3,0,0,0,0,0,0,2,0.8531111111111112,0.0,5.566666666666666,0.6244444444444445,22.25777777777778,82.47333333333334,4.8,48.18666666666667,78.60888888888888,67.42222222222222,7.728888888888889,81.01333333333334,81.52,89.15333333333334,58.459999999999994,Sebastian Torres,25,Uruguayan,CONMEBOL,Uruguay,Midfielder,181,74,Right,Racing Club,36510320,45
P00591,1807,1,3,14,0,0.62,0.5700000000000001,28,651,783,17,1,36,2,38,35,21,8,32,17,49,102,26,13,9,1,4,0,0,0,0,1,0.8444444444444444,0.0,4.92,0.5533333333333333,18.595555555555556,81.56,3.586666666666667,36.06222222222222,35.126666666666665,34.715555555555554,1.5733333333333333,39.26444444444444,38.73111111111111,41.43777777777778,55.26,Rodrigo Trezeguet,26,Uruguayan,CONMEBOL,Uruguay,Midfielder,175,82,Left,Boca Juniors,3167699,45
P00592,1486,4,2,14,1,0.55,0.42000000000000004,22,509,617,20,4,29,2,38,26,18,11,27,13,52,93,16,9,6,0,3,0,0,0,0,0,0.8493333333333333,0.0,3.968888888888889,0.4444444444444444,18.32,82.8711111111111,3.3311111111111114,33.92444444444444,35.92444444444444,33.6,1.3444444444444446,39.42444444444444,40.07333333333333,41.98444444444444,55.93555555555555,Diego Cavani,23,Uruguayan,CONMEBOL,Uruguay,Midfielder,181,77,Right,LDU Quito,5367277,45
P00593,1591,2,2,40,4,0.76,1.46,28,308,408,43,15,6,0,20,14,4,4,25,10,18,42,17,20,1,0,9,0,0,0,0,0,0.7686666666666667,0.0,3.793333333333333,0.43777777777777777,19.775555555555556,80.02,3.6266666666666665,36.28666666666666,49.077777777777776,26.533333333333335,1.1844444444444444,44.955555555555556,44.32222222222222,48.82,54.522222222222226,Luis Varela,22,Uruguayan,CONMEBOL,Uruguay,Forward,174,71,Right,Universidad de Chile,5498972,45
P00594,1636,7,1,47,7,4.04,1.94,20,482,623,44,13,2,0,13,6,7,5,19,12,39,31,34,14,4,0,11,0,0,0,0,1,0.7937777777777778,0.0,3.991111111111111,0.41555555555555557,18.88,81.42666666666666,3.6044444444444443,36.67333333333333,69.86444444444444,22.182222222222222,2.0733333333333333,66.74888888888889,63.69777777777778,70.44666666666666,57.42888888888889,Edinson Torres,26,Uruguayan,CONMEBOL,Uruguay,Forward,175,72,Left,Boca Juniors,25442767,45
P00595,1554,10,3,58,11,1.57,0.71,41,624,803,60,24,3,0,17,5,7,7,20,19,36,36,22,13,6,0,5,0,0,0,0,4,0.7844444444444444,0.0,3.811111111111111,0.4355555555555556,18.733333333333334,82.33777777777777,3.9533333333333336,40.66444444444445,91.54666666666668,23.953333333333337,3.7311111111111113,82.94888888888889,85.62,91.01333333333334,59.148888888888884,Federico Trezeguet,30,Uruguayan,CONMEBOL,Uruguay,Forward,184,73,Left,Colo-Colo,75346848,45
P00596,1841,10,9,55,9,2.52,1.97,39,743,959,68,26,8,0,13,11,5,3,35,19,52,32,26,15,2,1,11,0,0,0,0,4,0.7782222222222223,0.0,4.433333333333334,0.5155555555555555,22.622222222222224,85.33777777777777,4.76,47.91111111111111,88.84444444444445,26.633333333333333,4.413333333333333,80.70666666666668,80.58444444444444,88.77333333333334,58.13333333333333,Jose Cavani,25,Uruguayan,CONMEBOL,Uruguay,Forward,189,78,Right,Millonarios,84522695,45
P00597,1474,3,0,22,1,0.68,0.36,16,319,404,36,11,4,0,8,6,10,7,28,7,31,31,12,12,4,0,10,0,0,0,0,1,0.8022222222222223,0.0,3.586666666666667,0.4355555555555556,17.497777777777777,82.00666666666667,3.1644444444444444,32.60888888888889,52.8,25.095555555555556,1.031111111111111,46.26,42.98888888888889,48.89555555555556,54.215555555555554,Ronald Gimenez,21,Uruguayan,CONMEBOL,Uruguay,Forward,189,74,Right,Nacional,8534035,45
P00598,1993,6,1,32,3,0.97,2.13,15,371,501,29,5,9,0,15,7,10,4,29,19,31,36,24,23,5,0,14,0,0,0,0,1,0.762,0.0,4.588888888888889,0.52,21.137777777777778,78.41111111111111,3.9955555555555557,41.11333333333333,42.76222222222222,25.466666666666665,0.94,39.06666666666667,37.266666666666666,39.86888888888889,54.83111111111111,Sebastian Bentancur,28,Uruguayan,CONMEBOL,Uruguay,Forward,184,80,Right,LDU Quito,11876887,45
P00599,1220,0,1,0,0,0.0,0.0,2,243,342,4,0,2,0,0,1,17,0,20,4,25,18,16,11,6,0,1,43,5,21,2,0,0.7217021276595745,0.2580851063829787,2.4425531914893615,0.2851063829787234,9.761702127659575,77.99361702127659,2.121276595744681,22.10851063829787,10.331914893617022,78.31489361702128,0.8021276595744682,65.34042553191489,31.544680851063827,70.6191489361702,57.340425531914896,Enner Caicedo,30,Ecuadorian,CONMEBOL,Ecuador,Goalkeeper,185,74,Right,Penarol,5481490,47
P00600,935,0,1,0,0,0.0,0.0,7,164,238,4,0,2,0,0,5,16,0,14,1,26,21,10,5,3,0,3,43,4,21,1,1,0.7106382978723403,0.185531914893617,1.9148936170212767,0.22340425531914893,7.276595744680851,76.16595744680852,1.4787234042553192,15.631914893617022,9.770212765957446,48.68936170212766,0.47234042553191485,40.48510638297872,32.191489361702125,42.5,48.748936170212765,Moises Mena,32,Ecuadorian,CONMEBOL,Ecuador,Goalkeeper,185,80,Right,Racing Club,2372868,47
P00601,1532,0,2,0,0,0.0,0.0,8,294,427,9,1,5,0,0,11,27,0,28,6,28,38,24,11,5,0,0,65,4,24,0,0,0.7065957446808511,0.26787234042553193,3.097872340425532,0.34255319148936175,11.8,81.49148936170212,2.4085106382978725,25.327659574468086,10.791489361702128,79.90212765957448,1.0893617021276596,67.0936170212766,31.23404255319149,71.1063829787234,57.180851063829785,Pervis Preciado,30,Ecuadorian,CONMEBOL,Ecuador,Goalkeeper,190,75,Right,Palmeiras,5179337,47
P00602,2038,2,1,15,0,0.07,0.28,18,1374,1675,10,1,39,3,80,40,101,18,68,23,133,239,29,21,4,0,2,0,0,0,0,2,0.8336170212765958,0.0,4.538297872340425,0.5148936170212766,21.52340425531915,84.30851063829788,4.4,45.12978723404255,46.48297872340425,91.89148936170211,5.891489361702127,84.94468085106384,32.92978723404256,87.23829787234042,58.738297872340425,Enner Hincapie,24,Ecuadorian,CONMEBOL,Ecuador,Defender,183,76,Right,Palmeiras,18320744,47
P00603,1973,0,2,14,1,0.13,0.47000000000000003,10,1218,1495,12,0,28,0,68,57,75,19,50,31,150,219,22,22,6,0,1,0,0,0,0,0,0.8268085106382979,0.0,4.425531914893617,0.5276595744680851,21.73191489361702,84.48510638297873,4.491489361702127,45.12978723404255,43.57234042553192,94.3468085106383,5.465957446808511,85.11489361702128,29.074468085106382,89.71063829787234,58.69787234042553,Moises Torres,30,Ecuadorian,CONMEBOL,Ecuador,Defender,192,75,Left,Sao Paulo,12280463,47
P00604,1503,0,1,9,0,0.16,0.09999999999999999,8,449,561,10,1,23,0,47,52,76,19,34,14,51,194,23,11,7,0,2,0,0,0,0,0,0.8140425531914893,0.0,3.4829787234042553,0.42127659574468085,15.793617021276594,81.17872340425532,2.9468085106382977,30.238297872340425,20.47872340425532,45.16595744680851,1.0170212765957447,38.84468085106383,30.725531914893615,41.12765957446808,51.86595744680851,Pervis Gruezo,28,Ecuadorian,CONMEBOL,Ecuador,Defender,188,77,Right,Santos,2132342,47
P00605,1820,0,3,7,0,0.09,0.15,8,886,1130,9,0,36,2,52,42,75,24,58,28,93,193,22,16,6,1,4,0,0,0,0,1,0.8082978723404256,0.0,4.257446808510638,0.5021276595744681,19.338297872340426,84.01063829787235,3.6617021276595745,36.91063829787234,34.327659574468086,76.0127659574468,3.051063829787234,65.88723404255319,30.02127659574468,69.57659574468084,54.52765957446809,Angel Plata,30,Ecuadorian,CONMEBOL,Ecuador,Defender,175,73,Left,Nacional,12127028,47
P00606,1682,1,0,10,0,0.07,0.04,9,801,994,13,1,28,0,62,47,66,20,50,11,102,195,20,21,7,0,3,0,0,0,0,0,0.8157446808510639,0.0,3.7489361702127657,0.44680851063829785,19.940425531914894,80.6659574468085,3.8808510638297875,39.34255319148936,34.81063829787234,75.1936170212766,3.0936170212765957,65.88936170212766,28.512765957446806,68.22765957446808,56.91489361702128,Gonzalo Ramirez,23,Ecuadorian,CONMEBOL,Ecuador,Defender,197,84,Right,Palmeiras,50755642,47
P00607,2424,0,1,12,0,0.04,0.37000000000000005,17,1624,2033,8,0,40,3,76,77,127,24,73,26,175,304,26,24,8,0,2,0,0,0,0,0,0.8104255319148936,0.0,5.7042553191489365,0.6851063829787235,23.055319148936167,85.56170212765957,4.9,49.5,43.37446808510638,94.69574468085106,7.372340425531915,83.64468085106384,28.612765957446808,87.46808510638297,61.663829787234036,Sebastian Angulo,28,Ecuadorian,CONMEBOL,Ecuador,Defender,184,74,Right,Emelec,27397336,47
P00608,1540,0,2,8,0,0.01,0.08,12,1007,1227,10,0,26,0,54,52,61,15,48,16,99,182,11,8,2,0,1,0,0,0,0,1,0.8225531914893617,0.0,3.597872340425532,0.40425531914893614,17.717021276595744,83.09148936170213,3.8085106382978724,39.268085106382976,46.98936170212766,95.42340425531914,4.504255319148936,84.26808510638298,31.651063829787237,90.14893617021276,61.889361702127665,Diego Pacho,30,Ecuadorian,CONMEBOL,Ecuador,Defender,189,81,Left,Nacional,19904950,47
P00609,1979,0,0,12,0,0.14,0.09,18,1022,1259,7,0,37,1,60,53,92,16,49,34,112,221,20,16,7,0,4,0,0,0,0,0,0.8157446808510639,0.0,4.419148936170212,0.5255319148936171,22.06382978723404,81.87659574468084,4.108510638297872,42.276595744680854,37.09574468085106,77.02127659574468,3.821276595744681,64.6531914893617,29.757446808510636,71.43617021276596,56.740425531914894,Felix Rodriguez,23,Ecuadorian,CONMEBOL,Ecuador,Defender,188,76,Right,LDU Quito,13324465,47
P00610,2146,2,0,10,0,0.0,0.13,17,1065,1323,10,1,30,1,76,61,106,22,62,27,119,265,26,23,3,0,3,0,0,0,0,1,0.8242553191489362,0.0,4.804255319148936,0.5425531914893617,23.423404255319152,85.15531914893617,4.327659574468085,43.148936170212764,34.285106382978725,73.18297872340425,3.870212765957447,67.53191489361703,29.678723404255322,71.25744680851064,53.07659574468085,Jackson Canga,27,Ecuadorian,CONMEBOL,Ecuador,Defender,194,82,Right,Atletico Nacional,11867067,47
P00611,1356,0,2,10,0,0.43,0.7,27,589,701,15,3,21,1,40,25,16,8,23,14,39,89,10,14,8,1,2,0,0,0,0,0,0.8595744680851064,0.0,3.6425531914893616,0.39361702127659576,16.54468085106383,80.88723404255319,3.040425531914894,31.329787234042552,42.231914893617024,37.97021276595744,1.646808510638298,47.69574468085106,44.0404255319149,49.704255319148935,53.780851063829786,Enner Ibarra,29,Ecuadorian,CONMEBOL,Ecuador,Midfielder,175,72,Left,Universidad de Chile,7904747,47
P00612,1651,0,1,10,0,0.5,0.79,16,568,686,20,4,16,0,36,23,13,6,33,21,37,78,19,8,3,1,0,0,0,0,0,0,0.851063829787234,0.0,4.291489361702127,0.47234042553191485,19.26382978723404,80.98510638297873,3.5851063829787235,36.68936170212766,35.791489361702126,32.638297872340424,1.2127659574468086,39.248936170212765,38.32340425531915,41.18936170212766,51.19787234042553,Moises Minda,27,Ecuadorian,CONMEBOL,Ecuador,Midfielder,178,75,Right,Sao Paulo,2861183,47
P00613,2055,0,2,28,1,0.65,1.1099999999999999,41,1270,1504,57,17,38,2,45,31,28,9,35,26,99,113,29,15,3,1,2,0,0,0,0,1,0.8542553191489362,0.0,5.227659574468085,0.6085106382978723,21.61063829787234,81.64893617021276,4.1191489361702125,41.43829787234042,59.15106382978723,53.8936170212766,4.785106382978723,65.68936170212766,62.82127659574468,69.15744680851064,60.56170212765958,Pervis Palacios,27,Ecuadorian,CONMEBOL,Ecuador,Midfielder,178,76,Right,Flamengo,22315224,47
P00614,1737,2,0,11,0,0.38,0.5599999999999999,18,597,727,29,8,31,0,48,37,14,13,26,22,47,112,16,12,4,0,2,0,0,0,0,0,0.8463829787234043,0.0,4.363829787234042,0.5063829787234043,21.44255319148936,80.28085106382979,3.8574468085106384,39.257446808510636,37.265957446808514,35.112765957446804,1.3957446808510636,39.58510638297872,37.6468085106383,42.03617021276596,50.94468085106383,Angel Intriago,25,Ecuadorian,CONMEBOL,Ecuador,Midfielder,177,71,Right,Universidad de Chile,2782419,47
P00615,1383,0,2,8,0,0.22,1.12,21,533,623,28,5,24,2,34,34,17,10,16,14,33,95,16,8,4,0,0,0,0,0,0,0,0.8587234042553191,0.0,3.629787234042553,0.41914893617021276,17.29148936170213,80.74893617021276,3.1765957446808515,32.48085106382978,37.148936170212764,31.534042553191487,1.1680851063829787,39.55744680851064,41.38510638297872,41.291489361702126,53.13404255319149,Gonzalo Zapata,22,Ecuadorian,CONMEBOL,Ecuador,Midfielder,183,76,Right,Nacional,2622278,47
P00616,1424,2,5,32,4,0.42000000000000004,1.43,42,1172,1401,29,7,25,1,38,23,17,12,23,12,91,90,15,15,2,0,1,0,0,0,0,3,0.8395744680851064,0.0,3.6723404255319148,0.451063829787234,19.44468085106383,84.04893617021277,4.1553191489361705,42.242553191489364,75.08297872340425,70.22127659574468,5.848936170212766,85.42340425531916,79.94893617021276,90.98085106382979,60.14042553191489,Sebastian Pellerano,32,Ecuadorian,CONMEBOL,Ecuador,Midfielder,179,73,Right,Universidad de Chile,25621571,47
P00617,1661,0,1,14,1,0.5800000000000001,1.8,18,619,746,36,9,22,1,37,26,8,10,26,15,42,81,18,18,2,0,1,0,0,0,0,0,0.855531914893617,0.0,4.306382978723405,0.5106382978723404,19.325531914893617,78.98936170212765,3.4468085106382977,35.13404255319149,36.797872340425535,32.717021276595744,1.3106382978723405,39.18936170212766,37.98936170212766,41.52127659574468,49.12340425531915,Diego Molina,24,Ecuadorian,CONMEBOL,Ecuador,Midfielder,186,83,Right,LDU Quito,7288152,47
P00618,1778,2,3,21,0,1.06,1.55,40,1064,1286,38,7,40,4,51,33,22,7,34,16,95,113,27,18,0,0,1,0,0,0,0,3,0.8438297872340424,0.0,4.35531914893617,0.5212765957446809,19.54468085106383,82.83829787234043,3.7829787234042556,38.202127659574465,63.202127659574465,55.67659574468085,4.2957446808510635,62.50425531914893,65.52978723404256,69.76595744680851,58.725531914893615,Felix Caicedo,28,Ecuadorian,CONMEBOL,Ecuador,Midfielder,183,73,Right,River Plate,18506943,47
P00619,1675,4,1,40,3,1.48,0.81,12,355,478,36,8,6,0,19,8,12,5,33,14,31,44,19,14,4,0,13,0,0,0,0,1,0.7612765957446809,0.0,3.9063829787234043,0.4574468085106383,19.414893617021278,82.09148936170213,3.5319148936170213,35.776595744680854,49.61489361702128,25.625531914893617,0.9808510638297873,47.42765957446808,44.846808510638304,49.744680851063826,54.204255319148935,Enner Zapata,23,Ecuadorian,CONMEBOL,Ecuador,Forward,175,76,Left,Gremio,10194346,47
P00620,1360,11,3,50,9,2.81,0.32,30,518,670,58,23,10,0,14,3,3,8,28,17,40,28,15,13,3,0,9,0,0,0,0,7,0.7748936170212767,0.0,3.1914893617021276,0.374468085106383,15.995744680851063,84.99361702127659,3.393617021276596,34.62978723404255,90.70851063829788,24.659574468085108,3.168085106382979,83.72340425531915,76.88297872340425,90.7404255319149,60.329787234042556,Moises Pellerano,24,Ecuadorian,CONMEBOL,Ecuador,Forward,180,75,Left,Sao Paulo,54777171,47
P00621,2276,4,2,52,5,1.5,0.63,29,458,611,49,14,6,0,15,11,8,3,37,14,40,37,28,23,1,0,18,0,0,0,0,0,0.7734042553191489,0.0,5.2893617021276595,0.6021276595744681,24.695744680851064,82.12340425531916,4.617021276595745,46.67659574468085,51.3936170212766,24.065957446808508,1.5085106382978724,48.37446808510638,42.308510638297875,47.42553191489362,54.59787234042553,Pervis Molina,24,Ecuadorian,CONMEBOL,Ecuador,Forward,177,75,Left,Boca Juniors,9231927,47
P00622,1764,10,7,30,2,1.32,0.97,15,323,427,47,17,12,0,10,6,4,2,37,13,20,22,12,20,4,0,13,0,0,0,0,3,0.7846808510638298,0.0,4.046808510638297,0.448936170212766,18.580851063829787,80.2936170212766,3.5446808510638297,35.53191489361702,44.51489361702127,24.119148936170212,0.8063829787234043,40.32553191489362,37.88510638297872,40.92127659574468,51.56595744680851,Angel Caicedo,33,Ecuadorian,CONMEBOL,Ecuador,Forward,183,77,Left,Santos,9796848,47
P00623,1987,9,5,40,4,1.23,0.79,20,387,513,47,15,10,0,20,8,8,6,26,17,26,42,24,18,0,0,12,0,0,0,0,1,0.7814893617021276,0.0,4.823404255319149,0.5872340425531916,23.502127659574466,81.27021276595744,4.131914893617021,41.62553191489362,50.81489361702128,23.482978723404255,1.1851063829787234,46.37234042553192,46.846808510638304,50.861702127659576,52.10425531914894,Gonzalo Mena,24,Ecuadorian,CONMEBOL,Ecuador,Forward,169,71,Right,Deportivo Cali,6679419,47
P00624,1635,5,5,34,5,1.2,0.41000000000000003,19,334,427,34,9,9,0,20,12,7,6,22,9,29,45,19,18,4,0,13,0,0,0,0,1,0.7917021276595745,0.0,3.9000000000000004,0.4702127659574468,20.838297872340426,84.94893617021276,3.6872340425531918,37.304255319148936,49.19574468085106,23.69787234042553,1.0382978723404255,44.772340425531915,44.85957446808511,47.66808510638298,55.46595744680851,Sebastian Preciado,22,Ecuadorian,CONMEBOL,Ecuador,Forward,187,77,Right,Emelec,7834863,47
P00625,876,0,0,0,0,0.0,0.0,3,133,184,2,0,3,0,0,7,18,0,16,1,20,25,12,8,5,1,0,43,4,12,2,0,0.7320833333333333,0.133125,1.675,0.19166666666666665,6.5562499999999995,78.12708333333333,1.4395833333333332,15.86875,9.295833333333333,82.45416666666667,0.56875,65.86874999999999,28.46875,69.5625,54.51458333333333,Paolo Lapadula,30,Peruvian,CONMEBOL,Peru,Goalkeeper,180,71,Right,Flamengo,8269183,48
P00626,1486,0,1,0,0,0.0,0.0,10,292,418,9,1,7,0,0,3,23,0,24,3,29,26,9,17,5,0,2,62,8,16,0,0,0.7260416666666667,0.2808333333333333,2.814583333333333,0.31875000000000003,11.266666666666666,79.1875,2.345833333333333,24.435416666666665,10.141666666666667,47.581250000000004,0.7125,39.61875,28.3125,42.81875,51.78333333333333,Gianluca Advincula,25,Peruvian,CONMEBOL,Peru,Goalkeeper,195,77,Right,Gremio,2234659,48
P00627,1388,0,0,0,0,0.0,0.0,2,268,387,12,0,6,0,0,7,23,0,18,3,30,30,8,16,2,0,1,47,2,28,2,0,0.7204166666666666,0.25,2.747916666666667,0.31875000000000003,10.86875,79.47916666666667,2.1354166666666665,22.208333333333332,9.885416666666666,47.854166666666664,0.5499999999999999,41.09791666666667,30.71666666666667,40.975,51.59166666666667,Pedro Cueva,23,Peruvian,CONMEBOL,Peru,Goalkeeper,187,76,Right,Emelec,3412371,48
P00628,1354,0,0,6,0,0.07,0.01,6,398,503,8,0,23,1,50,33,60,13,37,22,39,156,18,13,7,0,2,0,0,0,0,0,0.8185416666666666,0.0,3.1437500000000003,0.3645833333333333,18.752083333333335,81.9375,3.497916666666667,35.53541666666667,20.704166666666666,44.56875,0.7999999999999999,38.5375,30.68541666666667,42.520833333333336,51.770833333333336,Paolo Carrillo,29,Peruvian,CONMEBOL,Peru,Defender,179,78,Right,Colo-Colo,3188401,48
P00629,1686,0,0,8,0,0.03,0.07,5,502,615,5,0,35,2,66,55,66,22,47,12,55,209,18,14,2,0,3,0,0,0,0,0,0.8175,0.0,3.8041666666666667,0.4583333333333333,16.08125,79.90416666666667,2.93125,29.47083333333333,21.235416666666666,44.5375,1.0104166666666667,39.24375,33.362500000000004,41.735416666666666,48.85,Gianluca Tapia,23,Peruvian,CONMEBOL,Peru,Defender,189,75,Left,Santos,3718377,48
P00630,1811,0,2,7,0,0.0,0.15,2,474,619,11,4,40,1,51,58,83,25,45,28,46,217,18,17,9,0,5,0,0,0,0,0,0.8091666666666667,0.0,4.070833333333334,0.4979166666666666,22.087500000000002,81.33125,4.054166666666666,40.416666666666664,21.214583333333334,45.52916666666667,0.9145833333333333,39.19375,26.81041666666667,42.552083333333336,49.42291666666667,Pedro Callens,29,Peruvian,CONMEBOL,Peru,Defender,191,79,Right,Barcelona SC,1301709,48
P00631,1695,3,1,9,0,0.06,0.5800000000000001,12,1066,1325,10,1,28,1,59,48,71,15,53,19,115,193,22,14,9,0,3,0,0,0,0,3,0.8170833333333333,0.0,3.75,0.4708333333333334,20.297916666666666,83.49166666666666,4.264583333333333,43.725,48.27916666666667,92.00625000000001,4.804166666666666,88.48541666666667,28.277083333333334,88.43958333333335,61.13125,Luis Abram,34,Peruvian,CONMEBOL,Peru,Defender,183,79,Left,Sao Paulo,14916212,48
P00632,2289,1,2,20,1,0.07,0.31,20,1141,1404,10,0,37,1,94,73,131,22,58,24,135,320,19,19,5,0,3,0,0,0,0,1,0.82875,0.0,5.191666666666666,0.5583333333333333,25.6875,87.92083333333333,4.966666666666667,49.81041666666667,35.24791666666667,74.12291666666667,4.210416666666666,66.13541666666667,34.079166666666666,71.47708333333334,55.73541666666667,André Yotun,27,Peruvian,CONMEBOL,Peru,Defender,188,81,Right,Millonarios,16057761,48
P00633,1492,0,1,11,1,0.0,0.01,9,501,633,8,0,23,0,56,44,64,17,47,23,52,181,21,15,4,0,2,0,0,0,0,0,0.79625,0.0,3.2375000000000003,0.3729166666666666,18.189583333333335,80.66250000000001,3.314583333333333,33.83541666666667,25.40625,52.84583333333333,1.2249999999999999,47.25833333333333,30.954166666666666,49.34791666666666,51.95416666666667,Christian Valera,28,Peruvian,CONMEBOL,Peru,Defender,190,81,Right,Flamengo,1457590,48
P00634,1813,2,1,7,0,0.05,0.05,14,1079,1344,9,0,31,1,63,59,91,12,56,24,141,225,21,17,5,1,3,0,0,0,0,1,0.8247916666666666,0.0,3.9145833333333333,0.45,17.995833333333334,83.99374999999999,3.7895833333333333,38.293749999999996,42.418749999999996,93.18124999999999,5.35625,83.2,29.633333333333336,90.28541666666666,59.489583333333336,Renato Traverso,33,Peruvian,CONMEBOL,Peru,Defender,179,80,Right,Nacional,25538402,48
P00635,2205,4,1,16,0,0.08,0.29,13,1035,1283,13,0,44,3,81,67,102,30,48,23,127,280,27,31,6,0,1,0,0,0,0,2,0.8179166666666666,0.0,4.8687499999999995,0.5395833333333333,21.443749999999998,85.31458333333333,4.104166666666667,41.68541666666667,32.77708333333333,75.8875,3.7270833333333333,67.52916666666667,29.460416666666664,69.28958333333334,57.09166666666667,Sergio Lora,22,Peruvian,CONMEBOL,Peru,Defender,187,79,Right,Colo-Colo,7568023,48
P00636,1600,0,1,8,0,0.07,0.23,7,749,986,9,0,22,1,71,51,67,20,40,27,80,209,16,14,2,0,2,0,0,0,0,0,0.8083333333333332,0.0,3.466666666666667,0.3979166666666667,17.410416666666666,78.70833333333333,3.3020833333333335,34.02291666666667,35.875,76.42083333333333,2.495833333333333,65.84791666666666,27.243750000000002,70.6375,54.0,Alexander Hohberg,27,Peruvian,CONMEBOL,Peru,Defender,179,79,Left,LDU Quito,5750956,48
P00637,1852,0,3,16,2,0.9500000000000001,0.33,27,660,791,35,11,30,2,45,35,20,11,33,12,59,111,25,14,6,0,1,0,0,0,0,2,0.8585416666666666,0.0,4.783333333333333,0.5666666666666667,20.35625,80.89375,3.6604166666666664,36.02291666666667,35.31041666666667,32.916666666666664,1.5999999999999999,40.42916666666667,38.862500000000004,40.125,53.025,Paolo Flores,33,Peruvian,CONMEBOL,Peru,Midfielder,180,74,Right,Nacional,2233688,48
P00638,1759,4,7,42,5,0.67,2.55,68,1679,1977,48,14,27,1,44,27,22,7,34,17,114,100,21,25,5,2,2,0,0,0,0,9,0.8485416666666666,0.0,4.3625,0.48750000000000004,18.479166666666668,85.60625,3.966666666666667,39.858333333333334,89.81666666666666,81.42708333333333,9.822916666666666,94.38541666666667,91.55,97.36458333333333,61.34166666666667,Gianluca Peña,29,Peruvian,CONMEBOL,Peru,Midfielder,173,73,Right,Universidad de Chile,146864940,48
P00639,1704,0,4,11,0,0.3,1.16,29,706,866,23,2,17,0,42,39,16,8,24,17,53,105,10,17,2,0,1,0,0,0,0,1,0.8454166666666666,0.0,4.091666666666667,0.4875,18.8875,82.66875,3.4125,34.15416666666667,44.40833333333333,38.975,1.7895833333333335,45.79791666666667,46.06458333333333,48.637499999999996,52.081250000000004,Pedro Garcia,29,Peruvian,CONMEBOL,Peru,Midfielder,182,76,Right,Universidad de Chile,6071428,48
P00640,1507,3,9,29,3,1.02,2.37,54,1189,1418,37,10,28,1,48,20,11,9,22,12,84,88,16,17,3,0,0,0,0,0,0,5,0.85,0.0,3.627083333333333,0.42083333333333334,18.1875,83.02708333333334,3.939583333333333,40.329166666666666,78.39166666666667,67.53541666666666,6.164583333333333,86.2625,79.90416666666667,89.3125,60.74791666666667,Luis Cartagena,30,Peruvian,CONMEBOL,Peru,Midfielder,176,68,Right,Nacional,84915109,48
P00641,1451,3,0,15,1,0.39,1.6,27,570,695,21,6,16,1,26,16,19,11,25,15,49,72,26,19,6,0,6,0,0,0,0,0,0.8416666666666667,0.0,3.46875,0.39166666666666666,14.424999999999999,77.93333333333334,2.6458333333333335,27.054166666666664,43.00416666666666,38.264583333333334,1.6104166666666666,47.44583333333333,43.16458333333333,48.737500000000004,54.00416666666666,André Gonzalez,27,Peruvian,CONMEBOL,Peru,Midfielder,177,73,Right,Penarol,3565779,48
P00642,2370,5,8,31,2,1.67,1.67,46,1475,1767,43,12,34,1,53,55,23,17,31,22,87,148,25,25,4,0,2,0,0,0,0,3,0.8414583333333333,0.0,6.04375,0.69375,25.066666666666666,84.05,4.929166666666666,49.418749999999996,59.24166666666667,56.62916666666666,4.983333333333333,66.85625,67.06041666666667,68.73333333333333,56.42916666666667,Christian Urruti,28,Peruvian,CONMEBOL,Peru,Midfielder,174,79,Right,LDU Quito,19951489,48
P00643,1861,1,4,23,0,0.84,1.9000000000000001,54,1124,1340,39,8,27,3,35,26,9,13,40,19,77,83,21,14,5,2,1,0,0,0,0,0,0.8560416666666667,0.0,4.5,0.5375,21.537499999999998,82.55624999999999,4.252083333333333,43.052083333333336,62.87083333333334,53.49166666666667,4.341666666666667,63.362500000000004,65.90208333333334,69.79791666666667,59.84166666666667,Renato Lliuya,28,Peruvian,CONMEBOL,Peru,Midfielder,181,77,Right,Universidad de Chile,16541745,48
P00644,1829,4,3,24,1,0.89,1.1300000000000001,49,1147,1356,46,11,24,2,42,34,22,1,26,18,84,99,19,17,6,0,6,0,0,0,0,0,0.8562500000000001,0.0,4.814583333333333,0.5708333333333334,20.425,82.72083333333333,3.9187499999999997,40.425,59.88125,57.21041666666667,4.327083333333333,66.40625,64.61458333333333,71.01458333333333,56.93333333333334,Sergio Lapadula,22,Peruvian,CONMEBOL,Peru,Midfielder,182,76,Left,LDU Quito,9583419,48
P00645,2293,13,6,66,13,5.38,2.08,54,938,1208,103,50,11,0,18,15,10,5,33,18,59,48,20,24,2,0,17,0,0,0,0,7,0.7720833333333333,0.0,5.28125,0.5916666666666667,20.245833333333334,85.35000000000001,4.2437499999999995,43.05625,91.95625,24.954166666666666,5.495833333333334,82.18541666666667,81.56041666666667,88.50625000000001,62.01458333333333,Paolo Gonzalez,27,Peruvian,CONMEBOL,Peru,Forward,167,76,Right,Atletico Nacional,95330064,48
P00646,1751,6,5,39,4,2.44,0.66,17,379,506,31,8,3,0,13,7,5,0,33,19,41,25,22,12,5,1,14,0,0,0,0,5,0.7804166666666666,0.0,3.9104166666666664,0.4458333333333333,18.264583333333334,81.77083333333333,3.4104166666666664,34.5625,50.69583333333333,25.6125,1.1645833333333333,45.9,45.9375,49.36666666666667,53.90208333333334,Gianluca Urruti,26,Peruvian,CONMEBOL,Peru,Forward,184,74,Right,Millonarios,8032380,48
P00647,1916,2,1,40,4,2.87,0.48,21,355,473,35,9,6,0,10,12,5,9,24,20,20,36,23,21,4,3,7,0,0,0,0,2,0.7845833333333334,0.0,4.210416666666666,0.5041666666666667,23.03333333333333,81.8,4.222916666666666,42.73541666666667,50.63333333333333,25.585416666666664,1.0541666666666667,46.475,44.25833333333333,49.572916666666664,51.66458333333333,Pedro Lliuya,25,Peruvian,CONMEBOL,Peru,Forward,194,75,Right,Atletico Nacional,7169728,48
P00648,1664,5,1,19,1,1.5899999999999999,0.41000000000000003,20,265,353,28,6,6,0,9,7,4,2,22,13,17,22,18,12,5,1,9,0,0,0,0,1,0.7895833333333333,0.0,3.7583333333333333,0.41458333333333336,21.37708333333333,80.77083333333333,3.8854166666666665,39.199999999999996,41.69166666666667,24.922916666666666,0.725,39.74583333333333,37.518750000000004,42.69583333333333,50.82083333333333,Luis Lapadula,29,Peruvian,CONMEBOL,Peru,Forward,174,73,Left,Emelec,2084203,48
P00649,1945,7,2,53,11,1.96,2.09,44,577,734,71,26,8,0,28,10,4,6,23,14,43,48,15,19,1,0,6,0,0,0,0,6,0.7952083333333334,0.0,4.452083333333333,0.5104166666666666,20.227083333333333,81.19791666666667,4.002083333333333,40.766666666666666,73.39375,26.15416666666667,2.8166666666666664,67.45416666666667,66.4875,70.37291666666667,57.135416666666664,André Advincula,18,Peruvian,CONMEBOL,Peru,Forward,183,70,Right,Deportivo Cali,18257949,48
P00650,1772,4,6,52,10,1.48,1.69,32,544,693,50,16,6,0,17,9,5,6,29,12,38,37,23,17,2,1,14,0,0,0,0,3,0.7970833333333333,0.0,3.9916666666666667,0.45416666666666666,21.154166666666665,83.32708333333333,4.077083333333333,41.108333333333334,73.58749999999999,24.479166666666668,2.3958333333333335,67.675,66.32291666666667,66.05624999999999,54.4375,Christian Cueva,26,Peruvian,CONMEBOL,Peru,Forward,175,72,Right,River Plate,14334409,48
P00651,919,0,0,0,0,0.0,0.0,4,171,244,3,0,4,0,0,4,16,0,21,3,29,20,12,13,6,0,2,38,5,17,1,0,0.7055263157894737,0.21394736842105266,2.363157894736842,0.26842105263157895,9.08421052631579,78.54473684210525,1.8052631578947367,18.976315789473684,10.563157894736841,57.12105263157895,0.6473684210526316,46.60526315789474,30.73157894736842,49.48947368421052,54.228947368421046,Christian McKennie,28,American,CONCACAF,United States,Goalkeeper,183,74,Right,CF Montreal,2815793,38
P00652,1090,0,0,0,0,0.0,0.0,5,216,304,10,1,4,0,0,7,17,0,22,4,24,24,16,11,2,0,5,45,3,22,1,0,0.726578947368421,0.2578947368421053,2.765789473684211,0.3210526315789474,10.74736842105263,80.68684210526315,2.3947368421052633,24.718421052631577,9.85,80.82368421052632,1.013157894736842,61.97631578947368,30.639473684210525,68.68157894736842,58.61842105263158,Weston Adams,29,American,CONCACAF,United States,Goalkeeper,184,74,Right,Tigres UANL,11044417,38
P00653,951,0,0,0,0,0.0,0.0,3,190,269,6,2,3,0,0,3,21,0,17,3,16,24,5,12,4,0,2,36,3,18,2,0,0.7113157894736842,0.23473684210526316,2.5078947368421054,0.2736842105263158,9.418421052631578,78.91578947368421,1.9236842105263157,20.17105263157895,10.802631578947368,48.35526315789474,0.45789473684210524,40.92894736842105,29.32894736842105,40.73684210526316,53.352631578947374,Giovanni Weah,33,American,CONCACAF,United States,Goalkeeper,189,77,Right,LAFC,907348,38
P00654,1634,1,0,9,0,0.0,0.05,7,477,604,10,0,19,1,63,52,66,18,49,29,71,199,30,12,8,0,2,0,0,0,0,1,0.8165789473684211,0.0,4.5131578947368425,0.47368421052631576,21.26842105263158,81.22894736842105,4.042105263157895,40.86052631578948,22.163157894736845,44.95263157894737,1.4578947368421051,38.67631578947368,29.97105263157895,42.71315789473684,55.771052631578954,Christian Robinson,32,American,CONCACAF,United States,Defender,177,77,Left,Cruz Azul,1383177,38
P00655,1611,1,0,9,0,0.07,0.08,11,834,1014,13,1,23,1,61,40,75,16,44,27,105,192,17,13,4,1,3,0,0,0,0,0,0.8250000000000001,0.0,4.536842105263158,0.48947368421052634,18.455263157894738,82.05263157894737,3.513157894736842,35.85,36.136842105263156,72.22368421052632,3.7447368421052634,67.09736842105262,27.394736842105264,71.92894736842106,57.921052631578945,Weston Dest,29,American,CONCACAF,United States,Defender,197,83,Left,Tauro FC,4815712,38
P00656,1526,0,1,6,0,0.02,0.21000000000000002,12,717,892,5,0,22,1,57,54,84,18,41,22,73,213,17,15,4,0,1,0,0,0,0,2,0.8171052631578948,0.0,4.178947368421053,0.46315789473684216,20.173684210526318,84.46315789473684,4.078947368421052,40.96578947368421,34.892105263157895,77.53421052631579,3.2078947368421056,68.16578947368421,32.81842105263158,69.38684210526316,56.852631578947374,Giovanni Musah,33,American,CONCACAF,United States,Defender,183,73,Left,Tigres UANL,6736049,38
P00657,1202,0,2,9,0,0.05,0.32,9,761,965,6,0,20,2,46,35,70,21,27,20,87,172,11,11,5,0,3,0,0,0,0,0,0.8160526315789474,0.0,3.5105263157894737,0.3763157894736842,18.160526315789475,81.72105263157896,3.823684210526316,38.66315789473684,46.1,92.82105263157894,4.3236842105263165,85.98421052631579,30.20263157894737,90.58421052631579,61.300000000000004,Tyler Balogan,22,American,CONCACAF,United States,Defender,184,76,Right,Tigres UANL,24120847,38
P00658,1359,1,0,7,1,0.03,0.01,8,443,562,9,0,25,1,35,37,65,12,29,19,49,149,18,8,4,0,0,0,0,0,0,0,0.8194736842105264,0.0,3.6999999999999997,0.4368421052631579,18.586842105263155,81.59473684210526,3.2605263157894737,32.742105263157896,23.88684210526316,54.176315789473676,1.3894736842105262,47.13947368421052,31.586842105263155,47.08157894736842,54.876315789473686,Antonee Carter-Vickers,23,American,CONCACAF,United States,Defender,184,81,Right,New York Red Bulls,1768011,38
P00659,1272,0,1,4,0,0.01,0.13,9,623,783,6,0,26,1,40,28,63,10,26,17,73,141,13,9,9,2,0,0,0,0,0,0,0.8213157894736842,0.0,3.6736842105263157,0.42105263157894735,21.29736842105263,83.08157894736841,4.239473684210526,42.955263157894734,35.20789473684211,76.32368421052632,2.794736842105263,69.91315789473684,34.0921052631579,69.09473684210526,56.06578947368421,Timothy Zimmerman,25,American,CONCACAF,United States,Defender,188,77,Right,Toronto FC,14740971,38
P00660,1327,1,0,9,0,0.030000000000000002,0.0,6,402,498,5,0,24,2,56,35,66,13,46,22,50,170,13,9,2,0,3,0,0,0,0,2,0.8407894736842105,0.0,3.7421052631578946,0.4473684210526316,18.955263157894734,78.99473684210527,3.5789473684210527,36.242105263157896,20.376315789473683,45.41315789473684,1.1368421052631579,40.28684210526316,26.71578947368421,40.397368421052626,53.90263157894737,Sergino Busio,23,American,CONCACAF,United States,Defender,185,74,Left,Tigres UANL,2186215,38
P00661,1369,0,0,7,0,0.17,0.1,11,658,813,7,1,21,0,46,42,70,15,38,15,74,173,10,10,5,0,1,0,0,0,0,0,0.8234210526315789,0.0,3.918421052631579,0.46315789473684216,18.71315789473684,81.02105263157895,3.6131578947368426,36.47894736842105,35.6,72.81315789473685,2.9526315789473685,67.83421052631579,29.010526315789477,69.36842105263158,55.28947368421053,Brenden Pepi,30,American,CONCACAF,United States,Defender,176,72,Right,CF Montreal,7133353,38
P00662,1441,2,1,3,0,0.01,0.11,5,457,568,4,0,30,1,54,37,82,16,42,17,61,189,16,12,9,0,2,0,0,0,0,0,0.8355263157894737,0.0,4.1078947368421055,0.48157894736842105,18.973684210526315,81.71578947368421,3.486842105263158,35.45789473684211,24.313157894736843,52.21578947368421,1.4815789473684209,46.96315789473684,30.400000000000002,49.78947368421053,51.46315789473684,Yunus Robinson,26,American,CONCACAF,United States,Defender,182,72,Left,Tigres UANL,3795812,38
P00663,1525,1,2,19,1,0.46,1.58,36,906,1104,43,13,19,0,43,25,14,9,16,12,63,91,16,10,4,0,4,0,0,0,0,1,0.8465789473684211,0.0,4.8578947368421055,0.5342105263157895,22.63421052631579,84.44736842105263,4.45,44.82105263157895,59.699999999999996,56.63421052631579,4.344736842105263,67.88421052631578,62.13421052631579,65.6921052631579,61.18947368421052,Christian Sargent,25,American,CONCACAF,United States,Midfielder,180,73,Right,New York Red Bulls,24660881,38
P00664,1344,2,1,21,3,0.73,1.08,34,808,980,30,6,21,1,23,24,10,7,20,19,58,64,12,9,3,0,3,0,0,0,0,0,0.8426315789473685,0.0,4.157894736842105,0.46315789473684216,20.471052631578946,83.46315789473684,4.0736842105263165,40.76842105263158,59.526315789473685,57.20263157894736,3.9078947368421053,64.66315789473684,64.00263157894737,69.37105263157895,57.43421052631579,Weston Acosta,26,American,CONCACAF,United States,Midfielder,176,79,Right,LAFC,8116418,38
P00665,2097,2,10,36,7,1.79,2.89,57,1675,1963,58,18,34,2,49,45,25,13,45,8,126,132,11,18,4,0,2,0,0,0,0,6,0.8502631578947369,0.0,6.094736842105263,0.7000000000000001,26.894736842105264,88.76052631578948,5.5394736842105265,55.41052631578947,76.97631578947369,72.61052631578947,10.136842105263158,79.94473684210527,79.52105263157895,88.56842105263158,61.555263157894736,Giovanni Tillman,26,American,CONCACAF,United States,Midfielder,181,77,Right,LA Galaxy,36664322,38
P00666,1197,2,5,17,2,0.4,1.64,27,707,843,29,9,22,2,29,18,12,4,18,11,54,63,15,11,3,0,1,0,0,0,0,3,0.8513157894736842,0.0,3.8157894736842106,0.431578947368421,19.557894736842105,83.75526315789473,3.7947368421052627,38.38157894736842,60.481578947368426,55.376315789473686,3.452631578947368,65.11842105263158,63.01052631578948,72.45263157894736,55.98684210526316,Tyler Morris,28,American,CONCACAF,United States,Midfielder,180,73,Right,Plaza Amador,8807034,38
P00667,1252,2,2,18,2,0.48,0.43000000000000005,21,836,994,33,8,9,0,21,18,20,10,22,8,51,69,14,12,3,0,2,0,0,0,0,3,0.8460526315789473,0.0,4.021052631578947,0.47631578947368425,21.05526315789474,82.27368421052631,4.1684210526315795,42.107894736842105,58.54473684210526,53.705263157894734,3.460526315789474,66.69473684210527,60.57631578947369,71.04736842105264,61.623684210526314,Antonee Horvath,25,American,CONCACAF,United States,Midfielder,177,70,Right,Monterrey,11543243,38
P00668,1229,1,1,8,0,0.28,0.52,20,423,511,25,8,19,0,38,26,14,7,15,15,29,85,10,8,3,1,0,0,0,0,0,1,0.8539473684210527,0.0,3.844736842105263,0.4605263157894737,17.810526315789474,79.53157894736842,3.2710526315789474,33.18684210526315,37.34473684210526,33.21052631578947,1.3026315789473684,39.863157894736844,37.93684210526315,41.82105263157895,49.392105263157895,Timothy Yedlin,23,American,CONCACAF,United States,Midfielder,173,70,Right,Vancouver Whitecaps,10161004,38
P00669,1643,2,5,24,1,1.06,1.46,33,997,1176,38,11,26,0,29,29,15,6,32,14,69,79,25,22,4,1,3,0,0,0,0,1,0.8602631578947367,0.0,5.165789473684211,0.6078947368421053,23.189473684210526,82.72368421052632,4.468421052631579,44.544736842105266,59.87105263157895,56.3421052631579,4.471052631578948,65.98157894736842,67.67631578947368,70.55526315789473,52.99473684210526,Sergino Hoppe,27,American,CONCACAF,United States,Midfielder,177,72,Right,Forge FC,9234179,38
P00670,1375,1,10,12,1,0.22,1.71,30,784,935,42,13,14,0,26,13,17,9,13,22,59,65,19,6,2,0,5,0,0,0,0,2,0.8502631578947369,0.0,4.1499999999999995,0.47631578947368425,16.789473684210527,81.52631578947368,3.3000000000000003,33.47631578947368,60.09736842105263,54.93684210526315,3.9947368421052634,68.8078947368421,65.14999999999999,70.30263157894737,58.63947368421053,Brenden McKennie,26,American,CONCACAF,United States,Midfielder,175,78,Right,Forge FC,24731087,38
P00671,1226,4,2,26,3,1.33,1.07,19,363,498,37,12,4,0,6,3,6,4,24,13,23,19,17,9,2,1,7,0,0,0,0,2,0.7578947368421053,0.0,3.4973684210526317,0.40789473684210525,16.607894736842105,81.07631578947368,3.2157894736842105,32.77105263157895,69.14736842105263,26.849999999999998,1.9263157894736842,65.35000000000001,63.694736842105264,70.91052631578947,58.75526315789473,Christian Horvath,19,American,CONCACAF,United States,Forward,182,76,Left,Cavalry FC,36990617,38
P00672,1139,4,6,31,5,1.44,0.54,15,319,424,45,17,2,0,6,4,0,1,20,5,26,11,9,11,3,0,4,0,0,0,0,0,0.7768421052631579,0.0,3.2973684210526315,0.3973684210526316,16.58157894736842,80.09210526315789,3.360526315789474,34.02894736842105,69.32894736842105,23.663157894736845,1.7868421052631576,66.88157894736842,66.57368421052632,70.23157894736842,56.357894736842105,Weston Yedlin,29,American,CONCACAF,United States,Forward,179,77,Left,Alajuelense,40835492,38
P00673,1944,9,4,46,6,2.19,1.03,30,610,804,72,30,1,0,15,13,7,5,41,21,38,40,19,13,3,0,17,0,0,0,0,6,0.7589473684210526,0.0,5.313157894736842,0.6052631578947368,23.473684210526315,88.11052631578947,4.760526315789474,48.060526315789474,72.43947368421053,25.486842105263158,3.3236842105263156,67.35000000000001,65.86578947368422,70.2578947368421,54.24473684210527,Giovanni Hoppe,25,American,CONCACAF,United States,Forward,180,80,Right,Tauro FC,16660900,38
P00674,1293,2,1,21,2,0.73,0.26,12,213,304,21,5,5,0,14,7,2,3,19,6,16,26,14,11,5,0,5,0,0,0,0,0,0.7589473684210526,0.0,3.8526315789473684,0.47631578947368425,18.568421052631578,82.25263157894737,3.3868421052631574,34.002631578947366,41.147368421052626,23.847368421052632,0.7236842105263158,38.36842105263158,37.613157894736844,41.89473684210526,53.04210526315789,Tyler McKennie,22,American,CONCACAF,United States,Forward,178,68,Left,Alajuelense,13541079,38
P00675,1444,3,3,23,1,1.32,0.48,9,226,321,40,15,6,0,15,8,3,3,28,20,19,29,25,21,5,0,6,0,0,0,0,0,0.7536842105263158,0.0,4.023684210526316,0.4526315789473684,19.68421052631579,82.05,3.6789473684210527,36.99473684210526,44.47631578947368,27.757894736842104,0.7473684210526316,39.90526315789474,37.83947368421053,41.0,56.165789473684214,Antonee Adams,22,American,CONCACAF,United States,Forward,169,74,Right,Vancouver Whitecaps,7035379,38
P00676,1214,12,4,46,10,1.27,0.16,21,457,601,45,14,4,0,7,8,2,0,16,13,42,17,14,7,2,1,8,0,0,0,0,6,0.788421052631579,0.0,3.5894736842105264,0.431578947368421,19.489473684210527,81.77894736842104,4.286842105263158,42.61578947368421,92.63684210526316,22.847368421052632,3.194736842105263,85.9421052631579,83.1421052631579,87.1263157894737,58.96315789473684,Timothy Weah,24,American,CONCACAF,United States,Forward,174,72,Right,CF Montreal,106287395,38
P00677,1130,0,0,0,0,0.0,0.0,4,227,328,6,1,2,0,0,7,19,0,22,7,28,26,10,9,5,0,1,45,2,18,0,0,0.71925,0.252,2.67,0.315,10.5825,79.70750000000001,2.245,23.3825,10.865,97.255,1.4025,85.07000000000001,29.427500000000002,88.22999999999999,55.315,Santiago Lozano,33,Mexican,CONCACAF,Mexico,Goalkeeper,188,78,Right,Guadalajara,22568726,40
P00678,869,0,0,0,0,0.0,0.0,2,166,235,5,1,2,0,0,3,17,0,10,1,19,20,13,10,2,0,2,29,4,13,2,0,0.71875,0.1885,1.9650000000000003,0.24500000000000002,7.8675,78.52250000000001,1.605,16.392500000000002,9.434999999999999,46.505,0.4525,38.1475,31.527499999999996,41.975,54.17,Hirving Alvarez,36,Mexican,CONCACAF,Mexico,Goalkeeper,188,79,Right,Forge FC,1550442,40
P00679,1263,0,0,0,0,0.0,0.0,7,262,354,2,0,4,0,0,9,23,0,18,5,20,32,16,10,2,1,1,50,4,20,1,0,0.73125,0.27175,3.0225,0.3625,10.7375,83.58,2.6275,26.7725,10.0775,99.0,1.65,96.495,29.252499999999998,96.67,55.3325,Raul Lainez,27,Mexican,CONCACAF,Mexico,Goalkeeper,191,87,Right,Plaza Amador,34952894,40
P00680,1627,1,2,9,0,0.07,0.02,9,544,671,10,1,22,1,52,40,69,25,41,21,69,186,17,13,5,0,2,0,0,0,0,1,0.81225,0.0,4.5375,0.5375,22.0825,82.24249999999999,3.9899999999999998,40.245,26.497500000000002,53.6725,1.7525,45.739999999999995,32.005,48.9875,54.55499999999999,Santiago Corona,26,Mexican,CONCACAF,Mexico,Defender,188,73,Right,Club America,14956437,40
P00681,1512,4,1,10,0,0.07,0.08,8,446,551,9,1,35,2,47,39,81,14,43,27,51,181,11,12,2,0,0,0,0,0,0,0,0.8317500000000001,0.0,4.0,0.4575,18.3525,79.045,3.4375,35.1425,20.0075,45.8825,1.135,39.5225,29.5125,41.3775,54.2375,Hirving Ochoa,26,Mexican,CONCACAF,Mexico,Defender,191,83,Right,Tauro FC,3182100,40
P00682,1528,1,0,7,0,0.21000000000000002,0.22,12,779,947,9,1,21,0,36,41,70,10,37,19,81,157,22,12,3,0,2,0,0,0,0,0,0.8225,0.0,3.8975,0.4525,18.96,81.9125,3.7175,37.6175,37.097500000000004,72.75750000000001,3.25,66.00750000000001,32.6,69.285,55.0375,Raul Herrera,29,Mexican,CONCACAF,Mexico,Defender,192,79,Right,Vancouver Whitecaps,21706061,40
P00683,1304,1,0,5,0,0.06999999999999999,0.3,8,652,822,8,0,26,1,51,36,65,15,31,20,56,167,12,9,6,0,2,0,0,0,0,0,0.7995,0.0,3.5825000000000005,0.445,17.925,77.89,3.3924999999999996,34.065,35.89,75.435,2.5,67.065,29.5425,69.615,57.927499999999995,Edson Layun,23,Mexican,CONCACAF,Mexico,Defender,178,73,Left,Club America,9169500,40
P00684,1303,0,1,11,0,0.08,0.09999999999999999,8,674,850,9,1,26,1,40,42,43,14,35,9,64,139,16,9,4,0,5,0,0,0,0,1,0.8089999999999999,0.0,3.435,0.3975,19.0025,81.785,3.5325,36.0125,34.375,72.405,2.6550000000000002,63.3975,31.0875,72.64750000000001,54.529999999999994,Jesus Gutierrez,30,Mexican,CONCACAF,Mexico,Defender,184,76,Right,Atlanta United,12149504,40
P00685,1382,1,1,7,1,0.03,0.1,9,480,588,7,0,26,2,45,33,52,12,25,18,57,142,23,16,6,1,1,0,0,0,0,0,0.8234999999999999,0.0,3.575,0.4025,20.375,79.8125,3.6450000000000005,37.535000000000004,24.7775,53.177499999999995,1.54,46.385000000000005,30.8125,47.42,54.17,Diego Vega,28,Mexican,CONCACAF,Mexico,Defender,182,76,Right,New York Red Bulls,3715579,40
P00686,1418,1,0,7,0,0.06,0.18000000000000002,10,764,942,5,0,31,1,42,38,67,16,39,20,75,163,13,13,4,0,4,0,0,0,0,0,0.819,0.0,3.6799999999999997,0.45,20.36,85.1075,4.01,40.1175,34.4625,73.205,3.2125,65.575,30.419999999999998,69.7975,56.342499999999994,Guillermo Almada,32,Mexican,CONCACAF,Mexico,Defender,180,74,Right,Monterrey,6817252,40
P00687,1721,1,2,11,0,0.37000000000000005,0.21000000000000002,5,572,718,8,0,33,3,57,41,59,16,41,25,67,173,17,21,4,0,4,0,0,0,0,0,0.8242499999999999,0.0,4.67,0.5225,21.205000000000002,82.2325,3.88,39.447500000000005,24.455000000000002,52.714999999999996,1.7550000000000001,41.025,29.497500000000002,49.6425,57.33,Jorge Cordova,32,Mexican,CONCACAF,Mexico,Defender,183,71,Left,LA Galaxy,6248417,40
P00688,1407,0,0,5,0,0.07,0.21,8,898,1112,13,1,18,1,59,45,64,6,40,19,84,174,21,8,1,0,0,0,0,0,0,0,0.8195,0.0,3.715,0.43499999999999994,18.23,83.4375,3.6475,37.045,47.739999999999995,91.33500000000001,4.58,81.7025,26.310000000000002,85.52000000000001,54.955,Hector Vasquez,23,Mexican,CONCACAF,Mexico,Defender,187,77,Right,Tauro FC,25352417,40
P00689,1800,0,2,10,0,0.24000000000000002,1.12,29,638,762,22,6,27,2,46,22,20,10,29,20,48,98,23,16,6,0,0,0,0,0,0,0,0.85025,0.0,5.5225,0.67,24.2925,82.06,4.4925,45.5675,36.25,34.685,1.8350000000000002,38.17,36.847500000000004,41.2,51.6275,Santiago Araujo,26,Mexican,CONCACAF,Mexico,Midfielder,176,76,Right,Tigres UANL,5971308,40
P00690,1346,1,1,9,1,0.12000000000000001,0.86,22,574,692,18,3,26,1,37,21,16,6,23,7,28,80,14,11,5,0,5,0,0,0,0,0,0.8432499999999999,0.0,4.275,0.4875,18.072499999999998,80.6725,3.2649999999999997,32.6275,45.1575,36.2625,1.6475000000000002,43.725,45.4675,48.072500000000005,56.915,Hirving Pineda,22,Mexican,CONCACAF,Mexico,Midfielder,186,77,Right,Monterrey,3207696,40
P00691,1523,1,3,28,4,0.58,0.55,26,871,1060,36,9,32,2,34,31,19,10,30,10,71,94,23,16,4,0,2,0,0,0,0,0,0.8515,0.0,4.4799999999999995,0.5375,21.990000000000002,81.86749999999999,4.26,43.2825,56.2375,55.035000000000004,3.7875,65.66749999999999,65.4825,68.36749999999999,53.192499999999995,Raul Antuna,22,Mexican,CONCACAF,Mexico,Midfielder,172,66,Right,Cavalry FC,11132195,40
P00692,1466,3,2,11,0,0.42000000000000004,2.61,21,651,772,24,8,27,1,35,29,15,8,31,14,41,87,15,15,5,0,2,0,0,0,0,3,0.85725,0.0,4.21,0.5075000000000001,17.0825,80.3175,3.025,30.6875,41.010000000000005,37.96,1.97,44.975,46.769999999999996,48.402499999999996,55.192499999999995,Edson Martinez,19,Mexican,CONCACAF,Mexico,Midfielder,172,71,Right,Tauro FC,1844804,40
P00693,1794,6,6,47,8,0.68,3.18,61,1749,2057,62,18,28,2,40,32,23,7,29,15,124,102,32,8,1,0,2,0,0,0,0,5,0.85175,0.0,5.3075,0.6325000000000001,19.572499999999998,85.285,4.39,44.3275,89.4075,77.6775,12.780000000000001,94.025,94.045,98.06,56.4175,Jesus Reyes,26,Mexican,CONCACAF,Mexico,Midfielder,186,78,Right,Forge FC,170783688,40
P00694,1639,3,7,27,1,1.15,0.99,28,965,1140,24,4,25,2,34,32,13,6,33,13,74,85,19,22,1,0,0,0,0,0,0,4,0.84975,0.0,4.505,0.52,19.765,82.465,3.755,38.0775,59.17,56.23,3.9899999999999998,64.8125,66.4975,68.9425,54.5825,Diego Romo,30,Mexican,CONCACAF,Mexico,Midfielder,183,74,Right,Club America,16604407,40
P00695,1388,2,5,17,0,0.21000000000000002,1.03,34,865,1029,32,8,19,0,27,20,22,13,19,15,70,82,15,10,3,0,0,0,0,0,0,2,0.8535,0.0,3.995,0.4625,17.205000000000002,83.2675,3.2475,32.64,62.317499999999995,54.3725,3.9899999999999998,65.10249999999999,66.7475,71.525,56.052499999999995,Guillermo Torres,32,Mexican,CONCACAF,Mexico,Midfielder,174,72,Right,LAFC,28271942,40
P00696,981,1,7,18,1,0.13,1.16,30,763,909,22,7,22,2,21,7,10,7,9,6,60,45,16,12,2,0,2,0,0,0,0,4,0.84975,0.0,3.2399999999999998,0.365,15.105,82.1375,3.255,32.915,79.4525,70.7175,4.654999999999999,83.91499999999999,81.0525,89.325,54.285000000000004,Jorge Lozano,23,Mexican,CONCACAF,Mexico,Midfielder,173,75,Right,Guadalajara,119311209,40
P00697,1554,3,1,17,1,1.27,0.88,22,317,423,37,9,7,0,8,7,6,4,22,16,20,25,19,16,4,0,7,0,0,0,0,0,0.76675,0.0,4.375,0.5225000000000001,19.09,78.3625,3.5524999999999998,35.815,50.3975,23.395000000000003,1.135,45.8075,46.739999999999995,50.364999999999995,58.92,Santiago Reyes,29,Mexican,CONCACAF,Mexico,Forward,174,69,Left,LAFC,6087411,40
P00698,1259,5,1,20,1,1.04,0.36,9,234,301,24,9,5,0,9,6,4,7,18,14,25,26,15,6,7,0,8,0,0,0,0,2,0.78825,0.0,3.62,0.4375,16.025,81.2325,3.075,31.639999999999997,44.015,25.38,0.7150000000000001,38.425,37.6025,42.917500000000004,55.277499999999996,Hirving Romo,21,Mexican,CONCACAF,Mexico,Forward,173,77,Left,Saprissa,7115418,40
P00699,1848,11,6,93,25,2.06,2.89,51,919,1192,100,44,5,0,18,11,6,6,31,12,55,41,24,19,2,0,11,0,0,0,0,14,0.7847500000000001,0.0,4.9275,0.5625,23.835,87.91749999999999,5.3625,53.88250000000001,96.4825,23.725,7.845000000000001,96.115,93.16,96.44,58.3975,Raul Torres,21,Mexican,CONCACAF,Mexico,Forward,181,77,Left,Vancouver Whitecaps,47575310,40
P00700,1652,9,5,54,12,3.19,0.45,16,464,611,59,19,8,0,19,5,8,2,26,11,39,34,30,15,4,0,6,0,0,0,0,6,0.77975,0.0,4.63,0.55,21.9075,83.875,4.1725,42.1575,72.5725,24.355,2.3475,63.842499999999994,66.80499999999999,69.465,55.07000000000001,Edson Lozano,30,Mexican,CONCACAF,Mexico,Forward,172,69,Left,LAFC,30220581,40
P00701,1218,0,4,14,0,0.68,0.28,11,221,301,23,5,3,0,15,9,5,1,21,14,25,30,15,12,3,0,6,0,0,0,0,0,0.7795,0.0,3.3175,0.3875,20.015,79.7325,3.7325000000000004,38.1825,43.2475,26.01,0.7325,37.847500000000004,38.9825,42.2825,51.92999999999999,Jesus Alvarez,26,Mexican,CONCACAF,Mexico,Forward,173,65,Right,Cavalry FC,17213940,40
P00702,1644,6,2,45,10,1.17,1.08,24,362,474,34,12,5,0,21,8,9,4,33,15,27,42,12,8,2,0,4,0,0,0,0,0,0.7769999999999999,0.0,4.5575,0.5675,21.805,82.11,4.2,42.3575,51.254999999999995,24.9325,1.42,44.745,42.305,48.035000000000004,58.00750000000001,Diego Lainez,33,Mexican,CONCACAF,Mexico,Forward,179,75,Right,LAFC,3164074,40
P00703,964,0,0,0,0,0.0,0.0,4,184,266,4,0,0,0,0,3,16,0,16,1,25,19,15,12,2,0,2,42,3,14,2,0,0.71875,0.18166666666666667,1.9312500000000001,0.22083333333333333,8.197916666666666,78.62708333333333,1.8916666666666666,20.068749999999998,8.770833333333334,97.02499999999999,0.8958333333333334,85.95416666666667,28.577083333333334,90.0125,61.012499999999996,Alphonso David,28,Canadian,CONCACAF,Canada,Goalkeeper,183,74,Right,Inter Miami,18887406,48
P00704,1079,0,0,0,0,0.0,0.0,3,188,270,5,0,5,0,0,8,16,0,12,3,28,24,6,10,6,1,0,42,4,20,0,0,0.698125,0.211875,2.0500000000000003,0.2354166666666667,8.325000000000001,77.93333333333334,1.85625,19.216666666666665,10.304166666666667,78.79375,0.7958333333333334,63.81666666666666,32.69375,70.96041666666666,57.479166666666664,Jonathan Eustaquio,24,Canadian,CONCACAF,Canada,Goalkeeper,189,77,Left,Inter Miami,11722842,48
P00705,1554,0,0,0,0,0.0,0.0,6,317,436,13,2,3,0,0,7,19,0,28,2,26,26,20,15,8,1,1,58,8,21,1,0,0.754375,0.2910416666666667,2.939583333333333,0.31875000000000003,12.685416666666667,78.42083333333333,2.5229166666666667,26.22083333333333,10.129166666666666,48.08958333333334,0.6645833333333333,39.77916666666667,29.125,40.637499999999996,54.87083333333334,Cyle Buchanan,25,Canadian,CONCACAF,Canada,Goalkeeper,198,83,Left,LA Galaxy,1505463,48
P00706,1355,2,0,9,0,0.0,0.16999999999999998,16,668,841,6,1,13,0,60,28,72,19,41,15,75,179,23,14,6,0,2,0,0,0,0,1,0.8110416666666667,0.0,3.060416666666667,0.3541666666666667,16.78125,80.40208333333334,3.3020833333333335,33.793749999999996,34.22083333333333,71.17083333333333,2.470833333333333,66.89375,29.806250000000002,69.13333333333334,55.854166666666664,Alphonso Johnston,24,Canadian,CONCACAF,Canada,Defender,184,75,Right,Cruz Azul,13417261,48
P00707,1918,0,2,11,0,0.18,0.05,15,998,1217,9,1,29,0,54,57,91,28,45,27,99,230,18,20,6,1,0,0,0,0,0,0,0.8389583333333334,0.0,4.091666666666667,0.4604166666666667,21.520833333333332,83.71458333333334,4.202083333333333,41.68125,33.9375,75.28333333333333,3.4020833333333336,65.72500000000001,27.683333333333334,69.6375,59.775,Jonathan Adekugbe,25,Canadian,CONCACAF,Canada,Defender,183,75,Right,Vancouver Whitecaps,44729214,48
P00708,1983,0,1,17,0,0.13,0.54,18,967,1200,9,0,41,2,69,57,92,23,42,20,99,241,32,17,4,1,4,0,0,0,0,0,0.8129166666666667,0.0,4.379166666666666,0.5,20.322916666666668,83.1375,3.9499999999999997,40.4125,36.047916666666666,76.35833333333333,3.5208333333333335,65.89999999999999,30.870833333333334,70.21875,54.52291666666667,Cyle Borjan,28,Canadian,CONCACAF,Canada,Defender,180,76,Right,Vancouver Whitecaps,13105101,48
P00709,1725,0,4,11,0,0.02,0.19,16,1392,1707,13,0,26,2,66,46,75,24,38,16,158,211,27,7,4,0,2,0,0,0,0,1,0.8129166666666667,0.0,3.954166666666667,0.48125,18.152083333333334,85.66250000000001,4.045833333333333,41.645833333333336,55.2875,98.08958333333334,7.808333333333334,94.14999999999999,28.133333333333336,97.56875000000001,58.572916666666664,Stephen Miller,24,Canadian,CONCACAF,Canada,Defender,181,73,Left,Inter Miami,29312349,48
P00710,1822,0,2,12,0,0.03,0.19,7,536,689,10,0,34,1,79,53,92,23,47,23,65,247,22,25,6,0,4,0,0,0,0,0,0.8158333333333333,0.0,4.016666666666667,0.44166666666666665,19.006249999999998,81.83541666666666,3.497916666666667,35.43958333333333,20.266666666666666,45.43333333333334,1.125,38.739583333333336,32.5875,41.09583333333334,52.822916666666664,Alistair Fraser,28,Canadian,CONCACAF,Canada,Defender,172,74,Left,Plaza Amador,3184675,48
P00711,1465,1,1,7,1,0.17,0.21000000000000002,12,758,924,7,0,32,4,69,41,70,15,34,19,89,195,15,13,5,1,0,0,0,0,0,1,0.8245833333333333,0.0,3.35,0.3833333333333333,16.8,80.29375,3.3020833333333335,33.33958333333333,34.25833333333333,74.1125,2.68125,67.15625,30.989583333333332,69.40833333333333,55.364583333333336,Tajon Utoikamanu,32,Canadian,CONCACAF,Canada,Defender,183,81,Left,Toronto FC,20857491,48
P00712,1748,0,0,11,0,0.07,0.05,4,589,730,13,0,31,4,59,45,85,33,57,26,87,222,22,17,4,0,2,0,0,0,0,0,0.816875,0.0,3.9604166666666667,0.4375,19.620833333333334,80.66875,3.627083333333333,37.12083333333333,23.733333333333334,51.666666666666664,1.5499999999999998,47.12291666666667,31.50208333333333,50.25625,52.237500000000004,Sam Hoilett,28,Canadian,CONCACAF,Canada,Defender,189,76,Right,Guadalajara,4761638,48
P00713,1981,1,1,10,0,0.18,0.11,13,687,861,10,1,37,2,60,66,97,20,59,17,75,243,28,12,7,0,0,0,0,0,0,1,0.8133333333333334,0.0,4.322916666666667,0.48333333333333334,21.791666666666668,81.08749999999999,3.8854166666666665,39.16458333333333,24.983333333333334,52.36041666666667,1.7416666666666665,44.06875,29.775000000000002,49.800000000000004,52.81875,Liam Cornelius,29,Canadian,CONCACAF,Canada,Defender,191,79,Right,Cruz Azul,3772308,48
P00714,1917,0,0,16,0,0.09,0.46,18,1193,1525,8,0,32,1,79,53,86,26,48,22,140,244,19,13,9,1,3,0,0,0,0,0,0.7972916666666667,0.0,4.15625,0.4770833333333333,22.083333333333332,84.29375,4.4375,44.61875,45.00833333333333,91.25,5.883333333333333,81.36874999999999,31.754166666666666,87.35833333333333,58.979166666666664,Richie Bomba,22,Canadian,CONCACAF,Canada,Defender,172,72,Right,Forge FC,40676480,48
P00715,2040,2,2,34,2,1.44,1.08,54,1243,1499,58,18,40,3,45,38,21,13,29,15,100,117,18,12,4,0,2,0,0,0,0,0,0.8533333333333334,0.0,4.872916666666667,0.5833333333333334,22.022916666666664,83.39583333333333,4.1625000000000005,42.31041666666667,62.395833333333336,56.16458333333333,4.991666666666666,65.42916666666666,62.45416666666666,67.825,61.043749999999996,Alphonso Wotherspoon,30,Canadian,CONCACAF,Canada,Midfielder,181,78,Right,Tigres UANL,25297508,48
P00716,1471,2,5,24,2,0.52,0.86,39,880,1054,34,8,26,1,36,31,13,8,29,11,68,88,14,12,4,1,3,0,0,0,0,0,0.8447916666666666,0.0,3.6437500000000003,0.43333333333333335,19.589583333333334,83.07916666666667,3.8249999999999997,38.09791666666667,58.793749999999996,57.41041666666666,3.3666666666666667,66.45416666666667,63.38333333333333,69.34791666666666,55.88958333333333,Jonathan Cavallini,23,Canadian,CONCACAF,Canada,Midfielder,180,75,Left,Club America,18055562,48
P00717,1237,1,1,16,1,0.51,1.78,29,702,849,20,5,19,1,18,22,20,7,21,15,45,67,12,11,3,1,2,0,0,0,0,0,0.8450000000000001,0.0,3.0812500000000003,0.3625,15.40625,83.57083333333334,3.0395833333333333,30.66875,59.42291666666667,54.6875,2.5458333333333334,67.22916666666667,62.04583333333333,71.41250000000001,58.458333333333336,Cyle Waterman,21,Canadian,CONCACAF,Canada,Midfielder,180,75,Right,Guadalajara,19575051,48
P00718,1863,3,9,29,3,0.64,2.03,60,1499,1769,58,19,27,1,45,36,22,9,43,7,106,112,17,23,3,0,3,0,0,0,0,3,0.8493750000000001,0.0,4.558333333333334,0.5166666666666667,18.852083333333333,84.175,3.9333333333333336,39.87708333333334,74.74374999999999,73.23958333333333,7.3187500000000005,83.14166666666667,81.58541666666666,87.28125,58.14791666666667,Stephen Kennedy,28,Canadian,CONCACAF,Canada,Midfielder,182,70,Right,Alajuelense,27335926,48
P00719,1722,2,5,7,0,0.56,1.94,29,711,844,25,5,30,2,33,40,23,4,23,15,52,100,26,7,6,1,0,0,0,0,0,3,0.861875,0.0,4.4312499999999995,0.5333333333333333,19.235416666666666,82.18958333333333,3.470833333333333,35.36875,42.76458333333333,38.6,1.8479166666666667,46.21875,46.46666666666667,49.05833333333334,55.010416666666664,Alistair Piette,29,Canadian,CONCACAF,Canada,Midfielder,183,76,Right,Guadalajara,5770936,48
P00720,2102,2,4,14,0,0.4,1.26,34,931,1117,32,6,30,1,53,28,17,16,42,11,50,114,26,22,3,0,3,0,0,0,0,2,0.8537499999999999,0.0,5.320833333333334,0.5875,21.59375,80.13958333333333,3.779166666666667,37.37291666666667,41.80833333333333,39.31041666666667,2.2958333333333334,44.572916666666664,45.75,49.73333333333333,53.00625,Tajon Zator,26,Canadian,CONCACAF,Canada,Midfielder,176,72,Right,Vancouver Whitecaps,8214515,48
P00721,1800,4,6,37,4,1.34,4.09,66,1691,2033,69,22,33,3,48,31,18,8,25,12,146,105,12,20,5,1,5,0,0,0,0,3,0.8385416666666666,0.0,4.26875,0.48125,18.295833333333334,85.49166666666667,4.133333333333334,41.88333333333333,89.60833333333333,79.84375,10.535416666666666,93.65208333333334,92.10208333333333,97.87083333333334,60.856249999999996,Sam James,28,Canadian,CONCACAF,Canada,Midfielder,185,82,Right,Guadalajara,103774107,48
P00722,2069,4,2,10,0,0.32,1.53,31,849,1025,42,9,30,0,45,26,28,10,33,18,46,109,21,25,3,0,3,0,0,0,0,0,0.8447916666666666,0.0,5.160416666666666,0.5437500000000001,25.09583333333333,83.05,4.5375000000000005,46.081250000000004,41.333333333333336,38.425000000000004,2.035416666666667,46.18958333333333,43.731249999999996,50.31875,55.80833333333334,Liam David,29,Canadian,CONCACAF,Canada,Midfielder,173,75,Right,Cruz Azul,3368297,48
P00723,1753,7,1,63,11,2.0300000000000002,1.01,26,493,663,60,25,6,0,19,4,7,3,27,13,49,33,19,25,5,0,7,0,0,0,0,1,0.7802083333333334,0.0,3.9875000000000003,0.45625000000000004,18.910416666666666,83.61874999999999,3.6833333333333336,37.88333333333333,72.05833333333334,23.677083333333332,2.4291666666666667,64.03958333333334,67.16875,73.4375,57.24583333333334,Alphonso Piette,20,Canadian,CONCACAF,Canada,Forward,171,66,Left,Tauro FC,28828751,48
P00724,1973,5,3,21,1,1.68,0.92,14,374,489,35,9,6,0,13,8,6,4,38,13,19,31,14,14,5,0,9,0,0,0,0,4,0.7770833333333332,0.0,4.814583333333333,0.5520833333333334,20.329166666666666,82.23958333333333,3.8249999999999997,38.449999999999996,43.65625,24.15833333333333,0.80625,40.108333333333334,40.84791666666667,42.69375,52.01666666666667,Jonathan Zator,24,Canadian,CONCACAF,Canada,Forward,183,72,Left,Vancouver Whitecaps,11856259,48
P00725,1799,4,1,28,3,1.84,1.35,35,378,497,39,14,7,0,18,14,5,4,24,20,30,41,23,20,5,1,13,0,0,0,0,0,0.785,0.0,4.2875,0.48541666666666666,19.022916666666667,81.69375000000001,3.3562499999999997,33.90208333333333,49.53125,25.160416666666666,1.3604166666666666,45.262499999999996,44.76458333333333,50.61875,55.041666666666664,Cyle James,28,Canadian,CONCACAF,Canada,Forward,174,71,Right,Vancouver Whitecaps,4326762,48
P00726,2012,9,3,49,4,2.29,0.84,36,637,814,64,27,11,0,13,8,8,3,45,19,41,32,29,17,4,0,12,0,0,0,0,3,0.7891666666666667,0.0,4.539583333333334,0.5145833333333333,22.18958333333333,84.90625,4.354166666666667,43.268750000000004,72.51875,23.327083333333334,2.8541666666666665,63.72291666666666,67.5125,70.58541666666666,57.50416666666666,Stephen David,27,Canadian,CONCACAF,Canada,Forward,175,76,Right,Forge FC,18011935,48
P00727,2212,5,3,61,8,3.24,1.12,50,625,816,69,26,6,0,24,8,9,7,30,19,47,48,28,20,3,0,13,0,0,0,0,4,0.789375,0.0,5.014583333333333,0.5833333333333334,24.21875,84.11666666666666,4.75,47.885416666666664,73.22916666666667,24.385416666666668,3.0729166666666665,66.03333333333333,65.48333333333333,69.71875,54.96458333333334,Alistair Eustaquio,26,Canadian,CONCACAF,Canada,Forward,184,80,Right,Atlanta United,14302217,48
P00728,1559,9,5,39,7,2.42,0.88,19,469,623,64,27,3,0,9,8,6,2,31,8,34,25,19,16,4,1,7,0,0,0,0,3,0.7843749999999999,0.0,3.5083333333333333,0.38958333333333334,16.060416666666665,79.79166666666667,3.2270833333333333,33.510416666666664,71.72708333333334,25.808333333333334,1.9354166666666668,67.33125,63.60208333333333,69.71041666666666,57.762499999999996,Tajon Buchanan,26,Canadian,CONCACAF,Canada,Forward,178,71,Right,Guadalajara,10682047,48
P00729,1165,0,0,0,0,0.0,0.0,2,231,322,5,0,4,0,0,10,18,0,20,2,23,28,16,10,6,0,0,53,2,25,1,0,0.722608695652174,0.24891304347826085,2.2108695652173913,0.25217391304347825,9.519565217391303,82.22826086956522,2.106521739130435,21.88695652173913,10.210869565217392,80.89782608695653,0.8021739130434782,61.77391304347826,30.04565217391304,71.01086956521739,54.415217391304346,Keylor Campbell,28,Costa Rican,CONCACAF,Costa Rica,Goalkeeper,191,82,Right,Atlanta United,11420312,46
P00730,1986,0,2,0,0,0.0,0.0,10,391,556,10,1,3,0,0,13,41,0,43,5,41,54,20,21,3,0,3,78,4,36,0,1,0.7139130434782609,0.3873913043478261,3.9586956521739127,0.4804347826086957,15.339130434782609,80.56739130434782,3.4847826086956526,36.01521739130435,10.934782608695652,81.45,1.5673913043478263,69.79782608695652,29.29565217391304,69.9304347826087,53.821739130434786,Joel Borges,25,Costa Rican,CONCACAF,Costa Rica,Goalkeeper,192,72,Right,Atlanta United,24626941,46
P00731,509,0,1,0,0,0.0,0.0,0,113,158,4,1,1,0,0,4,9,0,7,1,10,13,4,4,2,0,0,26,1,7,2,0,0.705,0.10282608695652175,0.9782608695652174,0.11304347826086956,3.680434782608696,76.4391304347826,0.8826086956521739,9.41304347826087,10.534782608695652,97.09347826086957,0.4869565217391304,83.73478260869565,30.382608695652173,87.15652173913043,56.69130434782609,Bryan Duarte,28,Costa Rican,CONCACAF,Costa Rica,Goalkeeper,186,76,Right,Toronto FC,29692746,46
P00732,2003,0,0,16,1,0.03,0.13,5,712,892,11,0,34,4,79,54,96,22,56,28,79,251,35,24,9,0,2,0,0,0,0,0,0.8180434782608696,0.0,4.7760869565217385,0.5521739130434782,21.195652173913043,82.46304347826087,3.891304347826087,39.46521739130435,24.217391304347824,52.178260869565214,1.8043478260869565,47.23913043478261,31.821739130434782,50.04782608695652,55.643478260869564,Keylor Calvo,27,Costa Rican,CONCACAF,Costa Rica,Defender,190,79,Right,Cavalry FC,3545812,46
P00733,1525,0,0,10,0,0.04,0.09,8,489,620,6,0,26,2,56,42,70,12,44,17,51,180,20,10,6,0,3,0,0,0,0,0,0.8110869565217392,0.0,3.558695652173913,0.3978260869565218,20.821739130434782,81.64565217391304,3.752173913043478,38.09130434782609,24.56086956521739,52.81739130434782,1.2717391304347827,43.12173913043478,30.063043478260873,48.369565217391305,54.61304347826086,Joel Oviedo,34,Costa Rican,CONCACAF,Costa Rica,Defender,186,81,Right,Forge FC,8329722,46
P00734,1522,0,2,15,1,0.01,0.13,2,490,593,8,0,25,2,44,35,82,12,40,16,73,173,17,17,6,1,2,0,0,0,0,1,0.8173913043478261,0.0,3.5434782608695654,0.44130434782608696,17.571739130434782,80.31304347826087,3.2913043478260873,34.03695652173913,19.747826086956522,43.7195652173913,1.1673913043478261,40.39782608695652,29.721739130434784,41.13913043478261,52.00652173913044,Bryan Matarrita,31,Costa Rican,CONCACAF,Costa Rica,Defender,185,80,Left,LAFC,5466016,46
P00735,1661,1,1,8,0,0.1,0.26,7,803,996,11,1,21,1,50,42,70,25,52,20,94,187,20,14,6,1,2,0,0,0,0,0,0.8130434782608695,0.0,3.9543478260869565,0.4826086956521739,19.22826086956522,81.63695652173914,3.756521739130435,37.32173913043478,33.667391304347824,75.30869565217391,2.9804347826086954,65.43478260869566,27.85217391304348,70.30652173913043,54.81521739130435,Celso Tejeda,23,Costa Rican,CONCACAF,Costa Rica,Defender,180,76,Right,Guadalajara,14084725,46
P00736,1806,0,3,8,0,0.09,0.3,15,902,1111,11,1,36,2,55,56,74,24,41,17,93,209,26,19,4,1,1,0,0,0,0,0,0.8228260869565218,0.0,4.104347826086957,0.46304347826086956,19.610869565217392,81.61521739130436,3.8434782608695657,39.98478260869565,35.7804347826087,73.54347826086956,3.3717391304347823,66.8804347826087,33.047826086956526,70.72826086956522,57.31521739130435,Francisco Wallace,27,Costa Rican,CONCACAF,Costa Rica,Defender,180,75,Left,New York Red Bulls,7606996,46
P00737,1716,1,1,10,0,0.04,0.27999999999999997,4,492,628,11,1,38,2,66,35,89,19,45,14,70,209,25,11,6,2,3,0,0,0,0,2,0.813695652173913,0.0,3.997826086956522,0.4782608695652174,21.406521739130433,80.25217391304348,3.8978260869565218,39.68695652173913,20.57608695652174,43.96521739130435,1.1673913043478261,40.047826086956526,29.417391304347827,41.72608695652174,55.071739130434786,Randal Brenes,23,Costa Rican,CONCACAF,Costa Rica,Defender,188,78,Left,Tauro FC,2663776,46
P00738,1760,1,1,8,0,0.02,0.29000000000000004,10,627,794,12,1,29,2,58,44,77,17,42,26,63,196,21,20,6,0,1,0,0,0,0,0,0.8139130434782608,0.0,4.078260869565217,0.4760869565217391,20.773913043478263,80.48478260869565,3.6739130434782608,36.778260869565216,23.52608695652174,53.126086956521746,1.6173913043478263,44.789130434782614,30.741304347826084,49.73695652173913,53.11521739130435,Patrick Alvarado,30,Costa Rican,CONCACAF,Costa Rica,Defender,179,74,Right,Forge FC,3442029,46
P00739,2025,1,0,8,0,0.18,0.1,8,593,733,8,0,35,2,64,61,101,18,47,37,80,244,22,21,3,0,3,0,0,0,0,0,0.8280434782608697,0.0,4.434782608695652,0.5434782608695652,22.43913043478261,80.49347826086957,4.171739130434783,41.517391304347825,21.456521739130434,46.43478260869565,1.3804347826086956,40.2695652173913,29.32608695652174,43.8304347826087,54.26521739130435,Oscar Chacon,29,Costa Rican,CONCACAF,Costa Rica,Defender,177,79,Right,Vancouver Whitecaps,1342676,46
P00740,1565,0,1,12,0,0.07,0.37,7,543,682,11,1,32,1,66,47,77,22,43,16,49,212,23,10,2,0,3,0,0,0,0,0,0.802391304347826,0.0,3.5130434782608693,0.42391304347826086,17.443478260869565,81.01739130434783,3.182608695652174,32.154347826086955,26.176086956521736,51.7804347826087,1.3478260869565217,45.01521739130435,27.752173913043475,47.873913043478254,53.73260869565217,Ronald Haxiel,26,Costa Rican,CONCACAF,Costa Rica,Defender,180,72,Right,Inter Miami,5836484,46
P00741,1939,5,2,18,1,0.55,1.6400000000000001,34,784,938,38,11,29,1,42,41,22,10,29,11,68,115,21,19,2,0,2,0,0,0,0,3,0.856304347826087,0.0,4.5978260869565215,0.4934782608695652,20.534782608695654,81.50217391304348,3.7369565217391307,38.22608695652174,42.90217391304348,38.904347826086955,2.3065217391304347,48.41956521739131,44.65652173913043,49.54347826086956,56.43260869565218,Keylor Watson,23,Costa Rican,CONCACAF,Costa Rica,Midfielder,177,76,Right,Monterrey,3732992,46
P00742,1483,3,5,17,1,0.46,0.99,29,898,1079,29,6,32,2,48,31,15,14,26,7,64,108,15,8,4,0,3,0,0,0,0,0,0.8445652173913044,0.0,3.78695652173913,0.43695652173913047,18.995652173913044,83.11304347826086,3.6891304347826086,37.45652173913044,58.18478260869565,55.55869565217391,3.3369565217391304,62.54782608695652,65.83478260869565,68.42173913043479,53.839130434782604,Joel Soto,26,Costa Rican,CONCACAF,Costa Rica,Midfielder,179,71,Left,Monterrey,12920911,46
P00743,1501,2,4,27,2,0.21,2.29,66,1357,1608,49,14,27,2,45,18,19,8,22,16,99,90,26,13,2,0,3,0,0,0,0,2,0.8593478260869566,0.0,3.845652173913044,0.43478260869565216,17.254347826086956,82.67608695652174,3.9,39.92391304347826,89.25434782608696,77.28260869565217,8.828260869565218,93.93260869565216,92.14782608695653,97.16521739130435,57.45434782608696,Bryan Leiton,27,Costa Rican,CONCACAF,Costa Rica,Midfielder,174,75,Right,Vancouver Whitecaps,113249866,46
P00744,1541,0,4,18,0,0.41000000000000003,1.38,20,541,645,23,4,18,0,30,28,21,8,22,17,41,87,21,21,4,0,1,0,0,0,0,0,0.8628260869565217,0.0,4.004347826086956,0.4673913043478261,18.33913043478261,80.1608695652174,3.4347826086956523,34.589130434782604,35.30434782608695,34.55869565217392,1.2608695652173914,39.79565217391304,37.92826086956522,41.76304347826087,53.810869565217395,Celso Zuniga,33,Costa Rican,CONCACAF,Costa Rica,Midfielder,176,71,Right,New York Red Bulls,6573781,46
P00745,1527,0,5,31,2,1.4,1.11,46,901,1083,30,9,31,2,35,24,23,12,25,9,81,94,24,14,3,0,5,0,0,0,0,0,0.8404347826086955,0.0,4.0630434782608695,0.46304347826086956,18.269565217391303,81.6891304347826,3.5521739130434784,35.96521739130435,60.910869565217396,54.07826086956521,3.9456521739130435,64.6891304347826,62.44565217391305,68.28260869565217,58.24347826086956,Francisco Aguilar,26,Costa Rican,CONCACAF,Costa Rica,Midfielder,173,75,Right,Forge FC,17981105,46
P00746,1898,1,1,23,2,0.33,1.18,34,708,841,16,3,32,4,44,44,17,9,28,14,50,114,21,15,5,1,3,0,0,0,0,1,0.8521739130434783,0.0,4.871739130434783,0.5347826086956522,22.72391304347826,84.30652173913043,4.041304347826087,40.358695652173914,36.369565217391305,33.345652173913045,1.6456521739130436,40.18260869565218,38.73478260869565,44.87173913043478,52.710869565217386,Randal Salas,32,Costa Rican,CONCACAF,Costa Rica,Midfielder,171,68,Right,Tigres UANL,12494006,46
P00747,2139,9,7,45,4,2.91,3.79,73,2026,2401,74,26,27,1,42,39,34,11,31,26,153,126,23,16,2,1,6,0,0,0,0,9,0.8454347826086956,0.0,5.686956521739131,0.6478260869565218,20.652173913043477,87.80869565217391,4.539130434782609,46.4695652173913,89.68695652173913,80.92608695652174,12.747826086956522,92.66739130434782,90.38478260869564,97.14565217391304,58.63913043478261,Patrick Vargas,20,Costa Rican,CONCACAF,Costa Rica,Midfielder,183,70,Right,Tigres UANL,57646980,46
P00748,1781,2,2,12,0,0.6100000000000001,0.74,34,646,788,12,2,30,1,34,31,22,14,24,22,54,101,29,16,5,0,5,0,0,0,0,0,0.8295652173913043,0.0,4.534782608695652,0.5630434782608695,20.330434782608698,79.1413043478261,3.641304347826087,37.18913043478261,35.471739130434784,31.47608695652174,1.5869565217391304,40.06956521739131,39.21304347826087,42.79130434782609,53.91304347826087,Oscar Campbell,29,Costa Rican,CONCACAF,Costa Rica,Midfielder,185,78,Right,Plaza Amador,5363327,46
P00749,1346,7,1,38,7,1.99,0.84,19,398,532,51,21,5,0,8,6,8,3,17,11,28,25,16,14,5,0,6,0,0,0,0,4,0.7810869565217391,0.0,3.3782608695652177,0.41739130434782606,18.06086956521739,83.63695652173914,3.4543478260869565,34.952173913043474,71.56304347826087,24.104347826086954,1.7608695652173914,66.29565217391304,62.05652173913043,70.18695652173913,55.40217391304348,Keylor Aguilar,25,Costa Rican,CONCACAF,Costa Rica,Forward,178,73,Right,Alajuelense,42669527,46
P00750,2120,7,1,42,5,1.8900000000000001,1.29,24,349,461,37,11,4,0,21,10,6,5,38,19,31,42,26,15,4,0,15,0,0,0,0,0,0.786304347826087,0.0,5.084782608695653,0.5934782608695652,22.345652173913045,80.22391304347826,4.1695652173913045,41.91304347826087,43.245652173913044,24.73913043478261,1.0326086956521738,38.84130434782609,36.88695652173913,41.18695652173913,50.5195652173913,Joel Salas,21,Costa Rican,CONCACAF,Costa Rica,Forward,176,71,Right,Forge FC,2600472,46
P00751,1745,3,4,46,7,1.91,2.08,31,519,679,68,24,8,0,15,7,5,7,34,22,42,34,20,10,5,0,8,0,0,0,0,3,0.7769565217391304,0.0,4.1326086956521735,0.46956521739130436,19.715217391304346,84.2195652173913,3.867391304347826,39.13913043478261,76.85434782608696,25.567391304347826,2.473913043478261,65.18695652173913,63.16304347826087,70.95434782608696,57.154347826086955,Bryan Vargas,28,Costa Rican,CONCACAF,Costa Rica,Forward,176,72,Right,Tauro FC,47679136,46
P00752,1570,12,3,58,14,3.49,1.6,24,632,811,62,26,1,0,12,10,4,1,30,19,42,27,15,18,4,0,14,0,0,0,0,6,0.7891304347826086,0.0,3.713043478260869,0.4043478260869566,17.48478260869565,82.53478260869565,3.5630434782608695,36.028260869565216,90.0695652173913,23.532608695652176,3.4108695652173915,86.62391304347825,80.98260869565217,91.59782608695652,55.126086956521746,Celso Campbell,27,Costa Rican,CONCACAF,Costa Rica,Forward,182,67,Right,Inter Miami,60055692,46
P00753,1694,7,4,23,1,0.79,0.7000000000000001,24,290,382,29,9,3,0,16,8,4,2,31,14,24,30,19,14,3,0,14,0,0,0,0,1,0.7834782608695652,0.0,4.076086956521739,0.4673913043478261,20.458695652173912,83.12391304347825,3.776086956521739,38.36739130434783,43.78478260869565,25.98695652173913,0.9130434782608695,40.05217391304348,38.23478260869565,40.7195652173913,53.050000000000004,Francisco Borges,25,Costa Rican,CONCACAF,Costa Rica,Forward,187,80,Right,Cruz Azul,15706272,46
P00754,1477,14,6,49,8,2.77,0.91,30,539,731,50,20,4,0,13,5,3,4,28,16,40,25,4,10,1,1,5,0,0,0,0,4,0.7765217391304348,0.0,3.4826086956521736,0.41304347826086957,19.97826086956522,84.98913043478261,4.27391304347826,43.547826086956526,88.91739130434782,25.15869565217391,3.0608695652173914,83.52608695652174,78.38913043478261,85.78695652173913,55.23913043478261,Randal Duarte,23,Costa Rican,CONCACAF,Costa Rica,Forward,174,72,Right,CF Montreal,94057245,46
P00755,1919,0,0,0,0,0.0,0.0,12,360,523,7,1,6,0,0,9,27,0,32,10,37,36,14,11,12,0,2,69,7,29,3,0,0.715593220338983,0.2940677966101695,3.157627118644068,0.36610169491525424,12.238983050847459,76.93898305084745,2.5254237288135593,25.815254237288134,10.44406779661017,55.83728813559322,0.7677966101694915,50.045762711864406,28.184745762711866,48.26949152542373,53.998305084745766,Leon Antonio,24,Jamaican,CONCACAF,Jamaica,Goalkeeper,190,77,Right,Monterrey,2650518,59
P00756,1738,0,1,0,0,0.0,0.0,5,331,466,7,0,4,0,0,12,19,0,31,5,41,31,9,7,7,0,2,84,3,31,2,0,0.7193220338983051,0.2576271186440678,2.811864406779661,0.3169491525423729,10.711864406779661,82.61186440677967,2.5610169491525423,26.44237288135593,9.511864406779662,97.7542372881356,1.2796610169491525,82.37966101694914,30.252542372881358,88.53050847457628,57.74576271186441,Michail Gray,27,Jamaican,CONCACAF,Jamaica,Goalkeeper,189,82,Left,Inter Miami,23723229,59
P00757,892,0,0,0,0,0.0,0.0,0,157,231,3,0,4,0,0,0,19,0,19,4,20,19,12,7,2,0,1,37,4,16,1,0,0.7142372881355933,0.13999999999999999,1.4864406779661017,0.1593220338983051,5.766101694915254,75.78813559322033,1.4491525423728813,15.201694915254237,9.927118644067797,96.87457627118644,0.5644067796610169,83.00508474576272,30.27457627118644,88.0135593220339,56.97966101694916,Bobby Hector,27,Jamaican,CONCACAF,Jamaica,Goalkeeper,189,78,Right,Plaza Amador,40466205,59
P00758,2687,1,3,17,0,0.17,1.16,15,1650,2036,13,1,52,2,99,81,132,24,77,29,178,336,23,21,5,0,3,0,0,0,0,4,0.8140677966101695,0.0,4.840677966101695,0.5474576271186441,23.135593220338983,84.60338983050848,4.874576271186441,48.53559322033898,44.44406779661016,91.49491525423728,5.845762711864406,83.13050847457627,31.13728813559322,89.64745762711864,56.98813559322034,Leon Lowe,21,Jamaican,CONCACAF,Jamaica,Defender,187,81,Right,Tauro FC,43256708,59
P00759,1950,0,3,15,0,0.36,0.22999999999999998,21,1290,1569,8,1,43,2,56,60,84,27,47,21,146,227,30,12,7,1,1,0,0,0,0,1,0.83,0.0,3.46271186440678,0.4067796610169492,16.78135593220339,82.62711864406779,3.6050847457627118,36.6271186440678,43.6,94.43559322033899,5.089830508474576,85.15762711864407,29.16949152542373,88.79152542372881,52.96949152542373,Michail Pinnock,25,Jamaican,CONCACAF,Jamaica,Defender,184,73,Right,Toronto FC,23832643,59
P00760,2197,2,0,7,0,0.22,0.25,7,742,926,7,0,39,4,64,59,118,27,59,27,82,268,22,19,8,0,1,0,0,0,0,0,0.8161016949152542,0.0,3.957627118644068,0.4542372881355932,21.983050847457626,81.1,3.957627118644068,39.132203389830515,25.223728813559323,49.38135593220339,1.4593220338983053,45.92881355932204,29.037288135593222,48.86440677966102,51.68135593220339,Bobby Lawrence,24,Jamaican,CONCACAF,Jamaica,Defender,180,73,Right,Toronto FC,1792743,59
P00761,2162,3,0,15,1,0.13,0.1,5,1033,1288,13,1,32,1,72,71,76,23,55,23,123,242,13,24,8,0,5,0,0,0,0,2,0.8183050847457627,0.0,3.9745762711864407,0.4559322033898305,19.852542372881356,80.15762711864407,3.8135593220338984,38.69830508474576,35.30508474576271,75.93728813559322,2.888135593220339,63.376271186440675,30.9864406779661,71.06610169491525,56.74745762711864,Andre Johnson,28,Jamaican,CONCACAF,Jamaica,Defender,180,72,Left,Plaza Amador,7581510,59
P00762,2313,2,2,18,1,0.03,0.63,16,1115,1378,15,1,39,3,65,53,90,20,70,27,130,228,17,29,8,1,4,0,0,0,0,2,0.8227118644067797,0.0,4.2016949152542376,0.47796610169491527,20.15762711864407,82.44745762711864,4.027118644067796,40.293220338983055,33.61186440677966,76.4728813559322,3.422033898305085,68.3271186440678,29.728813559322035,69.4135593220339,58.52203389830509,Damion Marshall,28,Jamaican,CONCACAF,Jamaica,Defender,179,75,Right,LA Galaxy,17989095,59
P00763,2082,3,0,10,0,0.03,0.17,13,1060,1285,11,0,35,1,79,59,85,24,64,31,100,247,27,18,8,2,2,0,0,0,0,0,0.8340677966101695,0.0,3.8186440677966105,0.4593220338983051,20.640677966101695,84.2,3.8949152542372882,39.23389830508475,35.12542372881356,76.4,2.842372881355932,65.10508474576271,30.74406779661017,72.2186440677966,53.31186440677966,Kasey Dickinson,26,Jamaican,CONCACAF,Jamaica,Defender,186,77,Left,Tigres UANL,26129379,59
P00764,2397,1,2,17,1,0.09000000000000001,0.27,22,1167,1479,11,1,37,0,79,64,121,24,64,27,122,288,23,23,14,0,1,0,0,0,0,2,0.8069491525423729,0.0,4.38135593220339,0.5186440677966102,22.71186440677966,84.12881355932204,4.196610169491525,42.30338983050848,33.59322033898305,74.70847457627119,3.43728813559322,65.50508474576272,28.893220338983053,69.17457627118644,56.60508474576271,Adrian Simpson,29,Jamaican,CONCACAF,Jamaica,Defender,181,76,Left,New York Red Bulls,5729437,59
P00765,2199,2,2,15,0,0.03,0.5800000000000001,20,1102,1376,8,0,36,2,71,72,99,21,59,30,125,263,26,20,8,0,3,0,0,0,0,0,0.8142372881355932,0.0,3.864406779661017,0.43728813559322033,18.74406779661017,80.42372881355932,3.574576271186441,36.54237288135593,35.86610169491525,77.33050847457628,3.1915254237288138,65.44237288135594,29.289830508474576,70.12881355932204,57.44406779661016,Shamar Gordon,27,Jamaican,CONCACAF,Jamaica,Defender,178,80,Right,Toronto FC,19568919,59
P00766,1915,0,0,9,1,0.030000000000000002,0.34,25,1247,1568,13,0,32,1,77,55,91,24,65,30,145,247,25,14,5,1,1,0,0,0,0,0,0.8164406779661018,0.0,3.3949152542372882,0.38813559322033897,15.82542372881356,82.78983050847458,3.2711864406779663,33.5,45.15762711864407,93.19322033898304,4.820338983050847,84.6135593220339,30.70677966101695,90.68813559322035,56.65423728813559,Alvas Holness,27,Jamaican,CONCACAF,Jamaica,Defender,182,77,Left,New York Red Bulls,38859688,59
P00767,2225,3,5,16,0,0.8099999999999999,0.86,28,770,920,24,3,32,0,38,48,28,11,28,16,51,125,36,21,3,0,2,0,0,0,0,3,0.8516949152542372,0.0,4.510169491525424,0.5,20.56271186440678,79.95254237288135,3.715254237288135,37.58983050847458,37.30677966101695,33.905084745762714,1.352542372881356,40.53220338983051,37.93898305084746,41.552542372881355,54.7,Leon Grant,27,Jamaican,CONCACAF,Jamaica,Midfielder,181,77,Right,Club America,8313229,59
P00768,2533,2,5,26,1,1.1400000000000001,2.98,58,1532,1841,58,18,46,3,62,43,33,14,42,18,136,152,31,29,6,0,5,0,0,0,0,1,0.841864406779661,0.0,4.861016949152543,0.5711864406779662,21.049152542372884,84.22711864406779,4.0288135593220336,40.49152542372882,59.56271186440678,54.983050847457626,4.750847457627119,63.896610169491524,68.10000000000001,70.9322033898305,54.57118644067796,Michail McCarey,26,Jamaican,CONCACAF,Jamaica,Midfielder,185,76,Right,Plaza Amador,18781161,59
P00769,2345,2,6,20,0,0.74,1.9,30,1026,1221,36,8,40,1,52,38,32,9,41,20,86,131,24,31,4,0,3,0,0,0,0,1,0.8540677966101695,0.0,4.47457627118644,0.511864406779661,21.208474576271186,82.56610169491525,3.7457627118644066,38.30338983050848,42.594915254237286,37.001694915254234,2.1220338983050846,46.19661016949152,45.13389830508475,48.51864406779661,55.742372881355934,Bobby Lambert,27,Jamaican,CONCACAF,Jamaica,Midfielder,186,78,Left,New York Red Bulls,3186778,59
P00770,2043,4,6,28,0,1.13,3.1300000000000003,51,1264,1539,42,14,36,2,54,37,18,13,36,21,98,122,17,15,6,0,2,0,0,0,0,7,0.8452542372881355,0.0,4.211864406779661,0.4745762711864407,18.42542372881356,82.964406779661,3.6338983050847458,36.3728813559322,60.425423728813556,53.91525423728814,3.9016949152542373,65.86949152542373,62.34915254237288,70.42711864406779,54.186440677966104,Andre Ricketts,23,Jamaican,CONCACAF,Jamaica,Midfielder,180,81,Right,CF Montreal,41343699,59
P00771,2375,2,9,34,4,0.51,2.78,51,1409,1687,58,20,44,1,56,45,22,15,41,17,97,138,17,28,4,0,4,0,0,0,0,3,0.8388135593220339,0.0,4.916949152542373,0.547457627118644,21.549152542372884,84.08644067796611,4.257627118644067,42.88135593220339,58.222033898305085,57.56440677966102,4.22542372881356,63.35762711864407,65.05762711864406,68.41016949152542,55.51525423728814,Damion Bishop,26,Jamaican,CONCACAF,Jamaica,Midfielder,179,74,Right,Tauro FC,10030773,59
P00772,3035,2,1,30,0,0.62,1.53,53,1268,1533,53,13,57,1,90,46,35,20,42,25,96,191,48,29,2,1,5,0,0,0,0,0,0.843728813559322,0.0,6.191525423728813,0.7169491525423728,26.34406779661017,82.50508474576272,4.769491525423728,48.01186440677966,41.47966101694916,37.377966101694916,2.783050847457627,46.47966101694916,46.6,49.42033898305085,54.5406779661017,Kasey Williams,30,Jamaican,CONCACAF,Jamaica,Midfielder,176,75,Right,Monterrey,2656619,59
P00773,2076,1,3,29,3,0.26,0.84,25,879,1063,37,7,35,0,43,28,23,9,33,16,66,103,28,19,5,0,1,0,0,0,0,1,0.8486440677966102,0.0,4.208474576271187,0.48135593220338985,18.32542372881356,81.97457627118644,3.3338983050847455,34.010169491525424,40.686440677966104,39.03050847457627,1.7491525423728813,45.5135593220339,45.88644067796611,49.25932203389831,50.93050847457627,Adrian Rodrigues,24,Jamaican,CONCACAF,Jamaica,Midfielder,185,76,Right,LAFC,4759435,59
P00774,1849,3,4,35,2,1.03,2.9200000000000004,59,1397,1690,57,15,31,0,46,35,32,11,31,13,99,124,18,12,4,0,4,0,0,0,0,1,0.8401694915254238,0.0,3.9016949152542373,0.4576271186440678,19.949152542372882,83.33389830508474,4.123728813559322,41.83898305084746,79.36779661016949,69.52542372881356,5.530508474576272,85.3406779661017,82.2135593220339,89.0322033898305,56.26271186440678,Shamar Antonio,30,Jamaican,CONCACAF,Jamaica,Midfielder,182,76,Left,Forge FC,24568771,59
P00775,2042,4,6,62,12,2.61,1.6500000000000001,37,600,775,69,25,5,0,17,9,5,7,39,22,39,38,21,15,2,0,12,0,0,0,0,2,0.7927118644067798,0.0,3.857627118644068,0.4508474576271186,19.049152542372884,83.25254237288135,3.823728813559322,38.68983050847457,73.00677966101695,23.408474576271185,2.1254237288135593,65.8135593220339,61.2322033898305,68.23559322033898,55.50677966101695,Leon Bishop,20,Jamaican,CONCACAF,Jamaica,Forward,170,78,Left,Vancouver Whitecaps,27670378,59
P00776,2305,3,4,38,3,2.43,0.6900000000000001,28,414,550,54,15,4,0,19,11,11,3,37,26,38,44,30,5,5,0,6,0,0,0,0,2,0.782542372881356,0.0,4.227118644067796,0.4830508474576271,19.26779661016949,80.31694915254236,3.5915254237288137,36.235593220338984,43.825423728813554,24.31016949152542,1.0135593220338983,42.0728813559322,40.74576271186441,43.18813559322034,52.9271186440678,Michail Williams,24,Jamaican,CONCACAF,Jamaica,Forward,178,81,Left,Forge FC,13530722,59
P00777,1744,4,0,21,0,1.48,0.44,16,306,414,31,6,8,0,17,6,7,5,26,17,24,35,19,16,6,0,7,0,0,0,0,1,0.7810169491525424,0.0,3.3203389830508474,0.39152542372881355,17.038983050847456,78.18135593220339,3.1084745762711865,31.105084745762714,41.793220338983055,26.147457627118644,0.6152542372881356,41.016949152542374,39.38644067796611,41.53389830508475,54.2271186440678,Bobby Rodrigues,26,Jamaican,CONCACAF,Jamaica,Forward,183,84,Left,Toronto FC,13069824,59
P00778,2181,8,3,50,8,2.09,1.68,41,652,847,69,24,7,0,22,14,7,2,32,25,45,45,23,24,9,0,16,0,0,0,0,1,0.7906779661016949,0.0,4.088135593220339,0.4644067796610169,18.147457627118644,82.72542372881357,3.6677966101694914,36.784745762711864,71.0457627118644,24.266101694915253,2.4169491525423727,66.27627118644068,64.26440677966102,68.14915254237289,57.79830508474576,Andre Antonio,25,Jamaican,CONCACAF,Jamaica,Forward,171,73,Right,CF Montreal,6791595,59
P00779,2187,11,6,68,15,1.86,1.23,38,625,820,71,21,10,0,19,8,6,4,39,22,49,37,20,30,3,1,14,0,0,0,0,6,0.7777966101694915,0.0,3.810169491525424,0.4525423728813559,18.61186440677966,82.7542372881356,3.710169491525424,37.601694915254235,74.04237288135593,24.440677966101696,2.3084745762711862,68.58474576271186,63.4593220338983,69.98135593220339,52.5135593220339,Damion Gray,21,Jamaican,CONCACAF,Jamaica,Forward,186,75,Right,Inter Miami,13429232,59
P00780,2091,16,9,77,15,2.9,1.3900000000000001,50,820,1048,100,43,3,0,10,10,11,2,37,13,56,33,29,23,3,0,14,0,0,0,0,9,0.7813559322033898,0.0,3.7508474576271187,0.435593220338983,17.505084745762712,83.85593220338983,3.8,38.71864406779661,87.67118644067797,22.733898305084747,3.8983050847457625,81.80847457627118,80.21016949152542,85.03728813559322,56.947457627118645,Kasey Hector,21,Jamaican,CONCACAF,Jamaica,Forward,183,71,Right,New York Red Bulls,47747860,59
P00781,1131,0,0,0,0,0.0,0.0,4,215,304,3,0,5,0,0,3,23,0,22,1,25,26,8,6,5,0,3,50,4,21,3,0,0.7168085106382979,0.22255319148936167,2.2127659574468086,0.2765957446808511,9.370212765957445,78.17659574468085,2.074468085106383,21.353191489361702,10.627659574468085,79.18936170212766,0.8531914893617022,68.80212765957447,32.01914893617022,70.98510638297871,56.02340425531915,Anibal Rodriguez,27,Panamanian,CONCACAF,Panama,Goalkeeper,191,79,Right,Cruz Azul,15427962,47
P00782,1312,0,0,0,0,0.0,0.0,5,300,404,6,0,1,0,0,6,20,0,9,6,23,26,13,11,2,0,0,50,3,25,0,0,0.7429787234042553,0.24744680851063833,2.6872340425531913,0.28297872340425534,10.94468085106383,78.47021276595744,2.3680851063829786,24.172340425531914,10.446808510638299,80.41276595744681,1.0170212765957447,64.5468085106383,30.19148936170213,70.42553191489361,57.291489361702126,Jose Davis,22,Panamanian,CONCACAF,Panama,Goalkeeper,190,84,Right,Tauro FC,13218977,47
P00783,1022,0,0,0,0,0.0,0.0,3,200,283,3,0,4,0,0,4,17,0,14,4,25,21,9,15,4,0,4,42,3,16,1,0,0.7102127659574469,0.20425531914893616,1.948936170212766,0.23617021276595743,8.572340425531914,78.44255319148937,1.9553191489361703,20.02553191489362,10.893617021276595,96.5468085106383,0.948936170212766,85.39574468085107,29.81276595744681,87.23404255319149,59.729787234042554,Michael Cooper,28,Panamanian,CONCACAF,Panama,Goalkeeper,193,79,Right,Plaza Amador,24328544,47
P00784,1513,0,2,7,0,0.2,0.02,8,711,903,8,2,26,1,58,38,63,11,46,24,90,170,14,11,8,0,4,0,0,0,0,2,0.811063829787234,0.0,3.576595744680851,0.4276595744680851,16.97446808510638,78.61489361702128,3.357446808510638,34.61914893617021,34.43617021276596,74.8,2.734042553191489,63.638297872340424,30.970212765957445,69.15744680851064,58.280851063829786,Anibal Barcenas,25,Panamanian,CONCACAF,Panama,Defender,179,75,Right,Plaza Amador,12635953,47
P00785,2052,2,2,15,2,0.4,0.5,19,1378,1663,9,1,34,1,84,59,96,20,44,24,168,259,17,18,9,1,1,0,0,0,0,1,0.8265957446808511,0.0,4.636170212765958,0.5297872340425531,20.112765957446808,83.9,4.117021276595745,41.61489361702128,43.56808510638298,92.06595744680853,6.351063829787234,83.23191489361702,30.195744680851064,87.6531914893617,57.89148936170213,Jose Omar,23,Panamanian,CONCACAF,Panama,Defender,176,74,Right,Inter Miami,66809584,47
P00786,1709,0,2,3,0,0.0,0.07,9,583,722,5,0,33,2,62,65,85,21,55,17,54,233,21,8,6,0,3,0,0,0,0,0,0.8240425531914893,0.0,3.851063829787234,0.4574468085106383,17.104255319148937,80.50425531914894,3.057446808510638,31.051063829787235,23.151063829787233,54.55531914893617,1.372340425531915,42.97872340425532,29.148936170212767,49.93617021276596,55.208510638297874,Michael Escobar,32,Panamanian,CONCACAF,Panama,Defender,188,72,Left,Tigres UANL,12972614,47
P00787,1726,1,0,16,0,0.09999999999999999,0.33,13,532,662,12,1,35,0,70,44,74,15,44,28,41,203,21,13,5,0,2,0,0,0,0,0,0.8257446808510639,0.0,3.8297872340425534,0.4297872340425532,20.551063829787232,81.73829787234042,3.851063829787234,38.774468085106385,21.048936170212766,44.94468085106383,1.125531914893617,38.98085106382978,29.385106382978723,40.97659574468085,54.08510638297872,Eric Aguilar,24,Panamanian,CONCACAF,Panama,Defender,186,70,Right,LAFC,10730789,47
P00788,1678,1,0,16,0,0.04,0.24,9,1024,1267,7,0,30,3,80,45,75,21,47,17,124,221,21,23,6,0,2,0,0,0,0,0,0.8165957446808512,0.0,3.921276595744681,0.45957446808510644,17.28085106382979,82.4,3.64468085106383,37.47659574468085,42.723404255319146,92.02340425531915,4.8936170212765955,84.06808510638298,29.0468085106383,89.69787234042553,54.4595744680851,Abdiel Martinez,23,Panamanian,CONCACAF,Panama,Defender,186,78,Right,Cruz Azul,73325454,47
P00789,1852,0,1,12,1,0.01,0.44,8,721,868,9,1,34,1,59,44,85,19,49,27,71,207,28,16,8,0,2,0,0,0,0,0,0.83,0.0,4.2893617021276595,0.4957446808510638,20.75957446808511,81.47872340425532,3.7702127659574467,38.67659574468085,23.795744680851065,53.04255319148936,1.7468085106382978,47.248936170212765,31.18723404255319,48.182978723404254,53.182978723404254,Armando Cummings,27,Panamanian,CONCACAF,Panama,Defender,183,75,Right,Vancouver Whitecaps,2646500,47
P00790,1904,0,0,11,0,0.14,0.29000000000000004,6,573,704,7,0,38,2,57,72,82,18,58,29,59,229,28,14,6,0,3,0,0,0,0,0,0.8257446808510639,0.0,4.242553191489362,0.46382978723404256,20.05744680851064,82.2595744680851,3.825531914893617,38.98085106382978,21.006382978723405,44.87446808510638,1.2085106382978723,39.314893617021276,31.121276595744682,39.7,51.725531914893615,Harold Valenzuela,26,Panamanian,CONCACAF,Panama,Defender,180,76,Right,Tauro FC,1502996,47
P00791,1656,0,2,8,0,0.05,0.22999999999999998,9,999,1212,13,3,32,3,63,39,72,23,47,24,131,197,17,10,2,1,3,0,0,0,0,1,0.8327659574468085,0.0,3.723404255319149,0.4170212765957447,18.20851063829787,82.92553191489361,3.697872340425532,37.08936170212766,44.60851063829787,92.30000000000001,4.870212765957447,89.76595744680851,29.01063829787234,88.76382978723403,59.99574468085107,Cesar Rojas,24,Panamanian,CONCACAF,Panama,Defender,184,77,Right,LAFC,56246131,47
P00792,1747,2,3,9,0,0.13,0.07,7,547,683,7,0,24,0,69,59,89,26,50,23,62,243,14,16,4,0,3,0,0,0,0,1,0.8191489361702128,0.0,4.046808510638297,0.4957446808510638,18.06808510638298,79.35531914893616,3.4936170212765956,35.87021276595745,21.74042553191489,45.05531914893617,1.1617021276595745,39.727659574468085,29.880851063829788,42.206382978723404,54.28297872340426,Yoel Rodriguez,19,Panamanian,CONCACAF,Panama,Defender,187,78,Right,Saprissa,7360784,47
P00793,1674,5,7,35,4,0.58,1.86,55,1658,1991,64,25,20,0,45,20,14,9,27,17,110,88,25,21,3,0,2,0,0,0,0,4,0.8425531914893617,0.0,3.925531914893617,0.44255319148936173,19.406382978723403,83.3936170212766,4.291489361702128,43.15744680851064,89.99574468085106,75.97021276595744,9.697872340425532,94.56808510638298,90.96170212765956,96.84042553191489,62.80425531914894,Anibal Perez,28,Panamanian,CONCACAF,Panama,Midfielder,182,74,Right,New York Red Bulls,65029453,47
P00794,1600,2,4,24,1,0.88,1.36,54,1278,1505,48,14,17,1,26,19,15,9,24,14,76,69,21,16,3,3,2,0,0,0,0,4,0.8557446808510638,0.0,4.057446808510638,0.47234042553191485,19.85531914893617,85.46808510638297,4.131914893617021,41.680851063829785,82.51914893617021,67.7063829787234,6.519148936170212,83.72978723404256,79.94893617021276,88.5,59.58510638297872,Jose Gomez,26,Panamanian,CONCACAF,Panama,Midfielder,183,79,Left,Tauro FC,27227082,47
P00795,1370,5,2,15,2,0.83,1.27,29,826,998,33,7,22,1,42,23,9,8,22,18,64,82,22,14,4,0,6,0,0,0,0,0,0.8361702127659574,0.0,3.44468085106383,0.3872340425531915,16.29787234042553,81.9063829787234,3.1702127659574466,31.512765957446806,59.797872340425535,56.725531914893615,3.025531914893617,65.56382978723404,61.829787234042556,71.34042553191489,59.16595744680851,Michael Gonzalez,28,Panamanian,CONCACAF,Panama,Midfielder,184,78,Right,Atlanta United,21025701,47
P00796,2067,6,3,15,2,0.46,1.24,34,872,1041,28,8,28,1,47,36,20,6,33,29,71,109,15,17,3,0,2,0,0,0,0,4,0.8523404255319149,0.0,5.093617021276596,0.5829787234042553,21.75744680851064,81.75744680851064,3.8957446808510636,39.15106382978723,41.02553191489362,38.34893617021277,2.3638297872340424,46.889361702127665,45.00212765957447,48.51702127659575,55.59787234042553,Eric Ortiz,24,Panamanian,CONCACAF,Panama,Midfielder,180,71,Right,Inter Miami,2420957,47
P00797,1818,2,3,15,0,0.37,1.1300000000000001,39,1100,1299,29,6,31,1,38,26,24,11,30,11,99,99,27,14,3,0,4,0,0,0,0,1,0.8474468085106382,0.0,4.687234042553191,0.5340425531914894,20.995744680851065,79.73617021276596,4.195744680851064,41.86808510638298,60.71702127659574,53.39148936170213,4.193617021276595,62.329787234042556,67.04468085106383,69.61276595744681,57.702127659574465,Abdiel Sanchez,31,Panamanian,CONCACAF,Panama,Midfielder,177,72,Right,Club America,14047337,47
P00798,1927,2,2,14,1,0.4,0.88,32,680,837,21,4,29,0,43,42,24,9,33,18,44,118,17,26,3,0,2,0,0,0,0,2,0.8468085106382978,0.0,4.985106382978723,0.5659574468085107,20.636170212765958,80.87446808510639,3.9468085106382977,39.35744680851064,36.89148936170213,33.07234042553192,1.6234042553191488,39.225531914893615,39.71063829787234,43.191489361702125,53.08085106382979,Armando Torres,23,Panamanian,CONCACAF,Panama,Midfielder,185,80,Right,Alajuelense,5410952,47
P00799,2020,2,5,30,2,1.33,2.8000000000000003,52,1139,1387,44,11,28,0,40,36,24,20,31,20,86,120,21,20,4,0,8,0,0,0,0,0,0.843404255319149,0.0,5.280851063829788,0.5659574468085107,22.21276595744681,83.21914893617021,4.276595744680851,42.772340425531915,58.37021276595745,51.96808510638298,4.540425531914893,66.73829787234042,64.62765957446808,69.58723404255319,58.34255319148936,Harold Brown,27,Panamanian,CONCACAF,Panama,Midfielder,184,79,Left,Guadalajara,18011399,47
P00800,2371,8,10,35,2,1.67,3.0300000000000002,69,1866,2202,51,13,46,2,59,43,24,16,38,14,160,142,26,21,6,0,4,0,0,0,0,2,0.8491489361702128,0.0,6.059574468085106,0.7170212765957448,23.136170212765958,86.35106382978724,4.753191489361702,48.317021276595746,77.92127659574469,66.87659574468084,9.44468085106383,80.9063829787234,80.7936170212766,88.2595744680851,54.09574468085106,Cesar Rodriguez,32,Panamanian,CONCACAF,Panama,Midfielder,180,77,Right,Cruz Azul,81123533,47
P00801,1697,10,12,84,18,2.65,4.91,36,790,1053,101,47,5,0,11,10,6,3,42,11,59,30,17,18,1,0,8,0,0,0,0,10,0.7706382978723404,0.0,3.923404255319149,0.451063829787234,19.46808510638298,86.97872340425532,4.31063829787234,43.285106382978725,97.59361702127659,24.678723404255322,5.785106382978723,94.61914893617022,92.57659574468086,98.02127659574468,58.38297872340426,Anibal Sanchez,26,Panamanian,CONCACAF,Panama,Forward,173,71,Right,Cruz Azul,121153649,47
P00802,1629,6,3,49,9,1.57,1.76,21,500,669,51,16,6,0,11,3,6,3,25,21,37,23,29,16,4,0,13,0,0,0,0,4,0.772127659574468,0.0,3.8468085106382977,0.4404255319148936,21.597872340425532,83.83191489361703,4.187234042553191,42.306382978723406,72.76595744680851,23.076595744680848,2.0085106382978726,65.45744680851064,66.32765957446809,70.25744680851064,58.255319148936174,Jose Torres,34,Panamanian,CONCACAF,Panama,Forward,184,80,Right,Cruz Azul,22783760,47
P00803,1761,9,7,49,8,2.52,3.59,30,528,706,51,16,4,0,17,3,6,5,21,13,40,31,18,23,2,0,11,0,0,0,0,9,0.764468085106383,0.0,3.9680851063829787,0.46170212765957447,20.097872340425532,83.41489361702128,3.774468085106383,38.240425531914894,71.1,23.821276595744678,2.3063829787234043,68.98510638297873,64.25744680851064,70.27659574468085,59.259574468085106,Michael Brown,20,Panamanian,CONCACAF,Panama,Forward,179,77,Right,Club America,17240790,47
P00804,2014,15,5,71,10,2.15,2.06,44,741,976,108,45,8,0,24,5,5,5,47,14,58,39,28,15,4,0,11,0,0,0,0,5,0.772127659574468,0.0,4.63404255319149,0.5425531914893617,22.58936170212766,84.97021276595744,4.776595744680851,48.71063829787234,89.6404255319149,24.912765957446812,4.540425531914893,83.92340425531916,82.80425531914894,89.54468085106383,57.740425531914894,Eric Rodriguez,29,Panamanian,CONCACAF,Panama,Forward,170,73,Right,LA Galaxy,45114742,47
P00805,1555,3,1,37,5,1.4600000000000002,0.97,20,243,331,29,8,6,0,10,5,7,4,18,12,15,26,17,10,3,0,15,0,0,0,0,1,0.7799999999999999,0.0,3.6106382978723404,0.4148936170212766,17.06808510638298,79.83617021276596,3.2148936170212763,32.83404255319149,42.6,23.619148936170212,0.7085106382978723,40.797872340425535,39.93617021276596,41.84893617021277,53.5,Abdiel Davis,31,Panamanian,CONCACAF,Panama,Forward,188,79,Left,LA Galaxy,12610482,47
P00806,2179,9,5,36,6,2.68,1.08,29,453,604,39,14,10,0,18,11,6,7,42,19,34,42,26,21,5,2,13,0,0,0,0,3,0.7706382978723404,0.0,5.253191489361702,0.625531914893617,23.419148936170213,81.84255319148936,4.242553191489362,42.34468085106383,51.32340425531915,24.093617021276597,1.476595744680851,46.182978723404254,46.174468085106376,47.5,53.82127659574468,Armando Cooper,27,Panamanian,CONCACAF,Panama,Forward,170,70,Left,Inter Miami,10194051,47
P00807,755,0,0,0,0,0.0,0.0,5,159,238,7,1,3,0,0,6,9,0,12,2,19,15,12,9,3,0,2,36,1,15,2,0,0.7138888888888889,0.1936111111111111,1.8527777777777779,0.21666666666666667,8.230555555555556,77.9,1.6638888888888888,17.87777777777778,10.238888888888889,79.225,0.8666666666666667,65.17500000000001,34.67777777777778,71.44444444444444,59.63055555555555,Daichi Kubo,24,Japanese,AFC,Japan,Goalkeeper,194,85,Right,Persepolis,16748378,36
P00808,1221,0,0,0,0,0.0,0.0,10,252,359,5,0,4,0,0,6,24,0,23,7,34,30,16,12,2,0,1,46,7,15,1,0,0.7141666666666667,0.29500000000000004,3.1277777777777778,0.34444444444444444,12.975,81.01111111111112,2.7,28.44722222222222,11.524999999999999,55.419444444444444,1.025,45.15555555555555,24.830555555555556,47.025000000000006,52.37777777777777,Takefusa Endo,29,Japanese,AFC,Japan,Goalkeeper,189,80,Right,Kawasaki Frontale,1641172,36
P00809,763,0,0,0,0,0.0,0.0,2,148,215,9,1,3,0,0,6,7,0,15,3,18,13,9,9,3,0,1,25,4,7,1,0,0.701111111111111,0.18083333333333332,1.913888888888889,0.24722222222222223,8.261111111111111,77.14722222222223,1.6722222222222223,16.991666666666667,10.430555555555555,78.76944444444445,0.675,69.0,34.144444444444446,71.44166666666666,59.294444444444444,Kaoru Kamada,33,Japanese,AFC,Japan,Goalkeeper,191,80,Right,Yokohama F. Marinos,16497986,36
P00810,1188,0,0,7,1,0.04,0.14,8,593,756,7,0,20,0,47,24,69,14,36,21,67,154,14,14,8,0,0,0,0,0,0,0,0.8044444444444445,0.0,3.5972222222222223,0.42500000000000004,18.12222222222222,85.18055555555556,3.5999999999999996,36.74722222222223,35.34166666666667,75.42500000000001,2.7194444444444446,62.42222222222222,31.283333333333335,71.59166666666667,58.50555555555555,Daichi Doan,28,Japanese,AFC,Japan,Defender,177,72,Right,Western Sydney Wanderers,10590476,36
P00811,1501,0,2,9,0,0.1,0.27999999999999997,12,761,936,7,1,21,1,43,41,73,9,43,24,92,166,19,16,1,0,4,0,0,0,0,0,0.8225,0.0,4.316666666666666,0.4583333333333333,22.177777777777777,83.71944444444445,4.552777777777778,45.43055555555556,33.56944444444444,73.15277777777777,3.630555555555555,68.24722222222222,34.77222222222222,71.78611111111111,55.37222222222223,Takefusa Tanaka,18,Japanese,AFC,Japan,Defender,187,78,Right,Sydney FC,15931408,36
P00812,1617,1,3,5,0,0.03,0.24000000000000002,13,1234,1555,13,0,28,0,56,46,90,25,48,21,143,217,10,6,7,0,2,0,0,0,0,4,0.7972222222222222,0.0,4.766666666666667,0.5666666666666667,20.716666666666665,87.32499999999999,4.716666666666667,47.702777777777776,56.49722222222223,97.80277777777778,8.941666666666666,94.55000000000001,31.002777777777776,96.54166666666667,61.32777777777778,Kaoru Yoshida,28,Japanese,AFC,Japan,Defender,192,75,Right,Kawasaki Frontale,61680994,36
P00813,974,0,2,7,0,0.0,0.07,8,462,569,4,0,15,0,35,29,40,6,24,19,61,110,6,6,1,0,1,0,0,0,0,0,0.8125,0.0,2.763888888888889,0.3111111111111111,16.005555555555556,79.46388888888889,3.2416666666666667,32.541666666666664,35.083333333333336,76.48611111111111,2.4194444444444443,69.11944444444445,32.84166666666667,71.28611111111111,60.15277777777778,Wataru Itakura,28,Japanese,AFC,Japan,Defender,185,75,Right,Jeonbuk Hyundai,13971867,36
P00814,1616,1,0,10,0,0.15,0.07,8,466,588,7,0,25,0,63,52,65,12,41,11,43,192,16,15,4,0,1,0,0,0,0,0,0.8233333333333334,0.0,4.808333333333334,0.5166666666666667,22.525,78.9,4.177777777777778,42.56944444444444,23.322222222222223,44.73888888888889,1.2333333333333334,38.43055555555556,30.047222222222224,40.98888888888889,49.71666666666667,Ritsu Ito,24,Japanese,AFC,Japan,Defender,183,81,Right,Esteghlal,4329214,36
P00815,1386,0,2,11,0,0.07,0.5,11,1091,1343,8,0,31,1,49,37,69,10,31,20,118,165,12,16,6,0,0,0,0,0,0,0,0.8141666666666666,0.0,4.1194444444444445,0.47777777777777775,19.17222222222222,82.40833333333333,4.372222222222223,44.44444444444444,62.56666666666667,98.33888888888889,8.152777777777779,95.71388888888889,29.84444444444445,95.9,61.10555555555556,Junya Furuhashi,28,Japanese,AFC,Japan,Defender,181,70,Left,Al-Nassr,22487898,36
P00816,1097,1,1,6,0,0.0,0.05,1,322,424,9,0,12,1,48,32,59,9,24,19,31,148,9,9,5,0,3,0,0,0,0,0,0.805,0.0,3.3472222222222223,0.38333333333333336,16.11388888888889,79.25,3.125,31.341666666666665,20.730555555555558,46.455555555555556,0.7861111111111111,41.47222222222222,32.81666666666667,42.61944444444444,50.43055555555556,Ao Mori,25,Japanese,AFC,Japan,Defender,184,72,Right,Melbourne City,2700538,36
P00817,1606,0,1,9,0,0.14,0.12000000000000001,8,479,615,6,0,21,1,48,49,75,19,41,31,69,191,15,20,3,0,2,0,0,0,0,0,0.8005555555555556,0.0,4.913888888888889,0.5361111111111111,22.430555555555557,80.78611111111111,4.105555555555556,42.26111111111111,23.258333333333333,53.17777777777778,1.7055555555555555,45.702777777777776,29.897222222222222,48.05277777777778,51.03055555555555,Ayase Suzuki,22,Japanese,AFC,Japan,Defender,181,79,Right,Yokohama F. Marinos,4029123,36
P00818,1746,2,0,9,0,0.09,0.28,10,1112,1335,11,1,34,2,60,49,81,20,52,23,124,210,27,10,4,0,1,0,0,0,0,2,0.8305555555555555,0.0,4.980555555555556,0.6027777777777777,24.316666666666666,85.55833333333334,5.013888888888889,51.16388888888889,47.705555555555556,92.35,6.622222222222223,80.42777777777778,32.25277777777777,89.24722222222222,57.96666666666667,Hiroki Ogawa,33,Japanese,AFC,Japan,Defender,188,84,Right,Ulsan HD,33369089,36
P00819,1275,3,3,11,0,0.14,0.44,13,496,608,15,3,24,1,33,22,9,9,28,8,40,73,11,10,3,0,0,0,0,0,0,0,0.8424999999999999,0.0,4.088888888888889,0.46111111111111114,18.991666666666667,83.42777777777778,3.4944444444444445,35.93055555555556,36.11388888888889,33.99444444444444,1.3916666666666666,38.7,40.18055555555556,41.31388888888889,48.07222222222222,Daichi Asano,26,Japanese,AFC,Japan,Midfielder,183,75,Right,Pohang Steelers,5075227,36
P00820,948,2,4,6,0,0.07,0.6000000000000001,16,388,454,16,4,19,0,25,16,8,2,14,4,27,51,13,11,4,0,2,0,0,0,0,2,0.8588888888888888,0.0,3.1166666666666667,0.3333333333333333,15.413888888888888,76.57499999999999,2.761111111111111,29.122222222222224,39.93333333333333,37.40555555555555,1.4194444444444445,49.041666666666664,41.56666666666667,49.22222222222222,55.28611111111111,Takefusa Hatate,27,Japanese,AFC,Japan,Midfielder,179,77,Right,Kawasaki Frontale,3853327,36
P00821,1382,2,3,17,3,0.49,0.46,35,823,992,24,4,20,0,33,19,10,5,20,16,58,67,15,10,4,0,4,0,0,0,0,2,0.8416666666666667,0.0,4.663888888888889,0.5138888888888888,19.825000000000003,81.96944444444445,3.8666666666666663,39.075,60.824999999999996,55.166666666666664,3.9749999999999996,64.25277777777778,62.01111111111111,67.86944444444445,54.68333333333334,Kaoru Machida,29,Japanese,AFC,Japan,Midfielder,184,71,Right,Urawa Red Diamonds,14835645,36
P00822,1116,0,3,14,1,0.34,0.66,30,685,805,14,3,12,0,21,28,11,4,16,7,51,64,3,11,4,0,0,0,0,0,0,0,0.8544444444444445,0.0,3.927777777777778,0.47777777777777775,17.924999999999997,82.0611111111111,3.5277777777777777,35.525000000000006,58.61944444444445,56.59166666666667,3.4166666666666665,68.09444444444445,64.13888888888889,69.79722222222222,58.67222222222222,Wataru Ueda,31,Japanese,AFC,Japan,Midfielder,180,77,Right,Kawasaki Frontale,15705102,36
P00823,1008,1,0,14,1,0.18,1.35,32,628,732,21,5,13,1,18,20,18,7,15,15,44,63,11,11,2,0,3,0,0,0,0,0,0.8638888888888889,0.0,3.397222222222222,0.39722222222222225,20.458333333333332,82.69444444444444,4.083333333333333,40.91388888888889,59.574999999999996,53.44166666666667,3.102777777777778,65.05000000000001,66.11388888888888,68.96944444444445,59.358333333333334,Ritsu Hashioka,28,Japanese,AFC,Japan,Midfielder,179,74,Left,Sydney FC,12135137,36
P00824,1745,2,7,35,4,1.2000000000000002,1.18,41,1362,1628,59,20,29,1,56,32,20,13,24,14,95,121,20,10,5,0,2,0,0,0,0,6,0.8505555555555556,0.0,5.613888888888889,0.6194444444444445,24.844444444444445,87.86944444444445,5.230555555555556,52.125,76.75277777777778,74.08888888888889,8.747222222222222,85.75833333333334,81.67777777777778,88.11944444444445,60.13611111111111,Junya Nakano,28,Japanese,AFC,Japan,Midfielder,177,76,Left,Jeonbuk Hyundai,61618971,36
P00825,1051,0,0,8,1,0.35000000000000003,0.99,8,391,457,25,5,18,0,25,20,7,9,12,16,25,61,18,6,1,1,1,0,0,0,0,0,0.8538888888888889,0.0,3.4555555555555557,0.3944444444444445,16.577777777777776,80.26388888888889,3.086111111111111,32.22777777777778,36.5,33.077777777777776,1.0027777777777778,37.391666666666666,38.25555555555556,42.125,55.69722222222222,Ao Shiotani,23,Japanese,AFC,Japan,Midfielder,178,73,Right,Melbourne City,2217869,36
P00826,1737,3,6,34,7,0.35,1.72,36,1058,1263,43,13,24,1,36,27,15,7,23,12,88,85,19,9,3,0,2,0,0,0,0,6,0.8527777777777777,0.0,5.716666666666667,0.6777777777777778,25.197222222222223,83.65277777777777,4.941666666666666,48.97777777777778,60.3138888888889,56.09722222222222,5.347222222222222,66.06944444444444,67.65,71.44999999999999,57.833333333333336,Ayase Kubo,25,Japanese,AFC,Japan,Midfielder,186,79,Right,Esteghlal,10169896,36
P00827,1855,9,1,59,12,1.83,1.06,42,715,931,75,25,8,0,14,8,3,6,42,17,68,31,29,20,2,0,10,0,0,0,0,2,0.7825000000000001,0.0,5.680555555555555,0.6444444444444444,25.52777777777778,84.22777777777777,5.511111111111111,55.36388888888889,88.20555555555556,26.09722222222222,5.975,81.23611111111111,75.51111111111112,89.79166666666667,60.53611111111112,Daichi Hashioka,32,Japanese,AFC,Japan,Forward,185,79,Left,Pakhtakor,46910153,36
P00828,1480,5,3,31,4,0.9,1.4,10,300,397,35,11,9,0,15,5,9,6,25,18,28,35,20,17,4,0,8,0,0,0,0,5,0.7755555555555556,0.0,4.611111111111111,0.5555555555555556,21.6,81.48611111111111,4.047222222222222,41.075,49.230555555555554,25.158333333333335,1.15,47.30833333333333,45.08611111111111,50.36666666666667,53.40277777777778,Takefusa Nakano,29,Japanese,AFC,Japan,Forward,171,70,Left,Kawasaki Frontale,5063245,36
P00829,1368,3,4,43,6,1.78,1.27,23,405,526,43,15,5,0,10,4,11,2,28,12,30,27,29,10,4,0,9,0,0,0,0,4,0.7897222222222222,0.0,4.263888888888889,0.5111111111111111,21.77777777777778,83.01666666666667,4.222222222222222,42.15555555555555,71.71111111111111,23.594444444444445,2.336111111111111,67.01666666666667,62.84444444444445,68.61388888888888,58.17777777777778,Kaoru Shiotani,29,Japanese,AFC,Japan,Forward,169,70,Right,Al-Ittihad,13869063,36
P00830,1140,3,4,39,5,1.4500000000000002,0.58,25,339,441,45,15,2,0,10,7,3,5,29,17,22,25,12,6,3,0,12,0,0,0,0,1,0.7691666666666667,0.0,3.4000000000000004,0.37222222222222223,20.177777777777777,83.64166666666667,3.9500000000000006,41.07222222222222,70.67777777777778,25.50277777777778,2.1,64.48611111111111,66.39722222222223,70.29722222222222,61.65277777777778,Wataru Kubo,28,Japanese,AFC,Japan,Forward,181,75,Right,Bunyodkor,25035151,36
P00831,1248,7,4,41,10,2.85,0.8,23,334,445,50,20,6,0,9,6,4,0,22,13,25,19,8,10,2,0,8,0,0,0,0,1,0.7583333333333333,0.0,3.738888888888889,0.4277777777777778,16.197222222222223,81.28888888888889,3.125,31.258333333333333,73.15555555555555,27.408333333333335,2.138888888888889,62.31666666666667,63.358333333333334,70.88333333333334,56.96111111111111,Ritsu Endo,28,Japanese,AFC,Japan,Forward,186,79,Left,Al-Sadd,30599047,36
P00832,1220,4,1,16,0,0.78,0.30000000000000004,7,196,272,26,9,5,0,10,7,3,6,30,9,16,26,18,9,5,0,3,0,0,0,0,0,0.7647222222222223,0.0,3.827777777777778,0.46111111111111114,17.13888888888889,79.69166666666666,3.0999999999999996,32.13055555555556,44.03611111111111,22.788888888888888,0.6416666666666667,39.84722222222222,35.53333333333333,42.13055555555556,51.208333333333336,Junya Kamada,21,Japanese,AFC,Japan,Forward,179,71,Right,Melbourne City,7289620,36
P00833,1029,0,1,0,0,0.0,0.0,3,208,294,2,0,4,0,0,5,21,0,19,1,11,26,11,16,3,0,1,53,4,15,2,0,0.7188235294117648,0.2520588235294118,2.826470588235294,0.3264705882352941,11.25,83.38235294117646,2.326470588235294,24.47647058823529,10.220588235294118,78.3529411764706,0.8411764705882352,62.705882352941174,30.914705882352937,74.08529411764707,60.129411764705885,Son Hwang,30,South Korean,AFC,South Korea,Goalkeeper,189,78,Right,Persepolis,7601057,34
P00834,762,0,0,0,0,0.0,0.0,3,139,201,5,1,1,0,0,3,8,0,17,0,6,11,7,13,4,0,3,37,2,12,1,0,0.726764705882353,0.2364705882352941,2.0794117647058825,0.22058823529411764,9.200000000000001,81.00882352941177,2.0058823529411764,20.711764705882352,10.976470588235294,79.13529411764705,0.5558823529411764,68.06764705882354,31.461764705882356,70.78529411764706,54.97941176470588,Hee-chan Hwang,31,South Korean,AFC,South Korea,Goalkeeper,196,80,Right,Al-Ahli,4367709,34
P00835,774,0,0,0,0,0.0,0.0,0,164,237,6,1,3,0,0,3,8,0,14,2,20,11,12,5,6,0,2,33,1,17,1,0,0.7000000000000001,0.21676470588235294,2.2794117647058822,0.25,8.447058823529412,77.93235294117646,1.8147058823529412,19.317647058823532,9.923529411764704,76.66176470588235,0.8147058823529412,68.30588235294118,31.738235294117644,70.01764705882353,58.300000000000004,Min-jae Son,28,South Korean,AFC,South Korea,Goalkeeper,193,81,Left,Pohang Steelers,5585570,34
P00836,1489,1,2,7,0,0.03,0.12,14,960,1179,10,0,25,1,59,57,62,10,39,16,107,188,18,16,5,0,1,0,0,0,0,1,0.8255882352941176,0.0,4.794117647058823,0.5647058823529412,21.055882352941175,84.91764705882352,4.358823529411764,43.938235294117646,43.19705882352941,93.61176470588236,6.258823529411765,83.33235294117648,29.81764705882353,91.63823529411764,60.099999999999994,Son Lee,25,South Korean,AFC,South Korea,Defender,183,77,Left,Urawa Red Diamonds,31503888,34
P00837,1189,0,1,5,0,0.0,0.030000000000000002,5,347,426,10,2,29,2,44,33,66,14,29,8,38,157,18,12,4,0,3,0,0,0,0,0,0.8241176470588235,0.0,3.5352941176470587,0.39999999999999997,16.438235294117646,78.12647058823529,2.9588235294117644,30.35,20.77058823529412,45.74411764705882,0.9882352941176471,40.03823529411765,31.341176470588238,41.273529411764706,50.20882352941176,Hee-chan Hwang,28,South Korean,AFC,South Korea,Defender,182,77,Right,Pohang Steelers,4928691,34
P00838,1084,2,1,9,0,0.01,0.05,3,334,418,6,0,21,1,44,29,57,18,25,22,36,148,18,6,5,0,3,0,0,0,0,1,0.8085294117647058,0.0,3.3147058823529414,0.388235294117647,19.058823529411764,81.47941176470589,3.3794117647058823,34.33235294117647,20.40294117647059,44.41470588235294,0.9794117647058823,39.24411764705882,32.84411764705882,42.73529411764706,53.529411764705884,Min-jae Kim,25,South Korean,AFC,South Korea,Defender,181,77,Right,Bunyodkor,2197320,34
P00839,1462,2,0,9,0,0.05,0.17,6,375,469,11,0,25,2,46,54,74,17,49,22,49,191,21,15,4,0,2,0,0,0,0,1,0.8241176470588235,0.0,4.3500000000000005,0.5029411764705882,21.102941176470587,80.38235294117646,3.7764705882352945,37.741176470588236,19.83235294117647,46.11470588235294,1.2117647058823529,39.09705882352941,29.655882352941177,42.41470588235294,56.338235294117645,Jae-sung Park,30,South Korean,AFC,South Korea,Defender,188,78,Left,Yokohama F. Marinos,2156079,34
P00840,1369,1,2,9,0,0.09999999999999999,0.16,7,390,502,7,0,22,0,50,52,59,28,37,19,47,189,22,11,4,0,0,0,0,0,0,1,0.8105882352941176,0.0,4.426470588235294,0.5058823529411764,19.011764705882353,81.04117647058824,3.394117647058824,33.752941176470586,21.04705882352941,46.96470588235294,1.2058823529411764,39.21176470588235,31.40294117647059,41.04117647058824,54.99411764705882,In-beom Jung,26,South Korean,AFC,South Korea,Defender,182,78,Right,Western Sydney Wanderers,3530364,34
P00841,1154,0,3,6,0,0.01,0.030000000000000002,3,407,495,7,1,27,1,40,35,58,10,35,10,44,143,11,8,4,0,2,0,0,0,0,0,0.8297058823529412,0.0,3.65,0.4264705882352941,20.27058823529412,81.35000000000001,3.644117647058824,36.63823529411765,25.099999999999998,52.76470588235294,1.326470588235294,44.65294117647059,28.529411764705884,47.69411764705882,50.002941176470586,Hwang Oh,27,South Korean,AFC,South Korea,Defender,186,78,Left,Al-Hilal,1404350,34
P00842,1132,1,1,7,0,0.14,0.1,6,377,471,5,0,21,2,35,29,58,15,32,8,49,137,18,7,5,0,0,0,0,0,0,0,0.803235294117647,0.0,3.702941176470588,0.4764705882352941,16.261764705882353,82.18235294117646,2.9529411764705884,29.973529411764705,24.444117647058825,51.86470588235294,1.423529411764706,45.41764705882353,29.126470588235293,48.53235294117647,54.36470588235294,Woo-young Na,22,South Korean,AFC,South Korea,Defender,184,71,Right,Erbil SC,2855220,34
P00843,1437,0,2,13,0,0.39,0.31,10,701,874,8,0,26,4,45,36,62,14,36,18,94,157,17,16,2,0,0,0,0,0,0,1,0.8188235294117647,0.0,4.526470588235294,0.5147058823529411,21.302941176470586,82.58823529411765,4.097058823529412,41.173529411764704,31.529411764705884,73.28235294117647,3.6676470588235297,67.5529411764706,28.811764705882354,70.44117647058823,52.01470588235294,Young-woo Jeong,28,South Korean,AFC,South Korea,Defender,175,74,Right,Al-Nassr,19338949,34
P00844,1403,0,2,7,0,0.060000000000000005,0.16,6,457,578,11,0,26,1,52,40,55,21,46,22,57,168,20,18,5,1,1,0,0,0,0,0,0.8185294117647058,0.0,4.232352941176471,0.4735294117647059,21.53235294117647,81.04117647058824,4.035294117647059,40.51470588235294,25.808823529411764,52.161764705882355,1.6323529411764706,48.5,31.208823529411763,50.358823529411765,49.70882352941176,Seung-gyu Lee,25,South Korean,AFC,South Korea,Defender,179,76,Right,Pohang Steelers,9845449,34
P00845,1343,3,3,31,5,0.43,1.1,55,1289,1512,43,14,31,2,37,20,11,11,21,10,89,79,19,10,2,1,1,0,0,0,0,1,0.8529411764705882,0.0,4.876470588235295,0.5794117647058823,22.291176470588233,85.97058823529412,4.882352941176471,49.94117647058823,88.28823529411765,78.82352941176471,10.726470588235294,94.25588235294117,91.55588235294118,97.88235294117646,58.89411764705883,Son Hong,26,South Korean,AFC,South Korea,Midfielder,176,73,Right,Al-Ittihad,96137728,34
P00846,1181,0,2,6,0,0.37,1.11,17,433,520,20,6,21,1,27,21,16,9,24,8,31,73,10,12,3,0,2,0,0,0,0,0,0.8673529411764705,0.0,4.123529411764705,0.4617647058823529,19.78235294117647,81.74411764705883,3.623529411764706,36.36176470588235,37.09117647058823,32.550000000000004,1.4029411764705884,39.94411764705882,39.991176470588236,40.88823529411765,54.66470588235294,Hee-chan Kwon,27,South Korean,AFC,South Korea,Midfielder,175,71,Right,Bunyodkor,1465140,34
P00847,1747,1,6,12,0,0.44,0.54,22,768,909,21,4,32,0,41,12,25,10,27,13,52,88,13,13,2,1,0,0,0,0,0,2,0.8502941176470589,0.0,6.052941176470589,0.7176470588235294,23.08235294117647,82.35588235294118,4.088235294117647,41.029411764705884,40.55882352941177,38.36470588235294,2.5500000000000003,43.05882352941177,46.15588235294118,50.182352941176475,57.588235294117645,Min-jae Song,18,South Korean,AFC,South Korea,Midfielder,176,77,Right,Al-Duhail,4224877,34
P00848,902,1,1,8,0,0.05,0.57,12,358,422,12,1,13,1,22,17,13,7,16,8,22,59,17,6,2,0,2,0,0,0,0,1,0.8567647058823529,0.0,3.2058823529411766,0.3411764705882353,17.594117647058823,81.08235294117648,3.135294117647059,31.81764705882353,34.45294117647059,32.45294117647059,1.038235294117647,38.752941176470586,39.67941176470588,41.4264705882353,51.491176470588236,Jae-sung Yang,25,South Korean,AFC,South Korea,Midfielder,183,78,Right,Al-Nassr,5192616,34
P00849,1415,1,3,31,4,0.35000000000000003,1.61,51,1162,1408,50,17,18,0,33,20,12,6,24,7,74,71,12,13,2,0,2,0,0,0,0,1,0.8270588235294118,0.0,4.791176470588235,0.5235294117647059,20.099999999999998,84.01764705882353,4.138235294117647,41.69705882352941,78.78529411764706,69.54117647058824,7.811764705882354,84.22058823529412,84.9735294117647,90.32058823529412,60.74117647058823,In-beom Seol,26,South Korean,AFC,South Korea,Midfielder,173,72,Left,Bunyodkor,48839443,34
P00850,1337,1,2,25,4,1.43,1.4,36,1075,1297,42,12,30,2,39,19,8,2,27,9,79,68,15,15,2,0,0,0,0,0,0,1,0.8423529411764706,0.0,5.0,0.5705882352941177,21.84705882352941,83.34411764705882,4.5058823529411764,45.23823529411764,74.62647058823529,69.20588235294117,7.252941176470588,81.81470588235294,78.45,86.57058823529412,53.91470588235294,Hwang Choi,27,South Korean,AFC,South Korea,Midfielder,189,82,Right,Kawasaki Frontale,95444127,34
P00851,1169,0,3,7,0,0.24000000000000002,0.54,18,453,557,18,1,25,2,21,16,10,3,31,7,41,50,11,8,3,0,2,0,0,0,0,0,0.8473529411764705,0.0,3.9382352941176473,0.4117647058823529,20.33529411764706,81.90588235294118,3.6205882352941177,37.432352941176475,40.37647058823529,37.805882352941175,1.7470588235294118,45.21764705882353,45.008823529411764,46.51470588235294,56.07941176470588,Woo-young Ji,25,South Korean,AFC,South Korea,Midfielder,174,81,Left,Al-Ahli,2923477,34
P00852,1015,1,1,8,1,0.08,1.23,27,619,733,18,4,19,1,30,16,9,6,14,12,37,61,14,15,3,0,2,0,0,0,0,0,0.8685294117647059,0.0,3.570588235294118,0.39705882352941174,16.397058823529413,82.59705882352942,3.0411764705882356,30.767647058823528,57.58235294117647,54.19705882352941,3.226470588235294,64.06764705882354,65.30588235294118,69.04117647058824,58.6764705882353,Young-woo Hwang,25,South Korean,AFC,South Korea,Midfielder,176,72,Left,Al-Hilal,33531434,34
P00853,1250,2,2,24,3,0.33,0.11,9,235,305,24,5,2,0,11,11,4,5,15,11,16,31,22,7,5,3,7,0,0,0,0,1,0.806470588235294,0.0,3.9176470588235293,0.45,18.08235294117647,82.76470588235294,3.326470588235294,34.0264705882353,43.21176470588235,27.976470588235294,0.788235294117647,39.85588235294117,41.44411764705882,42.529411764705884,55.80294117647059,Son Seol,34,South Korean,AFC,South Korea,Forward,173,70,Right,Al-Sadd,3296454,34
P00854,1304,4,3,33,3,1.01,0.6,12,262,359,29,8,6,0,14,7,3,3,21,12,20,27,17,10,4,0,10,0,0,0,0,1,0.7717647058823529,0.0,4.088235294117647,0.4647058823529412,20.826470588235296,80.3529411764706,3.8882352941176466,39.10294117647059,47.13823529411765,25.90294117647059,1.0970588235294119,48.13823529411765,46.10294117647059,47.758823529411764,56.52058823529412,Hee-chan Choi,29,South Korean,AFC,South Korea,Forward,178,72,Left,Urawa Red Diamonds,2752104,34
P00855,1130,6,7,34,6,0.62,0.89,21,443,569,66,32,1,0,9,3,2,0,21,11,31,14,16,11,4,0,10,0,0,0,0,5,0.7926470588235294,0.0,3.573529411764706,0.4117647058823529,16.5,82.30588235294118,3.432352941176471,36.141176470588235,86.25,25.720588235294116,3.676470588235294,86.07352941176471,83.47058823529412,90.8529411764706,60.61764705882353,Min-jae Ji,25,South Korean,AFC,South Korea,Forward,184,76,Right,Al-Nassr,25300729,34
P00856,1170,4,3,33,5,0.91,1.88,27,355,472,42,16,5,0,13,3,4,3,26,4,29,23,12,8,10,0,6,0,0,0,0,1,0.7858823529411765,0.0,3.708823529411765,0.4235294117647059,17.358823529411765,82.35588235294118,3.4647058823529413,35.71176470588235,72.20588235294117,23.09705882352941,2.4499999999999997,65.19117647058823,61.26176470588236,69.49411764705883,57.911764705882355,Jae-sung Hwang,19,South Korean,AFC,South Korea,Forward,175,71,Right,Al-Nassr,14730715,34
P00857,1169,5,3,28,4,2.27,0.5900000000000001,20,375,487,37,13,6,0,8,5,3,8,20,10,30,24,13,9,2,0,8,0,0,0,0,1,0.7776470588235295,0.0,3.688235294117647,0.45588235294117646,18.28235294117647,80.33235294117648,3.514705882352941,35.955882352941174,73.87941176470588,23.15294117647059,2.317647058823529,67.18823529411765,63.779411764705884,67.5764705882353,57.75588235294118,In-beom Hwang,24,South Korean,AFC,South Korea,Forward,186,76,Right,Esteghlal,29418358,34
P00858,1567,2,5,32,5,1.45,0.9199999999999999,21,314,426,34,6,6,0,14,12,4,3,24,8,22,33,22,13,1,1,5,0,0,0,0,3,0.7676470588235295,0.0,5.285294117647059,0.638235294117647,22.564705882352943,81.6029411764706,4.238235294117647,43.51470588235294,51.294117647058826,22.21764705882353,1.4323529411764706,45.42058823529412,46.997058823529414,47.38529411764706,57.182352941176475,Hwang Son,30,South Korean,AFC,South Korea,Forward,175,69,Right,Al-Duhail,8617782,34
P00859,1505,0,0,0,0,0.0,0.0,8,266,386,4,0,10,0,0,10,19,0,28,5,41,29,13,15,3,0,1,59,8,15,0,0,0.7323684210526316,0.3584210526315789,3.75,0.4368421052631579,14.794736842105264,80.88421052631578,3.1789473684210527,31.95,9.513157894736842,81.03684210526316,1.5236842105263158,68.88684210526316,30.400000000000002,69.96315789473684,54.1921052631579,Mehdi Azmoun,30,Iranian,AFC,Iran,Goalkeeper,192,80,Right,Pohang Steelers,8287931,38
P00860,612,0,0,0,0,0.0,0.0,2,118,168,7,1,1,0,0,4,8,0,7,0,18,12,6,5,5,0,3,33,2,6,0,0,0.7244736842105264,0.15289473684210528,1.4289473684210525,0.17105263157894737,5.897368421052631,80.0657894736842,1.2473684210526315,13.094736842105263,11.105263157894736,80.15263157894738,0.6131578947368421,64.10000000000001,29.70263157894737,70.98947368421052,54.01578947368421,Sardar Ghoddos,24,Iranian,AFC,Iran,Goalkeeper,192,82,Right,Urawa Red Diamonds,13254154,38
P00861,839,0,0,0,0,0.0,0.0,3,158,228,11,2,1,0,0,8,12,0,14,8,17,20,12,9,3,0,2,32,1,14,1,0,0.7039473684210527,0.19684210526315787,2.0789473684210527,0.21842105263157896,8.489473684210527,80.05526315789473,1.6947368421052633,17.471052631578946,9.876315789473685,48.300000000000004,0.4394736842105263,38.97105263157895,29.805263157894736,43.36578947368421,53.363157894736844,Alireza Hosseini,35,Iranian,AFC,Iran,Goalkeeper,191,76,Left,Al-Nassr,3954425,38
P00862,1489,0,1,9,0,0.07,0.24,4,748,914,10,0,25,0,60,39,70,19,45,13,91,188,24,11,3,0,4,0,0,0,0,0,0.8205263157894737,0.0,4.13421052631579,0.4921052631578947,18.676315789473687,82.0421052631579,3.6473684210526316,37.123684210526314,37.53157894736842,77.1236842105263,3.360526315789474,62.821052631578944,31.04736842105263,72.16842105263159,56.163157894736834,Mehdi Hajsafi,25,Iranian,AFC,Iran,Defender,176,75,Right,Western Sydney Wanderers,14912558,38
P00863,1447,1,0,10,0,0.10999999999999999,0.21000000000000002,10,495,607,11,1,32,3,44,45,56,16,34,19,53,161,13,17,5,2,4,0,0,0,0,0,0.8255263157894737,0.0,3.9894736842105263,0.45526315789473687,19.407894736842106,79.0421052631579,3.568421052631579,35.96315789473684,23.568421052631578,54.018421052631574,1.6078947368421053,44.65,29.610526315789475,50.26052631578948,53.66052631578947,Sardar Ansarifard,30,Iranian,AFC,Iran,Defender,179,76,Right,Western Sydney Wanderers,4549793,38
P00864,1374,1,0,10,0,0.04,0.05,5,488,611,8,0,25,1,52,46,67,17,42,20,59,182,8,9,5,1,1,0,0,0,0,0,0.8207894736842105,0.0,3.676315789473684,0.46578947368421053,21.226315789473684,81.1078947368421,3.8289473684210527,38.25526315789474,24.273684210526316,52.794736842105266,1.568421052631579,42.357894736842105,29.99473684210526,49.026315789473685,56.526315789473685,Alireza Rezaeian,26,Iranian,AFC,Iran,Defender,175,76,Left,Ulsan HD,4465296,38
P00865,1640,2,2,7,0,0.03,0.18,18,1312,1599,12,1,19,1,58,49,58,22,41,27,120,187,18,14,8,1,4,0,0,0,0,3,0.8218421052631579,0.0,4.552631578947368,0.5026315789473684,21.55263157894737,86.60263157894737,4.7973684210526315,48.04210526315789,57.9421052631579,98.5078947368421,8.544736842105262,92.07105263157894,29.218421052631577,97.57631578947368,54.034210526315796,Saman Torabi,32,Iranian,AFC,Iran,Defender,185,77,Left,Al-Sadd,50515650,38
P00866,1233,0,1,8,0,0.01,0.26,8,612,753,13,1,19,2,38,31,62,15,26,18,72,146,9,10,5,1,1,0,0,0,0,0,0.8181578947368421,0.0,3.263157894736842,0.38421052631578945,17.028947368421054,79.26315789473684,3.3684210526315788,34.39473684210526,33.97105263157895,73.98157894736842,2.6,68.75526315789473,28.723684210526315,66.43684210526315,53.402631578947364,Hidajat Noorollahi,23,Iranian,AFC,Iran,Defender,181,77,Right,Al-Nassr,12572175,38
P00867,1473,0,0,5,0,0.03,0.19,16,940,1174,11,1,20,1,53,50,75,15,40,20,112,193,14,13,3,1,4,0,0,0,0,0,0.835,0.0,4.244736842105263,0.47368421052631576,19.173684210526318,85.54736842105264,3.8210526315789473,38.357894736842105,44.19736842105263,93.46842105263158,5.507894736842106,83.46315789473684,29.473684210526315,90.80263157894737,52.242105263157896,Ehsan Gholizadeh,29,Iranian,AFC,Iran,Defender,187,81,Right,Urawa Red Diamonds,36355311,38
P00868,1244,1,1,9,1,0.05,0.07,8,428,556,9,0,20,1,42,30,49,10,27,17,40,131,12,8,3,0,0,0,0,0,0,0,0.8055263157894736,0.0,3.663157894736842,0.4052631578947368,20.25263157894737,80.20263157894736,3.689473684210526,37.76578947368421,25.544736842105266,51.77894736842105,1.2868421052631578,43.48421052631579,28.913157894736845,50.41315789473684,57.397368421052626,Karim Dejagah,20,Iranian,AFC,Iran,Defender,180,70,Right,Esteghlal,5231940,38
P00869,1177,0,3,7,0,0.03,0.35,6,630,754,6,1,23,2,37,32,52,13,41,11,80,134,15,8,1,1,1,0,0,0,0,0,0.8323684210526315,0.0,3.4921052631578946,0.4105263157894737,17.81578947368421,84.42631578947368,3.3736842105263154,34.28947368421053,36.91052631578947,77.70263157894736,2.7421052631578946,67.4421052631579,31.01842105263158,70.52894736842104,56.99210526315789,Morteza Karimi,28,Iranian,AFC,Iran,Defender,189,77,Right,Al-Nassr,9355138,38
P00870,1186,0,0,6,0,0.0,0.04,6,420,528,5,0,17,1,35,28,46,17,29,17,59,126,12,12,5,0,3,0,0,0,0,0,0.8026315789473685,0.0,3.357894736842105,0.39473684210526316,16.189473684210526,79.07105263157894,2.8973684210526316,29.73157894736842,24.489473684210527,51.99473684210526,1.4289473684210525,46.33684210526316,27.607894736842102,50.42894736842105,55.96052631578947,Ramin Moharrami,28,Iranian,AFC,Iran,Defender,182,74,Left,Al-Duhail,3390937,38
P00871,1940,6,10,31,3,1.27,1.1800000000000002,48,1460,1744,63,20,31,2,56,38,28,7,31,16,90,129,20,17,1,1,4,0,0,0,0,6,0.8463157894736841,0.0,5.897368421052631,0.6815789473684211,22.897368421052633,85.74736842105263,4.826315789473685,47.526315789473685,81.66315789473684,66.97894736842105,8.455263157894738,79.92105263157895,85.28421052631579,88.28157894736842,54.75,Mehdi Arefi,19,Iranian,AFC,Iran,Midfielder,176,72,Left,Urawa Red Diamonds,92416847,38
P00872,1681,2,3,27,2,0.36,1.8900000000000001,46,1339,1590,32,10,26,1,30,33,23,6,26,9,109,92,19,16,3,0,1,0,0,0,0,2,0.8497368421052631,0.0,5.007894736842106,0.6105263157894737,22.11578947368421,84.6421052631579,4.678947368421053,47.310526315789474,76.64999999999999,70.3736842105263,8.25,84.38157894736842,81.08157894736841,91.93684210526315,53.73947368421052,Sardar Heydari,32,Iranian,AFC,Iran,Midfielder,168,65,Right,Yokohama F. Marinos,56074683,38
P00873,1797,0,2,20,1,0.51,1.29,13,667,795,30,9,31,2,42,34,10,6,22,19,51,92,22,16,4,0,3,0,0,0,0,1,0.8526315789473684,0.0,5.6000000000000005,0.6289473684210526,23.48157894736842,84.53157894736842,4.265789473684211,42.48421052631579,36.81842105263158,32.86052631578948,1.7315789473684209,39.24473684210526,38.87105263157895,40.699999999999996,53.776315789473685,Alireza Shojaei,26,Iranian,AFC,Iran,Midfielder,184,72,Right,Bunyodkor,3137889,38
P00874,1353,1,2,17,1,0.72,1.1300000000000001,32,779,924,21,2,16,1,26,31,8,9,19,10,48,74,26,8,2,0,2,0,0,0,0,0,0.8423684210526315,0.0,4.4605263157894735,0.5157894736842106,18.960526315789473,81.63947368421053,3.6131578947368426,36.6578947368421,61.75789473684211,51.944736842105264,3.5,66.27105263157895,59.4421052631579,67.64736842105263,55.36842105263158,Saman Abdollahzadeh,18,Iranian,AFC,Iran,Midfielder,177,74,Right,Sydney FC,15880643,38
P00875,1472,3,8,28,2,0.42000000000000004,2.3,48,1144,1366,40,9,19,0,35,22,20,16,29,13,90,93,18,14,3,0,0,0,0,0,0,3,0.8513157894736842,0.0,4.839473684210526,0.5684210526315789,21.394736842105264,84.71052631578948,4.563157894736842,46.41842105263158,79.28947368421052,67.26315789473684,7.342105263157895,85.2078947368421,85.6236842105263,86.82368421052632,59.26052631578948,Hidajat Hazbavi,33,Iranian,AFC,Iran,Midfielder,184,79,Left,Sydney FC,13405470,38
P00876,1236,1,4,11,1,0.76,0.72,20,477,578,19,4,28,1,24,15,15,7,22,8,46,61,13,11,3,1,3,0,0,0,0,0,0.8434210526315788,0.0,3.6473684210526316,0.45,17.00263157894737,79.56052631578947,3.236842105263158,33.26842105263158,39.794736842105266,37.70789473684211,1.6236842105263158,48.252631578947366,45.602631578947374,49.136842105263156,55.415789473684214,Ehsan Moradi,18,Iranian,AFC,Iran,Midfielder,174,76,Right,Sydney FC,3491803,38
P00877,1075,2,0,11,0,0.3,0.8300000000000001,23,441,535,14,3,14,0,28,18,19,6,14,13,42,71,9,7,4,0,4,0,0,0,0,0,0.8452631578947368,0.0,3.53421052631579,0.41842105263157897,18.789473684210527,81.98421052631579,3.3973684210526316,34.70263157894737,42.96842105263158,37.49473684210526,1.7157894736842105,48.52894736842105,44.810526315789474,47.33947368421053,55.694736842105264,Karim Nourollahi,26,Iranian,AFC,Iran,Midfielder,185,77,Left,Al-Ittihad,3577794,38
P00878,1433,2,3,16,0,0.5,0.98,20,584,687,19,3,22,1,37,29,17,7,23,8,61,90,14,12,0,0,1,0,0,0,0,1,0.8507894736842104,0.0,4.644736842105263,0.5526315789473685,20.647368421052633,82.0657894736842,3.7473684210526317,38.194736842105264,41.80263157894737,36.647368421052626,2.094736842105263,43.73947368421052,45.507894736842104,48.18684210526315,55.413157894736834,Morteza Azmoun,36,Iranian,AFC,Iran,Midfielder,167,71,Right,Urawa Red Diamonds,3784344,38
P00879,1327,9,8,58,10,3.37,1.19,22,486,621,62,28,5,0,14,8,5,2,27,8,31,29,11,9,3,0,6,0,0,0,0,5,0.788421052631579,0.0,3.7868421052631582,0.4263157894736842,17.355263157894736,85.3,3.6842105263157894,38.21842105263158,88.68947368421053,24.30526315789474,3.439473684210526,83.67631578947368,83.12894736842105,88.20526315789475,52.56842105263158,Mehdi Hazbavi,24,Iranian,AFC,Iran,Forward,185,79,Right,Western Sydney Wanderers,45509303,38
P00880,1631,5,1,51,11,1.9100000000000001,1.09,29,479,607,43,16,10,0,14,4,4,8,29,14,32,30,16,17,2,0,10,0,0,0,0,2,0.7810526315789473,0.0,4.565789473684211,0.5210526315789474,19.55,84.22631578947369,3.7815789473684207,38.59473684210526,69.75526315789473,24.44736842105263,2.642105263157895,65.83947368421053,61.06052631578948,71.47894736842105,54.392105263157895,Sardar Moradi,21,Iranian,AFC,Iran,Forward,181,74,Right,Jeonbuk Hyundai,9398526,38
P00881,1416,9,5,57,11,2.18,1.1400000000000001,39,558,709,66,23,5,0,13,7,2,1,26,8,47,23,13,16,5,0,7,0,0,0,0,5,0.7976315789473685,0.0,3.9342105263157894,0.4605263157894737,22.273684210526316,85.5078947368421,4.8,48.41315789473684,90.47105263157896,25.147368421052633,4.468421052631579,84.78947368421052,79.53157894736842,90.38684210526316,59.218421052631584,Alireza Nourollahi,26,Iranian,AFC,Iran,Forward,179,70,Left,Pohang Steelers,74708985,38
P00882,1219,13,4,40,7,2.23,1.07,27,453,602,40,15,11,0,10,7,2,3,15,10,33,22,15,11,3,0,4,0,0,0,0,0,0.7844736842105263,0.0,3.3894736842105266,0.38684210526315793,15.376315789473683,78.8921052631579,3.392105263157895,34.997368421052634,91.41578947368421,27.8,3.2026315789473685,87.28947368421052,82.65789473684211,86.56842105263158,56.76315789473684,Saman Azmoun,26,Iranian,AFC,Iran,Forward,174,70,Right,Al-Duhail,22761395,38
P00883,1634,5,8,58,9,4.06,0.96,37,630,833,61,23,4,0,13,8,5,2,34,8,52,28,25,15,4,0,7,0,0,0,0,7,0.7794736842105263,0.0,4.6947368421052635,0.6131578947368421,21.11315789473684,85.99736842105263,4.5,44.347368421052636,85.30263157894737,24.01578947368421,4.665789473684211,79.8578947368421,83.4342105263158,88.65263157894738,56.17368421052631,Hidajat Ghoddos,24,Iranian,AFC,Iran,Forward,169,68,Right,Yokohama F. Marinos,92396750,38
P00884,1550,9,4,46,5,2.37,0.74,18,444,587,54,19,8,0,15,10,3,2,32,16,35,30,19,11,3,0,9,0,0,0,0,8,0.7810526315789473,0.0,4.423684210526315,0.5210526315789474,21.73421052631579,84.93157894736842,4.518421052631578,45.892105263157895,71.40526315789474,24.36842105263158,2.418421052631579,61.915789473684214,66.40789473684211,69.32105263157894,57.8078947368421,Ehsan Hosseini,25,Iranian,AFC,Iran,Forward,170,74,Right,Pakhtakor,19080234,38
P00885,1291,0,1,0,0,0.0,0.0,3,236,350,8,1,4,0,0,7,23,0,19,4,34,30,14,5,7,0,3,50,4,24,1,2,0.7196153846153847,0.22692307692307695,2.348076923076923,0.27884615384615385,9.669230769230769,77.31538461538462,1.9807692307692308,20.96153846153846,11.057692307692308,79.76923076923077,0.8346153846153845,66.92115384615384,28.701923076923077,73.29807692307692,56.15576923076923,Salem Al-Buraikan,25,Saudi,AFC,Saudi Arabia,Goalkeeper,188,69,Left,Melbourne City,14754841,52
P00886,1258,0,0,0,0,0.0,0.0,4,234,341,7,0,6,0,0,4,17,0,16,3,36,21,14,9,7,0,2,53,3,22,0,0,0.7242307692307691,0.22153846153846152,2.2326923076923078,0.23846153846153847,9.038461538461538,76.50192307692308,1.8115384615384615,18.70769230769231,9.361538461538462,49.00769230769231,0.5134615384615384,40.521153846153844,28.950000000000003,41.590384615384615,50.534615384615385,Firas Al-Shahrani,28,Saudi,AFC,Saudi Arabia,Goalkeeper,196,82,Right,Western Sydney Wanderers,4045511,52
P00887,1460,0,0,0,0,0.0,0.0,6,298,403,13,0,3,0,0,8,25,0,32,10,35,33,16,10,9,0,3,53,4,20,2,0,0.7528846153846154,0.2253846153846154,2.6826923076923075,0.29038461538461535,10.367307692307692,76.8923076923077,2.1326923076923077,22.01153846153846,10.11153846153846,47.715384615384615,0.5884615384615385,41.301923076923075,28.409615384615385,42.95961538461539,51.325,Saleh Al-Otaibi,34,Saudi,AFC,Saudi Arabia,Goalkeeper,192,78,Right,Pakhtakor,3736086,52
P00888,1448,1,1,7,0,0.15000000000000002,0.030000000000000002,5,411,525,7,0,30,5,59,43,75,9,40,29,51,186,13,16,5,1,1,0,0,0,0,1,0.8086538461538461,0.0,2.9076923076923076,0.3211538461538461,15.290384615384616,80.475,2.8076923076923075,28.45384615384615,21.51923076923077,44.39423076923077,0.8134615384615385,39.07884615384615,31.20576923076923,42.00961538461539,51.901923076923076,Salem Al-Faraj,18,Saudi,AFC,Saudi Arabia,Defender,181,73,Right,Kawasaki Frontale,1861876,52
P00889,2191,1,2,15,1,0.21000000000000002,0.08,16,751,944,8,0,36,1,63,69,102,28,84,22,73,262,25,18,7,0,1,0,0,0,0,0,0.8138461538461539,0.0,4.319230769230769,0.5153846153846154,22.56153846153846,82.52307692307691,3.994230769230769,40.76153846153846,23.484615384615385,52.823076923076925,1.6961538461538461,47.33076923076923,31.31153846153846,49.97692307692308,53.809615384615384,Firas Al-Amri,23,Saudi,AFC,Saudi Arabia,Defender,184,78,Right,Erbil SC,4543864,52
P00890,1735,0,0,8,0,0.48,0.1,4,593,740,12,1,25,1,70,49,86,16,43,16,70,221,26,15,6,0,4,0,0,0,0,0,0.8303846153846154,0.0,3.6096153846153842,0.4288461538461539,16.68846153846154,76.93076923076923,3.088461538461538,31.40192307692308,25.142307692307693,52.41538461538461,1.3192307692307692,47.12884615384615,28.61730769230769,49.54230769230769,53.97692307692308,Saleh Al-Ghamdi,25,Saudi,AFC,Saudi Arabia,Defender,184,82,Right,Jeonbuk Hyundai,2298457,52
P00891,1672,0,1,8,0,0.12,0.02,10,603,742,8,0,29,4,59,56,85,16,45,23,59,216,24,6,9,0,0,0,0,0,0,0,0.830576923076923,0.0,3.55,0.4346153846153846,18.653846153846153,81.19807692307693,3.411538461538462,33.284615384615385,25.396153846153844,52.18846153846154,1.373076923076923,47.33653846153846,29.025,49.93846153846154,54.46923076923077,Yasser Al-Owais,22,Saudi,AFC,Saudi Arabia,Defender,184,77,Right,Al-Shorta,2896502,52
P00892,1934,2,1,15,0,0.15,0.48,12,935,1145,17,2,40,2,68,56,90,20,54,30,106,234,15,17,10,0,4,0,0,0,0,2,0.8294230769230769,0.0,3.8846153846153846,0.43846153846153846,19.051923076923078,83.40576923076924,3.5615384615384613,35.315384615384616,36.93846153846154,74.81538461538462,3.0634615384615387,66.1,29.35576923076923,68.74423076923077,57.65576923076923,Mohammed Al-Breik,23,Saudi,AFC,Saudi Arabia,Defender,189,82,Right,Al-Sadd,38840218,52
P00893,2973,5,0,14,0,0.43,0.34,18,1049,1286,13,2,57,4,103,99,152,39,96,45,120,393,30,31,10,0,0,0,0,0,0,5,0.8269230769230769,0.0,6.2153846153846155,0.7134615384615385,26.667307692307695,84.89807692307691,4.703846153846154,46.22692307692308,23.951923076923077,52.448076923076925,2.4461538461538463,47.103846153846156,29.825000000000003,46.67307692307692,52.01923076923077,Abdulrahman Al-Hamdan,24,Saudi,AFC,Saudi Arabia,Defender,185,78,Right,Al-Nassr,3454981,52
P00894,1766,1,0,7,0,0.21000000000000002,0.08,13,919,1142,16,2,26,1,86,49,77,24,38,32,96,236,21,20,9,0,1,0,0,0,0,0,0.8186538461538462,0.0,3.7115384615384617,0.4230769230769231,20.717307692307692,82.46923076923076,3.9403846153846156,39.75576923076923,34.26923076923077,74.18846153846154,2.946153846153846,66.775,30.24230769230769,68.53076923076922,55.74807692307692,Hassan Al-Zahrani,30,Saudi,AFC,Saudi Arabia,Defender,183,73,Right,Persepolis,29426078,52
P00895,1754,0,1,12,1,0.04,0.08,18,851,1071,14,2,37,2,58,50,77,17,53,27,110,202,24,15,11,2,3,0,0,0,0,0,0.8205769230769231,0.0,3.5653846153846156,0.41730769230769227,18.901923076923076,82.51730769230768,3.7096153846153848,37.24038461538461,33.85961538461539,75.74807692307692,3.128846153846154,67.75384615384615,31.092307692307692,69.00576923076923,54.69615384615384,Ali Al-Ghannam,33,Saudi,AFC,Saudi Arabia,Defender,180,72,Right,Jeonbuk Hyundai,10818260,52
P00896,2130,0,0,10,0,0.01,0.11000000000000001,13,748,943,5,0,34,0,73,75,73,18,58,31,74,239,22,18,3,0,5,0,0,0,0,0,0.8161538461538461,0.0,4.405769230769231,0.5269230769230769,22.18653846153846,82.625,4.046153846153846,40.776923076923076,24.271153846153847,52.017307692307696,1.705769230769231,47.74615384615385,32.0,47.986538461538466,52.32692307692308,Sultan Al-Mousa,25,Saudi,AFC,Saudi Arabia,Defender,187,77,Right,Western Sydney Wanderers,2301959,52
P00897,1879,6,9,31,4,1.76,2.9099999999999997,56,1420,1707,45,16,34,1,53,30,17,11,28,18,111,111,25,20,2,0,0,0,0,0,0,4,0.8594230769230768,0.0,4.484615384615385,0.5038461538461538,18.65,81.57884615384616,3.9134615384615383,39.61538461538461,78.79615384615384,69.05192307692307,6.7192307692307685,85.48461538461538,83.12307692307692,90.9673076923077,61.28076923076923,Salem Al-Tambakti,28,Saudi,AFC,Saudi Arabia,Midfielder,179,76,Right,Kawasaki Frontale,46218977,52
P00898,1786,4,4,27,1,1.0,1.8,64,1384,1645,45,10,23,0,45,24,18,15,29,15,113,102,21,12,4,0,3,0,0,0,0,6,0.8492307692307691,0.0,4.096153846153846,0.4634615384615385,17.911538461538463,86.19423076923077,3.8288461538461536,38.478846153846156,78.03076923076922,68.97115384615384,6.511538461538461,83.51730769230768,84.42884615384615,90.1576923076923,59.58461538461539,Firas Al-Yami,22,Saudi,AFC,Saudi Arabia,Midfielder,175,78,Left,Sydney FC,61456330,52
P00899,1681,0,1,11,0,0.44000000000000006,0.76,18,618,734,24,4,30,1,42,23,18,6,21,18,58,89,27,17,8,0,6,0,0,0,0,0,0.8475,0.0,3.95,0.4596153846153846,17.853846153846153,80.87307692307692,3.3,33.04038461538461,35.73846153846154,33.55769230769231,1.2192307692307691,38.073076923076925,39.00769230769231,41.89807692307692,51.948076923076925,Saleh Al-Abdulkarim,28,Saudi,AFC,Saudi Arabia,Midfielder,173,67,Right,Al-Sadd,2584749,52
P00900,2156,3,4,25,2,1.43,1.95,53,1332,1595,53,15,37,1,53,48,39,14,28,19,93,154,26,16,3,0,3,0,0,0,0,4,0.849423076923077,0.0,4.913461538461538,0.6115384615384616,20.717307692307692,82.94423076923077,3.944230769230769,39.63076923076923,56.27884615384615,54.85192307692308,4.5019230769230765,63.888461538461534,64.37884615384615,71.39038461538462,58.91923076923077,Yasser Al-Harbi,23,Saudi,AFC,Saudi Arabia,Midfielder,175,71,Right,Al-Shorta,23086576,52
P00901,2151,3,9,53,8,1.23,3.17,75,1954,2345,93,31,33,0,56,38,32,8,31,17,137,134,25,18,3,0,6,0,0,0,0,2,0.8457692307692307,0.0,5.048076923076923,0.6,20.536538461538463,84.04615384615384,4.563461538461539,45.85576923076923,88.44807692307693,79.625,10.98653846153846,93.91346153846153,95.24615384615385,96.84038461538461,64.15384615384616,Mohammed Al-Rubaie,25,Saudi,AFC,Saudi Arabia,Midfielder,180,72,Left,Bunyodkor,138466809,52
P00902,2142,3,5,20,0,0.58,0.64,41,862,1045,28,6,35,2,41,47,13,11,31,16,79,112,22,10,5,1,2,0,0,0,0,2,0.8517307692307692,0.0,5.084615384615384,0.5826923076923077,21.809615384615388,79.50576923076923,3.928846153846154,39.11153846153846,42.775000000000006,38.36538461538461,2.2596153846153846,45.75384615384615,45.87884615384615,49.84423076923077,54.33076923076923,Abdulrahman Al-Salem,23,Saudi,AFC,Saudi Arabia,Midfielder,178,74,Right,Yokohama F. Marinos,5305677,52
P00903,2031,4,4,26,1,1.0,1.3599999999999999,49,1214,1478,48,13,31,0,43,43,27,16,30,27,68,129,21,17,4,0,2,0,0,0,0,4,0.8415384615384615,0.0,4.882692307692308,0.5596153846153846,23.1,81.7173076923077,4.413461538461538,43.73461538461538,61.184615384615384,54.33461538461539,4.036538461538462,69.63653846153846,65.0923076923077,70.57884615384616,57.426923076923075,Hassan Al-Qahtani,32,Saudi,AFC,Saudi Arabia,Midfielder,187,82,Right,Esteghlal,13588719,52
P00904,2583,3,4,41,1,1.34,3.4,75,2049,2440,72,22,46,1,67,46,23,12,47,30,162,148,36,25,6,0,1,0,0,0,0,5,0.8500000000000001,0.0,5.875,0.675,26.1,84.13461538461539,5.401923076923077,54.13269230769231,80.11346153846154,71.45384615384616,9.36923076923077,87.24807692307692,82.79230769230769,87.66153846153846,59.91923076923077,Ali Al-Buraikan,24,Saudi,AFC,Saudi Arabia,Midfielder,182,76,Right,Melbourne City,147161557,52
P00905,1621,6,2,35,5,0.92,0.26,16,287,374,25,5,2,0,16,7,5,6,24,13,17,34,22,16,9,0,8,0,0,0,0,0,0.7784615384615384,0.0,3.5942307692307693,0.4115384615384616,17.771153846153847,82.59423076923076,3.3115384615384613,33.534615384615385,42.184615384615384,26.121153846153845,0.6211538461538461,40.465384615384615,39.732692307692304,41.88653846153846,54.07884615384615,Salem Al-Rubaie,31,Saudi,AFC,Saudi Arabia,Forward,174,76,Right,Al-Ittihad,6875054,52
P00906,1546,6,0,45,7,3.55,0.75,28,514,680,40,13,2,0,15,4,5,5,25,15,29,29,17,17,8,0,5,0,0,0,0,1,0.7759615384615385,0.0,3.2673076923076922,0.36153846153846153,15.565384615384614,80.6173076923077,3.0076923076923077,30.821153846153848,71.21153846153847,24.728846153846156,1.9923076923076921,67.02692307692308,63.58846153846154,67.65,57.36730769230769,Firas Al-Salem,24,Saudi,AFC,Saudi Arabia,Forward,168,70,Right,Al-Duhail,29501447,52
P00907,2102,13,9,92,20,2.9699999999999998,2.37,43,1005,1279,121,50,7,0,17,11,7,9,30,23,76,44,26,21,4,1,10,0,0,0,0,7,0.795,0.0,4.375,0.5115384615384616,20.684615384615384,83.89038461538462,4.694230769230769,46.89038461538462,93.875,23.51923076923077,6.3173076923076925,94.47692307692309,91.15,97.67692307692307,61.01923076923077,Saleh Al-Qahtani,23,Saudi,AFC,Saudi Arabia,Forward,168,68,Right,Kawasaki Frontale,200000000,52
P00908,1909,6,2,55,9,2.3800000000000003,0.9099999999999999,25,530,702,57,20,7,0,15,6,6,3,36,15,40,30,17,17,4,0,6,0,0,0,0,1,0.7740384615384616,0.0,4.130769230769231,0.4846153846153846,17.634615384615383,82.19999999999999,3.4326923076923075,34.81346153846154,70.98846153846154,25.38076923076923,2.0576923076923075,66.58846153846153,67.28846153846153,71.00384615384615,56.14038461538462,Yasser Al-Buraikan,24,Saudi,AFC,Saudi Arabia,Forward,176,70,Right,Al-Shorta,6764595,52
P00909,1655,9,3,51,8,2.47,0.87,26,441,595,60,22,6,0,25,11,2,3,24,16,21,41,25,16,3,0,8,0,0,0,0,3,0.7676923076923077,0.0,3.369230769230769,0.4096153846153846,16.632692307692306,81.09615384615384,3.319230769230769,33.92307692307692,74.06923076923077,27.809615384615384,1.7423076923076921,65.8,63.021153846153844,69.23846153846154,56.80576923076923,Mohammed Al-Shahrani,27,Saudi,AFC,Saudi Arabia,Forward,171,74,Right,Erbil SC,49821661,52
P00910,1832,6,5,52,8,2.2,1.93,25,559,720,67,27,8,0,18,12,4,3,23,17,40,37,17,17,6,0,4,0,0,0,0,3,0.7828846153846154,0.0,3.9557692307692305,0.4730769230769231,20.701923076923077,84.0576923076923,4.036538461538462,40.46153846153846,67.15,26.29423076923077,2.1384615384615384,66.8923076923077,62.79615384615385,69.32115384615385,54.21153846153846,Abdulrahman Al-Otaibi,34,Saudi,AFC,Saudi Arabia,Forward,177,69,Right,Yokohama F. Marinos,28916545,52
P00911,1244,0,1,0,0,0.0,0.0,4,255,353,9,1,2,0,0,6,18,0,15,5,21,24,17,8,5,1,3,61,4,17,1,0,0.7325531914893617,0.24617021276595746,2.6340425531914895,0.3,9.993617021276595,79.97234042553191,2.048936170212766,21.368085106382978,9.310638297872341,48.33191489361702,0.5,40.90212765957447,31.127659574468087,42.38510638297872,54.59574468085106,Mathew Mooy,25,Australian,AFC,Australia,Goalkeeper,191,83,Left,Melbourne City,836742,47
P00912,1242,0,0,0,0,0.0,0.0,3,232,333,6,0,2,0,0,6,18,0,22,2,27,24,8,14,4,0,1,62,3,23,1,0,0.7172340425531915,0.2497872340425532,2.3957446808510636,0.28936170212765955,9.995744680851065,82.04255319148936,2.021276595744681,20.893617021276597,10.529787234042553,57.43191489361703,0.5446808510638298,47.53617021276595,30.72340425531915,48.51702127659575,50.33191489361702,Aaron Souttar,28,Australian,AFC,Australia,Goalkeeper,182,77,Left,Ulsan HD,8434271,47
P00913,1115,0,0,0,0,0.0,0.0,5,205,297,3,0,4,0,0,9,27,0,20,1,28,36,13,9,3,0,3,39,1,20,0,0,0.7227659574468085,0.23914893617021277,2.2617021276595746,0.24255319148936172,9.3,75.57021276595745,1.9361702127659575,19.417021276595744,9.327659574468084,47.53829787234043,0.5,38.35744680851064,27.738297872340425,42.82553191489362,56.231914893617024,Jackson Duke,23,Australian,AFC,Australia,Goalkeeper,188,81,Left,Yokohama F. Marinos,2038054,47
P00914,1685,0,0,7,0,0.09,0.27999999999999997,12,1307,1595,9,0,19,1,72,63,70,18,59,24,159,223,14,20,2,0,3,0,0,0,0,0,0.828936170212766,0.0,3.778723404255319,0.4319148936170213,19.71276595744681,84.66170212765957,4.278723404255319,42.51489361702128,56.50638297872341,98.29574468085106,7.597872340425533,93.94893617021278,27.11063829787234,97.3531914893617,58.661702127659574,Mathew Behich,24,Australian,AFC,Australia,Defender,185,77,Left,Western Sydney Wanderers,130568810,47
P00915,1787,1,2,12,0,0.060000000000000005,0.08,13,921,1129,12,1,28,1,55,48,93,24,55,32,85,220,20,20,7,2,5,0,0,0,0,2,0.8212765957446809,0.0,4.11063829787234,0.5042553191489362,18.47872340425532,83.07872340425531,3.4127659574468088,34.787234042553195,35.838297872340426,73.51063829787235,3.185106382978723,65.98297872340426,28.914893617021278,69.14255319148936,60.46595744680851,Aaron Goodwin,23,Australian,AFC,Australia,Defender,183,74,Left,Pohang Steelers,6639159,47
P00916,1291,0,1,6,0,0.07,0.27999999999999997,4,366,477,8,1,26,0,50,29,70,9,48,18,38,158,9,18,6,0,2,0,0,0,0,0,0.805531914893617,0.0,2.9851063829787234,0.33191489361702126,13.45531914893617,80.11702127659575,2.5382978723404253,26.534042553191487,19.327659574468086,46.01276595744681,0.8106382978723404,40.33617021276596,29.465957446808513,41.55531914893617,53.776595744680854,Jackson Baccus,32,Australian,AFC,Australia,Defender,196,84,Right,Erbil SC,5408709,47
P00917,1624,1,0,7,0,0.15000000000000002,0.5700000000000001,19,1283,1595,9,0,24,0,52,58,72,21,40,21,146,203,22,15,9,0,3,0,0,0,0,4,0.8210638297872341,0.0,3.7510638297872343,0.46808510638297873,19.206382978723404,84.77021276595744,4.278723404255319,42.744680851063826,53.59787234042553,98.05319148936171,7.455319148936169,95.06170212765957,32.09787234042553,98.59361702127659,59.693617021276594,Harry Leckie,32,Australian,AFC,Australia,Defender,191,80,Right,Erbil SC,98450406,47
P00918,2292,0,1,12,0,0.37,0.28,15,828,1028,15,0,42,1,82,59,95,23,61,34,77,259,24,24,4,0,4,0,0,0,0,0,0.8117021276595744,0.0,5.040425531914893,0.5765957446808511,21.0531914893617,82.25106382978724,3.904255319148936,39.83191489361702,22.408510638297873,52.389361702127665,2.040425531914894,46.642553191489355,28.746808510638296,49.91914893617021,54.702127659574465,Ajdin Rogic,23,Australian,AFC,Australia,Defender,179,76,Right,Al-Sadd,7437631,47
P00919,1688,2,0,10,0,0.05,0.02,12,602,740,5,0,22,0,57,49,74,26,41,21,71,206,21,7,7,1,4,0,0,0,0,0,0.8325531914893618,0.0,3.7829787234042556,0.4276595744680851,19.24468085106383,80.73404255319149,3.5531914893617023,36.46170212765958,25.0468085106383,51.99361702127659,1.6127659574468085,44.753191489361704,28.92127659574468,48.53191489361702,55.58297872340426,Keanu McGree,31,Australian,AFC,Australia,Defender,179,66,Right,Al-Shorta,3959383,47
P00920,1509,0,2,6,0,0.06999999999999999,0.0,6,450,562,11,0,20,1,56,38,65,12,38,29,41,171,16,20,7,0,2,0,0,0,0,0,0.8095744680851064,0.0,3.3340425531914892,0.3978723404255319,20.07872340425532,80.3531914893617,3.6702127659574466,36.851063829787236,21.636170212765958,46.11914893617021,0.8914893617021277,38.39574468085106,33.71063829787234,42.48085106382978,52.857446808510645,Awer Tilio,20,Australian,AFC,Australia,Defender,182,76,Left,Western Sydney Wanderers,1334870,47
P00921,2414,1,0,9,0,0.03,0.23,11,724,901,5,1,25,0,85,73,110,22,62,33,71,290,27,33,4,0,1,0,0,0,0,0,0.8178723404255319,0.0,5.419148936170212,0.6021276595744681,23.746808510638296,82.00425531914894,4.474468085106383,45.12765957446808,21.42127659574468,44.77872340425532,1.5617021276595746,39.94255319148936,27.25957446808511,40.42127659574468,52.39787234042553,Craig Borges,23,Australian,AFC,Australia,Defender,182,76,Right,Al-Ahli,3511456,47
P00922,1420,1,2,13,0,0.05,0.03,10,664,840,4,0,16,0,54,51,82,17,29,17,73,204,11,10,6,0,2,0,0,0,0,1,0.8117021276595744,0.0,3.125531914893617,0.3617021276595745,18.01276595744681,81.45531914893617,3.529787234042553,35.755319148936174,33.57659574468085,75.04042553191489,2.4957446808510637,65.41276595744681,29.104255319148937,67.82127659574468,55.33191489361702,Mat Cummins,25,Australian,AFC,Australia,Defender,176,76,Right,Al-Ittihad,17170646,47
P00923,1841,0,3,19,2,0.44,1.05,31,775,928,29,5,41,0,45,25,14,6,32,19,50,90,10,12,4,0,4,0,0,0,0,0,0.8587234042553191,0.0,4.693617021276595,0.5531914893617021,22.253191489361704,81.96382978723405,3.94468085106383,40.62127659574468,38.93829787234042,38.12765957446808,2.0255319148936173,46.11276595744681,44.81276595744681,49.09787234042553,54.729787234042554,Mathew Boyle,26,Australian,AFC,Australia,Midfielder,167,73,Right,Al-Hilal,14075716,47
P00924,1807,1,0,32,2,1.56,3.05,51,1387,1713,60,22,21,1,45,41,19,11,28,17,104,116,23,20,3,0,2,0,0,0,0,0,0.8476595744680852,0.0,4.5,0.5468085106382978,18.78510638297872,82.52340425531915,3.872340425531915,38.98936170212766,75.63404255319149,67.3468085106383,6.9787234042553195,85.87234042553192,85.05744680851063,89.03829787234044,58.55531914893617,Aaron Metcalfe,26,Australian,AFC,Australia,Midfielder,185,78,Left,Melbourne City,31173317,47
P00925,1727,2,2,15,2,0.13,1.99,29,749,897,25,4,25,2,37,24,23,6,25,18,54,90,19,15,8,0,2,0,0,0,0,0,0.8502127659574469,0.0,4.425531914893617,0.5042553191489362,18.22127659574468,80.80212765957447,3.4851063829787234,35.39574468085106,41.61914893617021,38.755319148936174,2.0127659574468084,43.54468085106383,45.47659574468085,48.736170212765956,54.90851063829787,Jackson Kusini,29,Australian,AFC,Australia,Midfielder,180,75,Right,Western Sydney Wanderers,1956077,47
P00926,1470,1,5,22,2,1.31,1.19,24,869,1044,37,12,24,0,33,37,18,6,30,8,59,94,15,18,2,0,1,0,0,0,0,1,0.8576595744680852,0.0,3.6702127659574466,0.4,15.004255319148937,79.45531914893617,2.904255319148936,29.60851063829787,58.836170212765964,53.50851063829787,3.0170212765957447,67.54468085106383,61.246808510638296,67.19787234042553,57.15531914893617,Harry King,25,Australian,AFC,Australia,Midfielder,186,76,Right,Jeonbuk Hyundai,10271107,47
P00927,2034,0,3,22,0,0.63,1.38,37,857,1022,36,8,32,0,68,36,23,17,29,13,70,144,25,20,1,0,2,0,0,0,0,0,0.8480851063829787,0.0,5.32127659574468,0.6085106382978723,21.5468085106383,82.67446808510638,3.9063829787234043,39.719148936170214,42.670212765957444,38.66382978723404,2.3361702127659574,45.787234042553195,45.57446808510638,49.08297872340426,51.60425531914894,Ajdin Jones,27,Australian,AFC,Australia,Midfielder,179,79,Left,Yokohama F. Marinos,1579010,47
P00928,1683,2,5,23,1,0.91,1.8599999999999999,30,1046,1238,35,9,30,1,44,24,15,8,17,14,77,91,23,19,3,1,2,0,0,0,0,3,0.856595744680851,0.0,4.5765957446808505,0.5170212765957447,20.410638297872342,85.36170212765957,3.9851063829787234,39.96170212765958,59.48297872340425,55.5404255319149,3.7382978723404254,64.74893617021276,64.20212765957447,70.84042553191489,56.07234042553192,Keanu Wright,18,Australian,AFC,Australia,Midfielder,183,74,Left,Urawa Red Diamonds,15846650,47
P00929,1703,3,6,19,2,0.81,1.24,51,1004,1204,42,14,35,4,45,33,27,7,29,23,77,112,24,14,6,0,1,0,0,0,0,1,0.8534042553191489,0.0,4.3808510638297875,0.5191489361702127,19.048936170212766,84.65531914893617,3.831914893617021,38.659574468085104,60.6063829787234,54.64468085106383,4.185106382978723,67.81489361702128,65.37659574468084,71.1191489361702,57.46382978723405,Awer Vukovic,24,Australian,AFC,Australia,Midfielder,168,73,Right,Al-Sadd,17417040,47
P00930,2081,2,3,16,0,0.53,1.12,36,763,909,30,4,32,0,44,44,28,8,33,15,45,124,22,16,7,0,0,0,0,0,0,1,0.8529787234042554,0.0,5.231914893617021,0.623404255319149,24.75957446808511,80.00638297872341,4.62127659574468,46.65744680851064,35.41063829787234,34.88085106382979,1.7808510638297872,36.94255319148936,41.755319148936174,41.58297872340426,52.148936170212764,Craig Mooy,32,Australian,AFC,Australia,Midfielder,183,85,Right,Al-Ahli,2299362,47
P00931,1941,3,3,30,3,1.84,0.37,18,317,419,41,10,6,0,14,9,3,2,35,14,26,28,25,20,4,0,9,0,0,0,0,1,0.7753191489361702,0.0,4.604255319148936,0.5553191489361703,21.072340425531916,81.96595744680852,3.8446808510638295,38.47234042553192,43.47872340425532,23.636170212765958,0.8765957446808511,39.56382978723404,40.61489361702128,42.861702127659576,53.38510638297872,Mathew Jones,25,Australian,AFC,Australia,Forward,181,75,Right,Al-Ahli,9649662,47
P00932,1842,9,5,35,5,1.24,0.37,21,294,404,40,9,6,0,21,9,10,4,23,16,21,44,24,24,2,0,2,0,0,0,0,2,0.7859574468085105,0.0,4.3255319148936175,0.47659574468085103,24.087234042553188,81.55531914893616,4.529787234042553,45.92553191489362,43.65531914893617,23.927659574468084,0.8638297872340426,37.52340425531915,39.62765957446808,42.08085106382978,53.42553191489362,Aaron Wright,23,Australian,AFC,Australia,Forward,185,76,Right,Ulsan HD,13009748,47
P00933,1857,12,4,64,12,2.91,0.8500000000000001,56,695,873,76,27,3,0,25,7,6,2,33,23,56,40,18,14,5,1,5,0,0,0,0,3,0.7891489361702126,0.0,4.582978723404255,0.5446808510638298,20.71063829787234,83.11276595744681,4.459574468085107,44.97021276595744,91.51489361702127,24.004255319148935,4.582978723404255,85.04893617021277,78.11489361702128,88.57021276595745,59.806382978723406,Jackson Vukovic,24,Australian,AFC,Australia,Forward,164,65,Left,Al-Nassr,28754254,47
P00934,1927,7,2,66,12,3.07,1.89,54,744,968,73,27,7,0,16,9,4,3,19,14,54,32,17,20,3,1,11,0,0,0,0,4,0.782340425531915,0.0,4.51063829787234,0.5638297872340425,19.425531914893618,84.11489361702128,4.108510638297872,41.265957446808514,91.62127659574467,25.151063829787233,4.570212765957447,83.04468085106383,85.4063829787234,89.58936170212766,56.757446808510636,Harry Mooy,22,Australian,AFC,Australia,Forward,190,78,Right,Al-Hilal,53766198,47
P00935,1535,6,9,48,8,1.6400000000000001,0.65,22,451,590,49,16,2,0,16,5,7,2,23,16,39,30,14,7,4,0,5,0,0,0,0,4,0.7851063829787234,0.0,3.6510638297872338,0.42127659574468085,19.548936170212766,82.27659574468085,3.891489361702128,39.240425531914894,69.8936170212766,24.231914893617024,2.0170212765957447,65.3531914893617,63.90425531914894,71.86382978723404,55.921276595744686,Ajdin Souttar,27,Australian,AFC,Australia,Forward,180,69,Left,Jeonbuk Hyundai,25297087,47
P00936,1902,7,5,74,14,4.38,1.63,49,747,977,78,30,8,0,16,3,6,3,21,13,49,28,34,23,2,0,14,0,0,0,0,3,0.7855319148936171,0.0,4.6063829787234045,0.5340425531914894,21.75531914893617,88.7468085106383,4.51063829787234,45.708510638297874,88.76595744680851,23.289361702127657,4.495744680851064,85.87234042553192,80.25744680851064,86.46808510638297,56.42765957446808,Keanu Duke,21,Australian,AFC,Australia,Forward,178,67,Right,Sydney FC,45031610,47
P00937,1661,0,0,0,0,0.0,0.0,6,326,461,12,1,2,0,0,7,22,0,28,4,38,29,27,9,5,0,5,64,5,38,2,0,0.7333333333333333,0.19757575757575757,2.4727272727272727,0.2909090909090909,9.322727272727272,79.2030303030303,2.0060606060606063,20.607575757575756,9.51818181818182,81.60454545454544,0.8484848484848485,68.60909090909091,31.22121212121212,69.05151515151515,58.40909090909091,Akram Ali,31,Qatari,AFC,Qatar,Goalkeeper,188,77,Left,Melbourne City,15320409,66
P00938,1717,0,0,0,0,0.0,0.0,13,317,469,7,0,5,0,0,7,29,0,24,4,42,36,20,13,2,0,6,58,7,24,1,0,0.7043939393939395,0.2246969696969697,2.504545454545455,0.30454545454545456,9.624242424242425,81.35606060606061,2.289393939393939,24.059090909090912,10.706060606060607,95.4151515151515,1.2696969696969695,84.40151515151516,28.566666666666666,90.22424242424243,61.695454545454545,Almoez Boudiaf,35,Qatari,AFC,Qatar,Goalkeeper,188,76,Right,Yokohama F. Marinos,28513657,66
P00939,1761,0,0,0,0,0.0,0.0,4,352,508,7,0,3,0,0,10,38,0,36,7,38,48,13,21,7,0,3,79,4,30,0,0,0.7153030303030303,0.24075757575757575,2.5060606060606063,0.2878787878787879,10.363636363636363,80.46212121212122,2.165151515151515,22.53939393939394,10.054545454545455,80.02424242424243,0.8621212121212121,67.92878787878789,29.301515151515154,69.01212121212122,54.28939393939394,Hassan Abdulla,22,Qatari,AFC,Qatar,Goalkeeper,200,82,Right,Urawa Red Diamonds,10960614,66
P00940,2880,3,3,12,0,0.19,0.09,11,1042,1288,24,2,46,2,85,83,145,31,72,40,119,344,32,31,8,1,5,0,0,0,0,3,0.8243939393939393,0.0,4.648484848484848,0.5606060606060606,21.722727272727273,81.26363636363635,3.890909090909091,39.54242424242425,23.716666666666665,53.32727272727273,1.8742424242424243,46.02727272727273,29.795454545454547,48.593939393939394,53.39090909090909,Akram Hatem,25,Qatari,AFC,Qatar,Defender,182,80,Right,Al-Ittihad,11539569,66
P00941,2176,1,1,12,0,0.11000000000000001,0.12,16,1114,1362,9,1,23,0,69,54,104,27,80,27,122,254,17,26,9,0,7,0,0,0,0,0,0.838030303030303,0.0,3.509090909090909,0.41060606060606064,17.848484848484848,82.58939393939393,3.4242424242424243,34.69090909090909,35.85909090909091,74.15151515151516,3.018181818181818,64.94242424242424,29.77121212121212,69.61666666666666,58.418181818181814,Almoez Muntari,22,Qatari,AFC,Qatar,Defender,180,76,Left,Al-Ahli,34261332,66
P00942,2324,1,1,13,0,0.2,0.11,11,676,848,11,2,49,8,81,62,117,25,60,28,86,285,21,19,8,1,4,0,0,0,0,0,0.8266666666666667,0.0,3.827272727272727,0.4409090909090909,19.615151515151513,81.78636363636363,3.609090909090909,36.371212121212125,20.813636363636363,45.056060606060605,1.1378787878787877,39.71363636363636,29.631818181818183,41.669696969696965,52.2969696969697,Hassan Pedro,23,Qatari,AFC,Qatar,Defender,174,77,Left,Ulsan HD,5050754,66
P00943,2276,1,1,13,0,0.04,0.41000000000000003,7,743,933,12,0,38,1,84,75,112,20,62,30,79,291,19,19,10,0,4,0,0,0,0,0,0.8236363636363636,0.0,3.7075757575757575,0.4090909090909091,18.893939393939394,79.9151515151515,3.3060606060606057,33.81060606060606,24.653030303030302,52.29090909090909,1.3090909090909089,47.72272727272727,27.36060606060606,48.581818181818186,54.518181818181816,Boualem Hasan,23,Qatari,AFC,Qatar,Defender,186,81,Right,Al-Hilal,6726357,66
P00944,2529,1,2,18,0,0.04,0.38,12,864,1066,13,1,35,2,105,74,116,31,61,30,76,326,31,21,3,0,5,0,0,0,0,0,0.8236363636363636,0.0,4.11060606060606,0.49242424242424243,20.430303030303033,80.37424242424242,3.8393939393939394,38.74545454545454,26.040909090909093,51.97121212121212,1.4484848484848485,46.49090909090909,31.551515151515154,50.68484848484848,53.93181818181818,Karim Barsham,22,Qatari,AFC,Qatar,Defender,181,73,Left,Persepolis,5076077,66
P00945,1473,0,3,10,0,0.16999999999999998,0.12000000000000001,11,921,1130,9,0,19,2,53,42,62,16,48,12,110,173,19,8,10,0,5,0,0,0,0,0,0.8259090909090909,0.0,2.3651515151515152,0.2803030303030303,13.553030303030303,79.82878787878788,2.896969696969697,30.09090909090909,45.64090909090909,94.66666666666667,3.1333333333333333,82.5060606060606,28.503030303030304,86.59545454545454,59.35757575757576,Abdelaziz Ismaeel,28,Qatari,AFC,Qatar,Defender,187,76,Right,Sydney FC,34162856,66
P00946,2428,0,1,19,1,0.04,0.41000000000000003,18,1514,1866,17,1,43,2,105,69,110,24,61,26,174,308,28,23,11,0,5,0,0,0,0,0,0.8236363636363636,0.0,4.034848484848485,0.4833333333333334,17.886363636363637,83.26363636363635,3.6893939393939394,37.56515151515152,44.804545454545455,93.07878787878788,5.056060606060606,83.4439393939394,30.88030303030303,87.35909090909091,59.60606060606061,Ahmed Al-Dosari,18,Qatari,AFC,Qatar,Defender,187,76,Right,Kawasaki Frontale,32762108,66
P00947,2589,4,1,17,0,0.13,0.48,18,871,1073,9,0,38,0,96,66,109,31,69,28,116,302,28,14,6,0,3,0,0,0,0,4,0.8295454545454546,0.0,4.178787878787879,0.4787878787878788,20.65909090909091,80.83939393939393,3.7075757575757575,36.88939393939393,24.521212121212123,53.165151515151514,1.703030303030303,47.763636363636365,31.683333333333334,48.97878787878788,52.97878787878788,Ali Abdelaziz,28,Qatari,AFC,Qatar,Defender,189,74,Left,Persepolis,5984115,66
P00948,2313,2,1,13,0,0.15000000000000002,0.35,20,1138,1392,12,0,35,1,86,65,117,26,65,28,132,294,24,15,12,1,2,0,0,0,0,1,0.8328787878787879,0.0,3.590909090909091,0.4196969696969697,21.30606060606061,82.68939393939394,4.036363636363636,40.31666666666667,35.834848484848486,73.86666666666666,3.0136363636363637,65.73484848484848,31.057575757575762,68.94545454545454,55.78181818181818,Mohammed Al-Hammadi,34,Qatari,AFC,Qatar,Defender,179,69,Right,Western Sydney Wanderers,13879460,66
P00949,2370,3,9,30,1,1.22,4.2700000000000005,58,1831,2198,83,26,41,3,56,34,28,15,36,22,141,133,28,26,6,1,4,0,0,0,0,4,0.8503030303030302,0.0,4.334848484848485,0.5090909090909091,20.163636363636364,84.38484848484848,4.292424242424243,43.65909090909091,76.11969696969696,69.60757575757576,6.296969696969697,83.77878787878787,83.53333333333333,89.45454545454545,58.75757575757576,Akram Mesa,29,Qatari,AFC,Qatar,Midfielder,171,71,Right,Persepolis,22108266,66
P00950,3121,6,10,42,3,1.16,3.2800000000000002,68,1883,2269,65,17,40,1,67,68,25,15,56,28,144,175,38,27,9,1,5,0,0,0,0,7,0.8459090909090908,0.0,5.721212121212122,0.7015151515151514,24.57121212121212,84.23181818181818,4.718181818181818,47.18030303030303,57.09848484848485,54.78181818181818,5.153030303030303,66.71818181818182,67.10909090909091,70.92121212121212,56.5030303030303,Almoez Al-Attiyah,27,Qatari,AFC,Qatar,Midfielder,173,68,Right,Al-Shorta,5186589,66
P00951,2629,2,8,42,1,2.04,1.54,54,1564,1872,63,14,37,3,54,58,22,11,32,31,114,145,32,22,6,0,4,0,0,0,0,1,0.8531818181818183,0.0,4.6893939393939394,0.5378787878787878,20.104545454545455,81.95757575757575,3.9499999999999997,40.18787878787879,61.06515151515152,56.665151515151514,4.109090909090909,66.51363636363635,63.78484848484849,68.10909090909091,53.89242424242424,Hassan Al-Nobi,29,Qatari,AFC,Qatar,Midfielder,181,73,Right,Kawasaki Frontale,11060197,66
P00952,3038,3,10,42,5,1.44,2.22,68,1840,2219,65,19,59,4,72,50,37,16,52,28,127,175,44,29,5,0,1,0,0,0,0,3,0.8463636363636363,0.0,5.46969696969697,0.6575757575757576,22.26818181818182,84.80151515151515,4.292424242424243,43.22121212121212,56.85303030303031,57.03181818181818,4.875757575757576,67.5,63.874242424242425,70.05454545454546,58.74848484848485,Boualem Moez,28,Qatari,AFC,Qatar,Midfielder,173,73,Right,Esteghlal,8425949,66
P00953,2407,6,3,33,3,1.4100000000000001,1.78,59,1419,1688,73,23,39,1,50,36,28,16,31,17,92,130,34,21,8,0,1,0,0,0,0,1,0.848030303030303,0.0,4.46060606060606,0.5166666666666667,20.903030303030302,84.0030303030303,3.992424242424242,40.33939393939394,60.2530303030303,54.233333333333334,3.996969696969697,66.65454545454546,66.72727272727273,68.44545454545454,57.64848484848484,Karim Al-Ahmad,30,Qatari,AFC,Qatar,Midfielder,185,76,Right,Esteghlal,6117109,66
P00954,2500,1,6,19,0,0.77,1.26,36,911,1097,39,7,38,1,64,36,31,11,30,24,55,142,33,27,3,0,3,0,0,0,0,1,0.8575757575757575,0.0,4.46969696969697,0.5151515151515151,19.26818181818182,82.93181818181819,3.56969696969697,35.81060606060606,35.78030303030303,33.75454545454546,1.3954545454545453,40.512121212121215,40.85909090909091,41.946969696969695,53.025757575757574,Abdelaziz Al-Mohannadi,30,Qatari,AFC,Qatar,Midfielder,179,75,Right,Melbourne City,5416795,66
P00955,2434,2,4,26,1,0.3,1.49,36,1039,1234,46,13,38,1,37,40,36,14,46,24,74,127,22,17,6,0,1,0,0,0,0,0,0.851969696969697,0.0,4.204545454545454,0.49242424242424243,18.740909090909092,79.5909090909091,3.484848484848485,35.17878787878788,43.165151515151514,38.15454545454545,2.004545454545455,46.868181818181824,46.1530303030303,48.18484848484848,50.583333333333336,Ahmed Mahmoud,31,Qatari,AFC,Qatar,Midfielder,174,68,Right,Persepolis,6048600,66
P00956,2598,3,7,44,5,1.31,1.5,73,2075,2484,72,22,40,1,75,40,26,15,48,24,152,156,21,26,3,2,3,0,0,0,0,7,0.8534848484848485,0.0,4.868181818181818,0.5590909090909091,21.1469696969697,85.26212121212122,4.5227272727272725,45.96515151515151,76.53484848484848,68.61060606060606,7.3954545454545455,86.48181818181818,81.28787878787878,88.92575757575759,59.92424242424242,Ali Ali,25,Qatari,AFC,Qatar,Midfielder,183,76,Right,Al-Ittihad,110809025,66
P00957,2296,12,5,63,9,3.5100000000000002,1.54,41,679,887,74,26,12,0,22,10,10,5,26,16,45,47,21,19,3,0,16,0,0,0,0,3,0.7777272727272727,0.0,3.7803030303030303,0.43333333333333335,22.69242424242424,85.37878787878788,4.543939393939394,45.88636363636363,72.48939393939395,23.824242424242424,2.178787878787879,65.82575757575758,66.18181818181819,71.11666666666666,60.31515151515152,Akram Al-Ahmad,23,Qatari,AFC,Qatar,Forward,173,65,Left,Pakhtakor,15104348,66
P00958,2600,9,3,50,6,2.12,1.73,33,463,613,48,18,6,0,30,11,5,4,26,18,29,50,28,25,4,0,12,0,0,0,0,2,0.7807575757575758,0.0,4.262121212121213,0.5075757575757576,18.89090909090909,80.23333333333333,3.522727272727273,35.76969696969697,42.72272727272727,26.35909090909091,0.9272727272727274,40.02272727272727,40.33787878787879,42.75151515151515,53.53333333333333,Almoez Al-Mohannadi,30,Qatari,AFC,Qatar,Forward,180,76,Right,Al-Hilal,8299366,66
P00959,1844,5,3,31,2,2.05,0.53,12,337,455,40,13,6,0,13,10,5,6,36,17,22,34,30,12,3,1,11,0,0,0,0,2,0.7906060606060606,0.0,3.0893939393939394,0.3606060606060606,15.837878787878788,78.90151515151516,2.974242424242424,30.41060606060606,41.88787878787878,24.33030303030303,0.5727272727272726,41.53333333333333,38.119696969696975,42.68333333333333,49.84090909090909,Hassan Mahmoud,17,Qatari,AFC,Qatar,Forward,180,81,Right,Bunyodkor,6877224,66
P00960,2418,10,4,65,11,3.92,1.68,37,758,974,79,27,6,0,16,13,6,8,45,19,59,43,30,20,6,0,15,0,0,0,0,3,0.7921212121212121,0.0,4.101515151515152,0.4954545454545455,19.75151515151515,82.23333333333333,3.7909090909090906,38.50606060606061,72.47727272727273,25.67878787878788,2.4075757575757577,63.39393939393939,64.59242424242424,70.57878787878788,55.26060606060606,Boualem Ali,22,Qatari,AFC,Qatar,Forward,176,73,Right,Al-Hilal,4223291,66
P00961,2933,7,1,55,6,2.9,1.04,25,514,678,70,17,8,0,34,9,6,2,48,35,49,51,27,25,2,0,18,0,0,0,0,1,0.7840909090909091,0.0,4.874242424242424,0.5575757575757575,22.084848484848482,82.34545454545454,4.090909090909091,41.18333333333333,42.448484848484846,26.51060606060606,1.0075757575757576,39.25757575757576,39.834848484848486,41.18636363636364,52.04242424242425,Karim Boudiaf,27,Qatari,AFC,Qatar,Forward,183,75,Right,Al-Shorta,4758016,66
P00962,2598,13,6,86,15,5.96,4.36,46,983,1309,127,51,10,0,21,18,6,6,56,25,71,51,44,23,5,0,14,0,0,0,0,8,0.7830303030303031,0.0,4.343939393939394,0.49696969696969695,21.116666666666667,85.5590909090909,4.565151515151515,45.806060606060605,87.98181818181818,25.343939393939394,4.304545454545455,84.04545454545455,82.36363636363636,87.31515151515151,61.051515151515154,Abdelaziz Abdulla,24,Qatari,AFC,Qatar,Forward,181,77,Left,Al-Hilal,135296723,66
P00963,1203,0,0,0,0,0.0,0.0,4,222,327,6,0,3,0,0,6,21,0,17,8,28,27,9,12,2,0,1,49,2,28,4,0,0.7077272727272728,0.27909090909090906,2.6750000000000003,0.3068181818181818,10.388636363636364,76.77954545454546,2.256818181818182,23.036363636363635,10.163636363636364,79.47500000000001,0.9204545454545454,65.11590909090908,33.086363636363636,71.81818181818181,58.67272727272727,Eldor Rashidov,26,Uzbek,AFC,Uzbekistan,Goalkeeper,192,77,Left,Al-Hilal,15152057,44
P00964,1027,0,0,0,0,0.0,0.0,3,180,260,6,0,1,0,0,4,20,0,15,2,30,24,10,15,2,0,2,37,3,19,2,0,0.7022727272727273,0.1781818181818182,2.256818181818182,0.2545454545454545,8.518181818181818,78.81363636363636,1.8022727272727272,18.572727272727274,10.411363636363637,47.89090909090908,0.4636363636363636,38.54772727272727,31.29090909090909,40.820454545454545,49.470454545454544,Sardor Kobilov,33,Uzbek,AFC,Uzbekistan,Goalkeeper,191,77,Left,Al-Ittihad,1343280,44
P00965,1072,0,0,0,0,0.0,0.0,2,212,305,7,1,4,0,0,6,18,0,17,1,22,24,17,10,3,0,5,49,2,23,1,0,0.7052272727272727,0.245,2.3613636363636363,0.2681818181818182,9.865909090909092,79.58181818181818,2.209090909090909,22.729545454545455,10.340909090909092,77.70681818181818,0.8068181818181818,70.99090909090908,30.068181818181817,70.11136363636363,55.811363636363645,Otabek Nasrullaev,32,Uzbek,AFC,Uzbekistan,Goalkeeper,195,83,Right,Yokohama F. Marinos,15572962,44
P00966,1273,0,1,9,0,0.07,0.060000000000000005,5,433,547,7,0,22,1,30,37,66,17,39,14,38,150,8,17,4,2,1,0,0,0,0,0,0.8131818181818182,0.0,3.097727272727273,0.3590909090909091,15.320454545454545,78.94318181818181,2.756818181818182,28.83181818181818,24.711363636363636,54.06818181818182,1.05,44.49545454545454,29.629545454545454,48.13863636363636,52.98863636363637,Eldor Hamrobekov,25,Uzbek,AFC,Uzbekistan,Defender,182,75,Right,Al-Shorta,3268779,44
P00967,1454,0,1,7,0,0.02,0.12000000000000001,7,495,626,8,0,21,0,44,51,72,14,49,21,48,181,24,16,4,0,5,0,0,0,0,0,0.8177272727272726,0.0,3.5181818181818185,0.3772727272727273,19.384090909090908,82.78863636363636,3.55,36.16136363636363,24.520454545454548,52.53863636363636,1.2840909090909092,47.78863636363636,31.277272727272727,49.96363636363637,51.28636363636363,Sardor Zakirov,22,Uzbek,AFC,Uzbekistan,Defender,175,69,Right,Pakhtakor,3231483,44
P00968,1514,1,3,10,0,0.04,0.19,11,725,919,9,2,36,3,47,51,72,19,42,17,89,189,26,10,4,0,4,0,0,0,0,0,0.8002272727272728,0.0,3.597727272727273,0.425,18.463636363636365,81.80909090909091,3.7704545454545455,38.12045454545454,34.71818181818182,75.62954545454545,2.9454545454545453,64.55909090909091,30.64090909090909,69.03181818181818,60.32727272727273,Otabek Yoldoshev,20,Uzbek,AFC,Uzbekistan,Defender,182,76,Right,Melbourne City,16247150,44
P00969,1187,0,0,5,0,0.030000000000000002,0.19,2,612,759,7,0,25,2,46,23,67,7,37,15,68,143,15,6,10,0,0,0,0,0,0,0,0.8222727272727273,0.0,2.8795454545454544,0.32045454545454544,15.338636363636363,82.20454545454545,2.975,29.904545454545453,36.78181818181818,77.0409090909091,2.0613636363636365,64.85909090909091,30.277272727272727,69.44318181818181,57.93181818181818,Jaloliddin Tursunov,25,Uzbek,AFC,Uzbekistan,Defender,194,79,Right,Bunyodkor,34382763,44
P00970,1648,0,2,11,0,0.15,0.09999999999999999,12,843,1035,3,0,31,3,53,46,69,20,47,15,102,188,17,11,4,1,4,0,0,0,0,2,0.8252272727272728,0.0,4.045454545454546,0.4659090909090909,19.318181818181817,80.52499999999999,3.6454545454545455,37.68409090909091,36.1,75.13181818181819,3.3022727272727277,67.10681818181818,28.94545454545454,70.30909090909091,56.46590909090909,Dostonbek Abdurakhmanov,32,Uzbek,AFC,Uzbekistan,Defender,185,77,Right,Esteghlal,10411003,44
P00971,1493,1,2,13,0,0.04,0.36,10,710,866,10,0,21,0,58,49,74,15,38,22,56,196,19,13,4,0,0,0,0,0,0,0,0.8270454545454545,0.0,3.6340909090909093,0.4431818181818182,19.663636363636364,81.3340909090909,3.9454545454545453,39.98863636363637,35.64090909090909,77.11136363636363,2.5090909090909093,68.14318181818182,31.263636363636362,71.95454545454545,56.60681818181818,Husniddin Umarov,24,Uzbek,AFC,Uzbekistan,Defender,187,77,Left,Pakhtakor,13636084,44
P00972,1343,2,1,9,0,0.07,0.16,6,459,565,11,0,23,2,39,43,63,9,42,18,67,154,9,9,3,0,0,0,0,0,0,0,0.8325,0.0,3.3840909090909093,0.41590909090909095,18.28409090909091,79.4590909090909,3.402272727272727,34.67272727272727,24.093181818181815,53.10909090909092,1.268181818181818,47.304545454545455,30.702272727272728,49.35227272727273,52.92727272727273,Azizbek Yusupov,24,Uzbek,AFC,Uzbekistan,Defender,175,80,Right,Western Sydney Wanderers,3600924,44
P00973,1701,2,0,8,0,0.01,0.02,8,808,1032,5,0,27,0,63,44,76,18,47,28,87,201,19,24,9,0,3,0,0,0,0,0,0.8079545454545454,0.0,4.077272727272727,0.45,19.797727272727272,83.93863636363636,3.8659090909090907,39.106818181818184,35.06818181818182,71.43636363636364,3.127272727272727,68.39545454545454,30.229545454545452,68.71136363636364,56.24318181818182,Bobir Eshmurodov,34,Uzbek,AFC,Uzbekistan,Defender,185,82,Right,Al-Hilal,9028015,44
P00974,2215,0,0,8,0,0.23,0.18,16,1127,1377,11,2,30,1,84,60,106,21,66,25,117,271,31,12,9,0,5,0,0,0,0,0,0.8254545454545454,0.0,5.363636363636363,0.65,26.461363636363636,88.10454545454546,5.204545454545454,52.53636363636363,37.52727272727273,76.35000000000001,4.368181818181818,65.9159090909091,31.470454545454547,71.26136363636364,58.83863636363637,Jasurbek Alijanov,27,Uzbek,AFC,Uzbekistan,Defender,184,73,Right,Kawasaki Frontale,8835044,44
P00975,2246,4,4,38,3,1.5,4.72,77,1801,2132,58,16,34,1,44,30,26,14,42,16,115,114,26,26,3,0,1,0,0,0,0,2,0.8581818181818182,0.0,6.111363636363635,0.7181818181818183,24.18409090909091,88.05,5.015909090909091,50.48181818181818,73.46363636363637,68.0840909090909,9.479545454545455,84.0909090909091,84.4659090909091,89.375,60.21363636363637,Eldor Miralimov,23,Uzbek,AFC,Uzbekistan,Midfielder,184,78,Left,Yokohama F. Marinos,52866669,44
P00976,1216,1,6,12,1,0.35,1.68,22,720,868,16,2,23,0,26,13,12,7,25,11,45,58,13,16,4,0,1,0,0,0,0,1,0.8390909090909091,0.0,3.3431818181818183,0.3931818181818182,16.561363636363637,79.325,3.1318181818181823,31.55909090909091,57.815909090909095,55.559090909090905,2.727272727272727,61.815909090909095,63.190909090909095,68.70454545454545,57.075,Sardor Holmatov,22,Uzbek,AFC,Uzbekistan,Midfielder,176,73,Right,Erbil SC,22796965,44
P00977,1728,2,3,20,1,0.26,1.64,27,759,883,24,6,30,1,34,25,15,12,25,17,52,86,28,14,4,0,3,0,0,0,0,0,0.8538636363636364,0.0,4.3522727272727275,0.49090909090909096,20.28181818181818,80.61818181818181,3.4568181818181816,34.413636363636364,41.699999999999996,38.96363636363637,2.106818181818182,47.74090909090909,44.90909090909091,48.425,48.85909090909092,Otabek Karimov,23,Uzbek,AFC,Uzbekistan,Midfielder,180,73,Right,Esteghlal,9505167,44
P00978,1351,3,3,25,2,0.41000000000000003,3.12,34,1105,1304,35,10,24,3,38,24,13,3,22,13,83,78,19,18,7,0,2,0,0,0,0,2,0.8547727272727272,0.0,3.811363636363636,0.4454545454545455,16.952272727272728,80.22954545454546,3.4,34.42045454545455,75.92272727272727,68.42045454545455,5.840909090909091,88.4659090909091,80.51363636363637,88.39090909090909,62.247727272727275,Jaloliddin Sobirov,22,Uzbek,AFC,Uzbekistan,Midfielder,177,72,Right,Pakhtakor,41807913,44
P00979,1666,1,5,14,1,0.36,0.89,16,580,692,24,4,26,1,47,35,20,11,24,16,51,113,19,18,4,0,3,0,0,0,0,4,0.8404545454545453,0.0,4.588636363636364,0.5431818181818182,18.661363636363635,80.59772727272728,3.5727272727272723,36.39545454545455,34.904545454545456,33.481818181818184,1.375,40.18181818181818,38.12954545454546,42.38863636363636,52.06818181818182,Dostonbek Kenjayev,24,Uzbek,AFC,Uzbekistan,Midfielder,179,78,Right,Urawa Red Diamonds,2354129,44
P00980,1218,2,3,8,0,0.29000000000000004,0.81,29,746,873,20,5,22,1,27,22,20,4,25,11,47,73,14,10,3,0,4,0,0,0,0,2,0.8536363636363636,0.0,3.534090909090909,0.43409090909090914,16.204545454545453,81.79545454545455,3.184090909090909,33.231818181818184,60.084090909090904,54.26363636363636,3.0727272727272723,69.85454545454546,61.86363636363637,70.12727272727273,57.152272727272724,Husniddin Nematov,23,Uzbek,AFC,Uzbekistan,Midfielder,169,68,Right,Al-Ahli,11610416,44
P00981,2010,2,5,26,2,0.9600000000000001,1.67,46,1306,1554,44,13,39,4,48,24,14,14,40,21,90,100,16,15,6,0,4,0,0,0,0,4,0.8513636363636364,0.0,5.381818181818182,0.6,23.16590909090909,85.24090909090908,4.363636363636363,43.77272727272727,61.71818181818182,55.60681818181818,5.006818181818182,64.43636363636364,69.60681818181818,68.9659090909091,55.01136363636363,Azizbek Sattorov,30,Uzbek,AFC,Uzbekistan,Midfielder,182,80,Left,Esteghlal,17342406,44
P00982,2106,1,3,28,4,0.71,0.81,34,926,1104,31,5,32,4,46,48,25,10,28,22,70,129,20,23,6,0,2,0,0,0,0,0,0.85,0.0,5.531818181818182,0.6409090909090909,22.431818181818183,81.99772727272727,4.088636363636364,41.49545454545454,41.220454545454544,38.94318181818182,2.5431818181818184,46.78636363636363,45.24318181818182,50.575,50.434090909090905,Bobir Rashidov,24,Uzbek,AFC,Uzbekistan,Midfielder,189,78,Right,Ulsan HD,5280961,44
P00983,1399,4,1,40,6,1.4100000000000001,1.05,22,410,566,41,11,2,0,14,5,5,4,21,8,30,28,11,10,3,0,4,0,0,0,0,4,0.7575,0.0,3.5454545454545454,0.3977272727272727,18.720454545454547,78.08636363636364,3.590909090909091,35.95454545454545,70.86363636363636,25.104545454545452,1.843181818181818,66.64318181818182,65.75909090909092,69.17272727272727,54.86363636363637,Eldor Kenjayev,30,Uzbek,AFC,Uzbekistan,Forward,171,70,Left,Bunyodkor,32391095,44
P00984,1809,6,4,50,9,1.75,0.78,23,515,673,67,26,3,0,13,5,5,4,21,18,40,27,26,11,4,0,5,0,0,0,0,1,0.7829545454545456,0.0,4.411363636363636,0.5159090909090909,19.856818181818184,83.25909090909092,3.9818181818181815,39.88863636363636,75.67272727272727,25.336363636363636,2.4022727272727273,64.92045454545455,62.127272727272725,73.84772727272728,58.597727272727276,Sardor Nematov,28,Uzbek,AFC,Uzbekistan,Forward,179,69,Right,Kawasaki Frontale,19914626,44
P00985,1306,2,1,18,2,1.9500000000000002,0.61,16,215,290,26,9,2,0,8,5,1,4,25,10,21,18,16,16,4,0,9,0,0,0,0,2,0.7770454545454545,0.0,3.459090909090909,0.4227272727272728,19.33409090909091,81.0340909090909,3.590909090909091,36.11818181818182,43.18181818181818,24.33409090909091,0.7136363636363636,40.15,37.60909090909091,43.038636363636364,53.87954545454545,Otabek Sattorov,35,Uzbek,AFC,Uzbekistan,Forward,182,73,Left,Persepolis,6863884,44
P00986,1532,9,6,60,11,1.8,1.56,27,592,804,68,28,5,0,17,8,5,3,21,19,44,33,14,10,4,0,12,0,0,0,0,6,0.7745454545454545,0.0,3.872727272727273,0.44090909090909086,17.056818181818183,82.14999999999999,3.565909090909091,36.29772727272727,86.36363636363636,24.406818181818185,3.588636363636364,85.06818181818181,81.0840909090909,89.19090909090909,61.60909090909092,Jaloliddin Rashidov,31,Uzbek,AFC,Uzbekistan,Forward,183,81,Right,Al-Ittihad,63199784,44
P00987,1951,5,2,37,4,1.4700000000000002,0.76,29,388,521,45,12,7,0,17,10,7,8,23,18,26,42,15,20,5,0,10,0,0,0,0,1,0.7786363636363636,0.0,5.2,0.6136363636363636,22.677272727272726,79.92727272727274,4.288636363636363,42.79545454545455,49.14772727272727,22.98409090909091,1.365909090909091,45.268181818181816,45.91136363636363,48.64090909090908,56.275,Dostonbek Kobilov,26,Uzbek,AFC,Uzbekistan,Forward,181,81,Right,Erbil SC,4081032,44
P00988,1882,9,4,23,1,2.56,0.8999999999999999,30,382,507,36,12,9,0,14,9,6,3,26,12,26,32,25,12,3,0,7,0,0,0,0,0,0.7899999999999999,0.0,4.615909090909091,0.5318181818181817,20.481818181818184,79.02499999999999,3.722727272727273,37.06363636363636,50.375,25.38181818181818,1.4090909090909092,46.31363636363636,45.28636363636363,49.08863636363637,53.33863636363637,Husniddin Nasrullaev,33,Uzbek,AFC,Uzbekistan,Forward,182,74,Right,Western Sydney Wanderers,10444601,44
P00989,1142,0,2,0,0,0.0,0.0,5,210,303,9,0,1,0,0,6,17,0,20,2,26,23,10,12,1,0,0,51,2,21,0,3,0.7207317073170731,0.2624390243902439,2.6951219512195124,0.3048780487804878,10.43170731707317,82.81463414634146,2.697560975609756,28.112195121951224,10.06829268292683,98.91951219512195,1.5170731707317073,94.9829268292683,29.953658536585365,97.34146341463415,58.21463414634147,Mohannad Hussein,27,Iraqi,AFC,Iraq,Goalkeeper,187,73,Right,Ulsan HD,39256189,41
P00990,851,0,0,0,0,0.0,0.0,0,158,221,6,0,4,0,0,4,8,0,9,4,21,12,13,6,4,2,2,34,3,18,3,0,0.7168292682926829,0.18170731707317073,1.9658536585365853,0.23658536585365855,7.636585365853659,80.4609756097561,1.8097560975609757,18.84878048780488,10.104878048780488,97.64390243902439,0.8048780487804879,83.44146341463414,29.407317073170734,90.4219512195122,57.05121951219512,Aymen Adnan,25,Iraqi,AFC,Iraq,Goalkeeper,191,78,Right,Al-Hilal,27043637,41
P00991,1131,0,0,0,0,0.0,0.0,1,219,330,3,0,6,0,0,4,20,0,19,4,22,24,13,9,3,0,4,51,3,18,4,0,0.7141463414634147,0.22975609756097562,2.6951219512195124,0.3024390243902439,10.621951219512194,78.44146341463414,2.653658536585366,27.887804878048783,9.74390243902439,99.0,1.2682926829268293,94.39512195121951,30.095121951219515,97.42682926829268,60.91463414634146,Ibrahim Mhawi,30,Iraqi,AFC,Iraq,Goalkeeper,190,81,Right,Kawasaki Frontale,47033556,41
P00992,1558,1,0,11,0,0.17,0.3,14,1022,1240,12,0,30,1,67,45,78,19,38,19,104,209,26,10,4,0,1,0,0,0,0,1,0.832439024390244,0.0,3.9463414634146345,0.44634146341463415,18.926829268292682,82.9780487804878,3.7804878048780486,38.28048780487805,47.81463414634147,94.26341463414634,5.409756097560975,84.10243902439024,30.170731707317074,87.82926829268293,57.81219512195123,Mohannad Al-Amiri,26,Iraqi,AFC,Iraq,Defender,186,80,Right,Western Sydney Wanderers,25133663,41
P00993,1838,0,0,7,0,0.06,0.22,4,592,747,10,0,32,1,74,58,94,19,51,31,72,245,28,17,6,0,4,0,0,0,0,0,0.8178048780487805,0.0,4.763414634146342,0.5439024390243903,23.690243902439022,83.48048780487804,4.275609756097562,42.890243902439025,25.13170731707317,51.451219512195124,1.726829268292683,45.99268292682927,30.24878048780488,48.670731707317074,51.47560975609756,Aymen Attwan,27,Iraqi,AFC,Iraq,Defender,180,77,Right,Melbourne City,2781845,41
P00994,1421,0,1,3,0,0.17,0.06,8,543,643,5,0,23,1,48,44,59,16,38,23,37,167,19,19,2,0,1,0,0,0,0,0,0.8421951219512196,0.0,3.8073170731707315,0.448780487804878,18.27560975609756,79.67560975609756,3.3317073170731706,33.53170731707317,25.82439024390244,53.52682926829268,1.3951219512195123,44.78292682926829,30.99512195121951,49.60243902439024,52.77073170731707,Ibrahim Daoud,29,Iraqi,AFC,Iraq,Defender,180,78,Right,Yokohama F. Marinos,2124773,41
P00995,1657,0,2,9,0,0.030000000000000002,0.12000000000000001,8,483,597,11,1,34,2,47,52,72,19,36,19,56,190,20,24,4,1,2,0,0,0,0,0,0.8209756097560975,0.0,4.278048780487805,0.5,20.17560975609756,79.10243902439024,3.68780487804878,37.43414634146341,22.351219512195122,45.74878048780488,1.2365853658536585,37.00487804878049,28.81951219512195,40.400000000000006,51.02926829268292,Ali Mohanad,27,Iraqi,AFC,Iraq,Defender,188,84,Left,Melbourne City,4300161,41
P00996,1599,0,1,9,0,0.0,0.22,1,445,548,6,0,26,0,41,43,93,18,45,15,51,195,15,13,5,0,2,0,0,0,0,1,0.8348780487804878,0.0,4.348780487804878,0.4951219512195122,20.03170731707317,80.69756097560975,3.887804878048781,39.08048780487805,20.997560975609755,45.9780487804878,1.0829268292682928,39.69024390243902,30.22439024390244,40.96341463414634,52.63170731707317,Amir Younis,28,Iraqi,AFC,Iraq,Defender,177,73,Right,Pohang Steelers,2038987,41
P00997,1758,1,3,12,0,0.19,0.04,10,624,780,6,0,32,3,51,40,72,22,47,25,61,185,16,19,2,0,0,0,0,0,0,0,0.8148780487804878,0.0,4.541463414634146,0.5170731707317073,20.59512195121951,82.01951219512196,3.702439024390244,37.87560975609756,25.148780487804874,53.943902439024384,1.8341463414634147,44.00731707317073,28.934146341463414,49.9390243902439,53.81219512195123,Safaa Abbas,23,Iraqi,AFC,Iraq,Defender,176,74,Right,Al-Hilal,3042229,41
P00998,1436,1,0,8,0,0.0,0.4,13,684,834,11,0,25,3,46,53,66,19,53,15,91,184,19,11,8,2,2,0,0,0,0,0,0.8202439024390245,0.0,3.5853658536585367,0.41707317073170735,16.851219512195122,81.34390243902439,3.202439024390244,32.546341463414635,34.885365853658534,74.45365853658537,3.204878048780488,65.77560975609757,29.068292682926828,69.51463414634146,57.353658536585364,Hussein Ibrahim,29,Iraqi,AFC,Iraq,Defender,190,78,Left,Jeonbuk Hyundai,26452992,41
P00999,1743,2,1,8,0,0.07,0.13,21,1312,1675,11,1,27,1,48,52,71,17,44,30,172,188,20,15,7,0,3,0,0,0,0,4,0.7958536585365854,0.0,4.424390243902439,0.4829268292682927,19.47073170731707,85.9609756097561,4.353658536585366,43.71951219512195,54.802439024390246,98.69999999999999,9.11219512195122,92.13658536585366,29.678048780487803,96.72682926829269,61.25609756097561,Ahmed Moutan,26,Iraqi,AFC,Iraq,Defender,187,80,Right,Al-Hilal,53746991,41
P01000,1397,3,1,7,1,0.03,0.05,10,688,860,7,0,20,0,49,39,58,12,35,12,83,158,16,9,3,1,1,0,0,0,0,2,0.8180487804878048,0.0,3.682926829268293,0.4585365853658537,16.492682926829268,81.87073170731706,3.1999999999999997,32.55853658536586,34.017073170731706,74.94634146341464,2.8390243902439027,65.24146341463415,31.136585365853655,70.89756097560976,54.74878048780487,Mustafa Natiq,29,Iraqi,AFC,Iraq,Defender,184,75,Left,Esteghlal,9993730,41
P01001,1564,2,3,25,2,0.67,1.63,46,1267,1502,45,11,17,0,39,24,15,11,30,10,90,89,31,14,3,0,5,0,0,0,0,0,0.8512195121951219,0.0,4.614634146341463,0.5634146341463415,20.848780487804877,84.37560975609756,4.495121951219512,44.73658536585366,79.0390243902439,69.11951219512196,7.134146341463414,82.22682926829269,82.6219512195122,90.15609756097561,56.707317073170735,Mohannad Al-Saadi,29,Iraqi,AFC,Iraq,Midfielder,175,79,Right,Ulsan HD,30647464,41
P01002,1058,1,3,19,0,0.3,1.3800000000000001,32,822,1009,29,7,20,0,27,16,4,13,27,7,61,60,19,5,2,0,0,0,0,0,0,1,0.836829268292683,0.0,3.2609756097560973,0.35609756097560974,15.529268292682929,82.69999999999999,3.2658536585365856,33.08536585365854,77.75365853658536,67.29756097560976,4.904878048780487,86.09024390243901,80.52439024390245,91.50975609756098,56.91219512195122,Aymen Kasid,28,Iraqi,AFC,Iraq,Midfielder,181,75,Right,Ulsan HD,25276368,41
P01003,1466,1,1,12,1,0.4,0.76,9,615,744,17,2,30,2,29,30,15,16,23,10,47,90,17,16,2,0,1,0,0,0,0,0,0.8539024390243902,0.0,4.4609756097560975,0.5317073170731708,18.758536585365853,80.74878048780488,3.451219512195122,36.08048780487805,42.96585365853658,40.02682926829268,1.6121951219512194,45.517073170731706,45.75365853658537,48.58780487804878,52.275609756097566,Ibrahim Taher,31,Iraqi,AFC,Iraq,Midfielder,185,78,Left,Al-Nassr,3655581,41
P01004,1413,0,3,18,2,0.5,0.78,27,830,984,32,9,21,0,40,20,18,4,18,12,55,82,15,13,4,0,1,0,0,0,0,0,0.848780487804878,0.0,3.9439024390243897,0.4829268292682927,18.734146341463415,81.62682926829268,3.6219512195121952,37.456097560975614,58.75121951219513,57.98780487804878,3.5341463414634147,67.28780487804879,63.19024390243903,71.57560975609756,56.84878048780488,Ali Al-Timimi,24,Iraqi,AFC,Iraq,Midfielder,187,80,Right,Erbil SC,5736751,41
P01005,1704,4,3,19,0,0.65,0.89,32,1005,1195,44,11,28,0,42,32,23,10,29,11,79,107,21,15,2,0,6,0,0,0,0,0,0.8478048780487805,0.0,5.204878048780488,0.5878048780487806,25.309756097560978,85.26585365853659,4.995121951219512,49.546341463414635,61.548780487804876,55.3609756097561,4.185365853658537,62.924390243902444,64.90487804878049,72.26097560975609,53.326829268292684,Amir Majeed,27,Iraqi,AFC,Iraq,Midfielder,177,73,Right,Sydney FC,8190457,41
P01006,1123,3,5,14,1,0.8499999999999999,1.3,24,695,834,26,8,19,2,29,17,15,7,21,14,48,68,13,7,2,0,3,0,0,0,0,2,0.8539024390243902,0.0,3.3731707317073174,0.3926829268292683,15.058536585365854,82.80243902439025,2.9878048780487805,30.19268292682927,59.76341463414634,52.51219512195122,2.846341463414634,68.97317073170731,62.24878048780487,69.63658536585366,57.94878048780488,Safaa Al-Khafaji,20,Iraqi,AFC,Iraq,Midfielder,176,72,Right,Bunyodkor,18303109,41
P01007,1558,1,2,14,1,0.3,0.75,23,589,721,19,3,23,0,41,19,19,9,25,21,53,88,18,12,7,0,1,0,0,0,0,0,0.8309756097560975,0.0,4.475609756097561,0.4780487804878049,20.497560975609755,83.91707317073171,3.707317073170732,37.582926829268295,42.329268292682926,40.380487804878044,1.9048780487804877,46.72195121951219,44.082926829268295,47.541463414634144,51.882926829268285,Hussein Sadiq,25,Iraqi,AFC,Iraq,Midfielder,185,80,Left,Kawasaki Frontale,2919018,41
P01008,1459,3,0,21,0,0.8400000000000001,1.51,33,877,1049,39,12,24,1,45,27,19,9,20,17,63,100,17,12,4,0,3,0,0,0,0,1,0.8500000000000001,0.0,4.441463414634146,0.5097560975609756,20.282926829268295,85.54878048780488,4.048780487804878,40.80487804878049,60.05853658536586,52.05853658536586,3.8560975609756096,67.37317073170732,65.56829268292684,69.05121951219512,56.78780487804878,Ahmed Hussein,26,Iraqi,AFC,Iraq,Midfielder,173,77,Left,Al-Duhail,9162130,41
P01009,1396,15,10,53,9,2.13,1.6600000000000001,37,661,874,79,39,2,0,9,5,6,4,19,16,59,24,4,11,5,0,3,0,0,0,0,12,0.7631707317073171,0.0,3.8146341463414637,0.4146341463414634,18.32439024390244,86.98780487804878,4.270731707317073,43.356097560975606,98.21951219512195,24.839024390243903,5.780487804878049,94.68048780487806,91.30000000000001,97.58536585365853,59.14146341463415,Mohannad Majeed,18,Iraqi,AFC,Iraq,Forward,187,75,Right,Al-Ahli,71687038,41
P01010,1680,2,2,63,14,2.55,1.25,30,472,608,48,17,8,0,13,9,1,2,27,12,37,25,18,8,6,0,12,0,0,0,0,1,0.7975609756097561,0.0,4.546341463414635,0.5121951219512195,22.39268292682927,84.0780487804878,4.541463414634146,46.56829268292683,73.62439024390244,24.036585365853657,2.5658536585365854,67.48780487804878,65.02926829268293,68.88292682926829,60.54390243902439,Aymen Al-Khafaji,26,Iraqi,AFC,Iraq,Forward,184,83,Right,Al-Ahli,24086325,41
P01011,1540,4,4,39,7,2.44,0.54,19,454,604,38,10,4,0,10,12,4,2,21,16,25,28,21,16,3,0,14,0,0,0,0,2,0.7690243902439025,0.0,3.9073170731707316,0.4634146341463415,19.148780487804878,82.67804878048781,3.7390243902439027,37.87317073170732,73.76341463414634,27.314634146341465,2.0902439024390245,68.77317073170731,64.01219512195122,67.87073170731706,57.64878048780488,Ibrahim Sadiq,32,Iraqi,AFC,Iraq,Forward,175,73,Right,Bunyodkor,11418648,41
P01012,1672,3,1,40,6,1.6700000000000002,1.39,18,282,384,31,7,4,0,11,6,10,2,29,11,26,29,22,11,7,0,9,0,0,0,0,1,0.7639024390243903,0.0,4.126829268292683,0.5146341463414634,20.273170731707317,81.69024390243902,3.7878048780487807,38.22926829268293,43.68292682926829,26.917073170731705,0.9341463414634146,39.141463414634146,41.63170731707317,42.25121951219512,54.14146341463415,Ali Hussein,24,Iraqi,AFC,Iraq,Forward,171,69,Right,Yokohama F. Marinos,3080894,41
P01013,1728,4,4,48,10,2.4699999999999998,1.01,31,531,689,65,24,8,0,22,9,7,5,22,19,44,43,23,18,8,0,10,0,0,0,0,1,0.7780487804878048,0.0,4.619512195121952,0.5414634146341464,19.821951219512197,81.65609756097561,3.9317073170731707,39.68292682926829,70.29512195121951,25.463414634146343,2.9317073170731707,64.13414634146342,64.31463414634146,69.43170731707316,55.37317073170731,Amir Adnan,26,Iraqi,AFC,Iraq,Forward,176,76,Left,Esteghlal,17633458,41
P01014,1600,11,4,44,7,2.84,0.93,33,460,601,59,21,5,0,13,4,3,5,24,11,31,25,18,9,3,0,10,0,0,0,0,3,0.776829268292683,0.0,4.419512195121951,0.524390243902439,20.621951219512194,83.6219512195122,4.173170731707317,41.9780487804878,70.03170731707317,24.77560975609756,2.5878048780487806,63.94146341463414,68.29024390243903,71.20975609756097,55.72682926829269,Safaa Mhawi,26,Iraqi,AFC,Iraq,Forward,184,75,Left,Esteghlal,11619579,41
P01015,495,0,0,0,0,0.0,0.0,1,97,135,1,0,2,0,0,3,12,0,4,4,9,15,5,6,2,0,1,23,1,7,1,0,0.7431578947368421,0.115,1.2052631578947368,0.12631578947368421,4.723684210526316,79.10526315789474,1.0947368421052632,12.052631578947368,9.655263157894737,98.99473684210527,0.6447368421052632,90.6236842105263,28.394736842105264,96.81052631578947,59.51315789473684,Sadio Koulibaly,24,Senegalese,CAF,Senegal,Goalkeeper,185,79,Right,MC Alger,84425124,38
P01016,1558,0,0,0,0,0.0,0.0,6,334,463,8,1,4,0,0,6,27,0,18,3,38,33,15,15,4,1,1,76,1,25,2,0,0.7405263157894737,0.35789473684210527,3.918421052631579,0.45526315789473687,15.428947368421051,81.10263157894737,3.8210526315789473,39.16315789473684,9.93421052631579,99.0,2.5078947368421054,94.74736842105263,30.93421052631579,96.15263157894738,57.555263157894736,Kalidou Mendy,25,Senegalese,CAF,Senegal,Goalkeeper,191,79,Right,TP Mazembe,31261966,38
P01017,912,0,1,0,0,0.0,0.0,3,174,237,3,0,2,0,0,6,15,0,12,2,24,21,11,7,3,0,3,46,2,17,1,0,0.7286842105263158,0.2405263157894737,2.360526315789474,0.2736842105263158,9.339473684210526,81.0421052631579,1.760526315789474,17.98157894736842,8.905263157894737,47.6578947368421,0.5184210526315789,38.73157894736842,28.997368421052634,40.73947368421052,54.86578947368421,Idrissa Sarr,28,Senegalese,CAF,Senegal,Goalkeeper,189,82,Right,Orlando Pirates,975312,38
P01018,1166,0,1,9,0,0.01,0.21,9,390,494,6,0,17,0,41,34,52,9,38,13,48,136,10,11,3,0,0,0,0,0,0,1,0.8239473684210527,0.0,3.413157894736842,0.39999999999999997,19.878947368421052,79.56842105263158,3.486842105263158,35.16842105263158,25.3,52.23157894736842,1.3842105263157896,46.16842105263158,29.173684210526314,49.455263157894734,57.45789473684211,Sadio Diatta,28,Senegalese,CAF,Senegal,Defender,181,77,Right,Kaizer Chiefs,8080708,38
P01019,1435,1,1,9,0,0.05,0.21,11,719,873,9,0,25,1,49,34,74,19,44,11,78,176,17,13,9,1,4,0,0,0,0,0,0.8321052631578948,0.0,3.9710526315789476,0.47105263157894733,21.455263157894734,83.41052631578947,4.105263157894737,40.90526315789474,35.64473684210526,75.51842105263158,3.1605263157894736,65.38684210526316,31.394736842105264,67.52105263157895,54.46315789473684,Kalidou Mendy,25,Senegalese,CAF,Senegal,Defender,179,75,Right,ES Tunis,8887392,38
P01020,1640,3,2,11,1,0.08,0.39,11,1050,1297,2,0,26,1,51,52,68,11,45,23,107,182,19,8,2,0,2,0,0,0,0,4,0.8168421052631579,0.0,4.631578947368421,0.5210526315789474,21.542105263157897,83.08947368421053,4.3052631578947365,43.25526315789474,48.242105263157896,93.86052631578947,5.7368421052631575,86.77105263157895,30.52894736842105,89.4578947368421,58.421052631578945,Idrissa N'Diaye,22,Senegalese,CAF,Senegal,Defender,182,80,Left,Gor Mahia,44159910,38
P01021,1506,2,0,9,1,0.19,0.09,12,783,959,9,1,24,1,60,49,77,16,43,15,80,202,13,17,5,0,4,0,0,0,0,0,0.8331578947368421,0.0,4.3,0.4973684210526315,21.41578947368421,84.44210526315788,4.1078947368421055,40.92631578947368,33.09473684210526,75.64999999999999,3.3736842105263154,68.30263157894737,29.360526315789475,73.56052631578947,56.997368421052634,Edouard Cisse,31,Senegalese,CAF,Senegal,Defender,187,80,Right,Raja Casablanca,8146955,38
P01022,1273,2,3,6,0,0.22999999999999998,0.01,12,821,1015,3,0,19,0,44,34,49,12,28,23,97,139,20,10,4,0,2,0,0,0,0,5,0.8097368421052632,0.0,3.8157894736842106,0.46578947368421053,19.723684210526315,82.36842105263158,4.186842105263158,42.16578947368421,49.44210526315789,92.82894736842105,4.834210526315789,83.98684210526316,29.260526315789477,86.07631578947368,61.43421052631579,Boulaye Niang,36,Senegalese,CAF,Senegal,Defender,180,75,Left,ASEC Mimosas,23882475,38
P01023,1562,0,1,11,0,0.06,0.68,18,978,1182,7,0,25,1,55,45,64,20,51,21,120,184,16,10,2,0,4,0,0,0,0,0,0.8342105263157894,0.0,4.439473684210526,0.5105263157894737,21.01578947368421,84.8578947368421,4.386842105263158,44.810526315789474,48.08157894736842,92.44736842105263,5.7973684210526315,83.85000000000001,29.581578947368417,89.57894736842105,58.18684210526315,Pape Gomis,22,Senegalese,CAF,Senegal,Defender,175,74,Left,ASEC Mimosas,55313325,38
P01024,1502,2,1,5,0,0.11,0.04,12,740,926,9,0,24,1,54,43,68,13,44,28,85,178,10,11,7,0,2,0,0,0,0,0,0.8147368421052632,0.0,4.226315789473684,0.45526315789473687,17.876315789473683,81.31842105263158,3.392105263157895,34.86578947368421,34.96842105263158,74.82368421052632,3.4763157894736842,69.84473684210526,29.150000000000002,70.67894736842106,56.97631578947368,Ferland Sow,32,Senegalese,CAF,Senegal,Defender,182,75,Left,Gor Mahia,24985556,38
P01025,1851,1,0,11,0,0.03,0.03,21,1117,1377,12,0,34,3,56,46,96,28,56,20,148,226,32,16,3,0,2,0,0,0,0,2,0.8147368421052632,0.0,5.042105263157895,0.5947368421052632,23.294736842105266,86.3736842105263,4.705263157894737,48.0,42.69210526315789,93.26842105263158,7.344736842105264,84.53684210526316,30.010526315789477,87.60000000000001,57.81052631578948,Ismaila Ba,29,Senegalese,CAF,Senegal,Defender,185,81,Left,Al-Masry,84380961,38
P01026,1427,1,2,5,0,0.04,0.24,9,700,880,9,1,19,1,40,37,65,20,49,17,70,162,11,17,8,0,1,0,0,0,0,1,0.8147368421052632,0.0,3.7684210526315787,0.41578947368421054,21.355263157894736,85.77368421052631,4.247368421052632,42.82631578947369,37.05526315789474,73.69473684210527,3.134210526315789,66.13684210526316,31.586842105263155,73.61842105263158,55.48684210526316,Moussa Fall,30,Senegalese,CAF,Senegal,Defender,183,77,Right,Gor Mahia,9111599,38
P01027,1603,2,1,11,1,0.38,1.23,19,557,673,19,3,29,1,31,26,25,7,28,9,47,89,26,18,2,0,2,0,0,0,0,2,0.848421052631579,0.0,5.15,0.6105263157894737,21.871052631578948,81.90263157894738,4.097368421052631,41.44210526315789,35.949999999999996,33.6578947368421,1.5842105263157895,39.35526315789474,38.602631578947374,43.27894736842105,51.79210526315789,Sadio Sabaly,25,Senegalese,CAF,Senegal,Midfielder,174,73,Right,Al-Hilal Omdurman,3633424,38
P01028,1195,5,2,9,1,0.41000000000000003,1.42,27,786,913,25,3,17,1,32,13,18,7,24,5,57,70,12,19,2,0,4,0,0,0,0,2,0.8742105263157894,0.0,3.8894736842105266,0.4473684210526316,18.597368421052632,82.28157894736842,3.681578947368421,36.08684210526316,57.078947368421055,56.01578947368421,3.371052631578947,64.47105263157896,62.70263157894736,70.2,56.11052631578947,Kalidou Diallo,21,Senegalese,CAF,Senegal,Midfielder,182,79,Right,MC Alger,21460633,38
P01029,1266,2,6,14,0,0.5700000000000001,0.68,29,782,945,25,5,22,1,26,16,16,5,13,17,61,63,15,12,4,0,3,0,0,0,0,3,0.8394736842105263,0.0,4.131578947368421,0.4868421052631579,17.11842105263158,82.63157894736842,3.3736842105263154,34.257894736842104,60.321052631578944,54.61052631578947,3.6526315789473687,66.53157894736842,66.08947368421053,71.21315789473684,56.6,Idrissa Dia,22,Senegalese,CAF,Senegal,Midfielder,182,74,Right,ES Tunis,8228535,38
P01030,2051,5,6,23,2,0.56,1.77,59,1220,1452,53,13,35,4,41,33,17,11,46,20,100,102,37,15,4,1,2,0,0,0,0,4,0.848157894736842,0.0,6.368421052631579,0.6947368421052632,25.789473684210527,83.21315789473684,4.821052631578947,48.0921052631579,59.497368421052634,56.1578947368421,6.389473684210526,66.67368421052632,65.26578947368421,72.38947368421053,56.276315789473685,Edouard Ndiaye,30,Senegalese,CAF,Senegal,Midfielder,177,74,Left,JS Kabylie,6919469,38
P01031,1498,1,0,11,1,0.11,1.15,34,660,779,32,8,31,1,25,27,13,6,21,14,48,71,12,8,2,0,2,0,0,0,0,0,0.8505263157894737,0.0,4.934210526315789,0.5342105263157895,19.676315789473687,83.24473684210527,3.6789473684210527,37.113157894736844,39.92631578947368,39.67368421052631,2.3473684210526318,45.35,45.72894736842105,48.58421052631579,55.41315789473685,Boulaye Diouf,30,Senegalese,CAF,Senegal,Midfielder,176,71,Left,ASEC Mimosas,7754653,38
P01032,803,1,2,4,0,0.26,0.25,12,268,312,10,3,13,0,14,18,7,6,15,8,22,45,7,6,2,0,1,0,0,0,0,0,0.8592105263157894,0.0,2.460526315789474,0.3105263157894737,11.873684210526315,78.4421052631579,2.1605263157894736,22.510526315789473,35.86052631578948,33.53157894736842,0.7710526315789474,40.28421052631579,41.66842105263158,42.421052631578945,52.97105263157895,Pape Faye,22,Senegalese,CAF,Senegal,Midfielder,178,74,Left,TP Mazembe,4603871,38
P01033,1618,2,2,20,0,0.4,1.1600000000000001,26,677,823,29,7,38,4,35,30,15,7,26,19,50,87,29,14,1,1,1,0,0,0,0,2,0.8431578947368421,0.0,4.989473684210526,0.6105263157894737,19.602631578947367,83.73947368421052,3.586842105263158,36.15526315789474,40.99736842105263,38.13947368421052,2.2078947368421056,46.01578947368421,43.13947368421052,48.98947368421052,53.48421052631579,Ferland Seck,23,Senegalese,CAF,Senegal,Midfielder,185,79,Right,Wydad Casablanca,2884880,38
P01034,1568,0,2,17,2,0.52,1.21,21,651,790,31,8,29,4,45,30,16,11,20,8,44,102,20,10,3,0,1,0,0,0,0,1,0.8513157894736842,0.0,4.707894736842105,0.5078947368421053,18.778947368421054,82.35263157894737,3.365789473684211,33.78947368421053,45.01578947368421,35.17368421052631,2.0421052631578944,46.77894736842105,46.97105263157895,47.48684210526316,53.19736842105263,Ismaila Koulibaly,25,Senegalese,CAF,Senegal,Midfielder,177,72,Right,Zamalek,1872776,38
P01035,1602,8,8,67,15,2.27,2.39,31,619,847,71,28,6,0,21,6,2,3,19,15,24,32,7,14,5,0,9,0,0,0,0,3,0.743421052631579,0.0,4.552631578947368,0.48947368421052634,18.281578947368423,84.15789473684211,3.905263157894737,38.992105263157896,89.16842105263159,24.13157894736842,4.21578947368421,85.99473684210527,80.15789473684211,86.77631578947368,56.215789473684204,Sadio Diouf,24,Senegalese,CAF,Senegal,Forward,180,71,Right,TP Mazembe,31138172,38
P01036,1468,4,0,27,2,0.81,1.19,17,307,411,35,10,4,0,17,7,5,4,33,12,23,33,18,17,9,0,9,0,0,0,0,3,0.7807894736842106,0.0,4.28421052631579,0.4973684210526316,20.46315789473684,81.40789473684211,3.7421052631578946,37.63421052631579,52.20263157894737,25.955263157894734,1.2394736842105263,45.973684210526315,44.58947368421053,47.71842105263158,52.84473684210526,Kalidou Faye,25,Senegalese,CAF,Senegal,Forward,165,66,Right,Mamelodi Sundowns,4846987,38
P01037,1560,1,1,27,4,0.88,0.39,10,260,371,27,8,3,0,15,5,6,7,23,20,20,33,20,16,1,0,4,0,0,0,0,0,0.758157894736842,0.0,4.515789473684211,0.5552631578947369,21.69473684210526,81.3078947368421,3.892105263157895,40.123684210526314,44.61052631578948,24.42105263157895,0.7842105263157895,38.96315789473684,38.402631578947364,42.25,51.71052631578947,Idrissa Seck,31,Senegalese,CAF,Senegal,Forward,163,71,Right,Kaizer Chiefs,6123607,38
P01038,1285,3,2,26,2,0.62,0.46,17,239,314,19,4,3,0,13,3,5,3,27,10,16,24,16,10,4,0,5,0,0,0,0,2,0.7868421052631579,0.0,3.6026315789473684,0.4342105263157895,19.839473684210525,79.42894736842106,3.573684210526316,36.07368421052632,40.81315789473685,25.128947368421052,0.7868421052631579,42.01052631578948,39.99473684210526,42.12105263157895,53.05526315789474,Edouard Koulibaly,34,Senegalese,CAF,Senegal,Forward,170,71,Left,Mamelodi Sundowns,8684872,38
P01039,1094,8,1,28,4,0.9500000000000001,0.76,15,318,415,45,16,2,0,5,10,2,6,12,9,21,23,11,12,5,0,8,0,0,0,0,2,0.7794736842105263,0.0,3.1473684210526316,0.37105263157894736,17.563157894736843,83.92368421052632,3.3000000000000003,33.544736842105266,72.23157894736842,24.80263157894737,1.5842105263157893,66.08421052631579,64.61842105263158,68.23421052631579,55.64473684210526,Boulaye Mendy,24,Senegalese,CAF,Senegal,Forward,180,77,Left,ES Tunis,13286443,38
P01040,1362,8,4,72,15,3.08,0.9,43,663,834,75,32,3,0,15,3,6,6,24,9,45,30,14,14,4,0,7,0,0,0,0,5,0.7871052631578948,0.0,3.884210526315789,0.46578947368421053,20.58157894736842,83.99473684210527,4.678947368421053,47.72631578947369,98.22368421052632,25.481578947368423,6.447368421052632,93.57631578947368,95.96315789473684,97.47631578947369,61.71052631578947,Pape Sarr,27,Senegalese,CAF,Senegal,Forward,186,78,Right,Orlando Pirates,44198676,38
P01041,1047,0,0,0,0,0.0,0.0,6,199,285,5,0,4,0,0,3,16,0,15,5,23,19,7,7,5,0,3,29,6,11,1,0,0.7147272727272728,0.12945454545454546,1.761818181818182,0.19090909090909092,7.034545454545454,77.53272727272727,1.509090909090909,16.107272727272726,9.825454545454544,56.165454545454544,0.4781818181818182,46.45454545454545,30.065454545454543,49.32909090909091,52.31636363636364,Achraf Saiss,30,Moroccan,CAF,Morocco,Goalkeeper,188,78,Right,Zamalek,2480872,55
P01042,1346,0,0,0,0,0.0,0.0,4,223,332,3,0,4,0,0,5,25,0,24,9,27,30,18,14,4,0,0,62,7,16,3,0,0.7216363636363636,0.23199999999999998,2.361818181818182,0.2727272727272727,9.921818181818182,78.98363636363636,2.0109090909090908,20.885454545454547,10.276363636363637,55.441818181818185,0.5345454545454545,45.74727272727272,31.14909090909091,50.165454545454544,55.50363636363636,Romain Amrabat,26,Moroccan,CAF,Morocco,Goalkeeper,187,73,Right,ASEC Mimosas,3417291,55
P01043,1708,0,0,0,0,0.0,0.0,5,336,462,8,1,4,0,0,5,29,0,30,3,30,34,20,15,4,0,4,64,7,26,3,0,0.741090909090909,0.26436363636363636,2.8363636363636364,0.3018181818181818,11.97090909090909,76.52000000000001,2.441818181818182,24.894545454545455,10.156363636363636,48.041818181818186,0.6018181818181818,39.014545454545456,30.696363636363635,42.25636363636364,51.550909090909094,Nayef Ziyech,28,Moroccan,CAF,Morocco,Goalkeeper,189,78,Left,Mamelodi Sundowns,1555212,55
P01044,2366,2,2,13,0,0.0,0.39,23,1200,1465,12,1,29,0,107,81,109,25,83,33,117,322,29,21,7,0,4,0,0,0,0,2,0.8267272727272728,0.0,4.512727272727273,0.5127272727272727,21.656363636363636,84.84727272727274,4.154545454545454,42.24727272727272,33.99636363636363,74.91818181818182,3.7072727272727275,69.11454545454546,28.869090909090907,72.2,58.760000000000005,Achraf Bounou,29,Moroccan,CAF,Morocco,Defender,190,79,Right,Orlando Pirates,13987052,55
P01045,2130,1,0,9,0,0.01,0.42000000000000004,12,1037,1278,10,1,30,0,71,64,89,27,66,28,105,251,35,24,3,0,5,0,0,0,0,0,0.8201818181818181,0.0,3.9654545454545453,0.44181818181818183,18.138181818181817,84.23272727272727,3.5509090909090912,35.82727272727273,36.14727272727273,75.52000000000001,3.0745454545454542,66.27818181818182,29.423636363636362,70.28909090909092,56.92363636363637,Romain Mazraoui,33,Moroccan,CAF,Morocco,Defender,188,81,Right,Gor Mahia,10590344,55
P01046,2316,0,0,21,0,0.02,0.19999999999999998,11,810,1002,10,1,36,3,77,67,112,20,70,31,88,276,37,13,9,0,0,0,0,0,0,0,0.8170909090909091,0.0,4.470909090909091,0.4909090909090909,19.574545454545454,80.40363636363637,3.4927272727272727,35.45272727272727,24.383636363636363,52.86545454545455,1.7745454545454544,46.67090909090909,28.845454545454544,47.67090909090909,52.11090909090909,Nayef Boufal,28,Moroccan,CAF,Morocco,Defender,183,76,Right,Al-Masry,5261191,55
P01047,1743,0,1,4,0,0.24000000000000002,0.12000000000000001,5,612,751,7,0,26,1,74,54,81,21,46,26,71,230,25,13,11,1,3,0,0,0,0,0,0.8227272727272728,0.0,3.310909090909091,0.4,18.825454545454548,80.89090909090909,3.4745454545454546,35.7,25.474545454545453,53.525454545454544,1.2963636363636364,46.69636363636364,29.34,47.83090909090909,52.72181818181818,Sofyan Hakimi,27,Moroccan,CAF,Morocco,Defender,183,77,Right,Zamalek,2957986,55
P01048,1787,1,0,11,0,0.16999999999999998,0.060000000000000005,9,905,1120,8,1,14,0,65,56,90,23,48,27,77,234,15,6,4,0,1,0,0,0,0,1,0.8110909090909091,0.0,3.470909090909091,0.39454545454545453,17.214545454545455,82.84363636363636,3.258181818181818,32.80909090909091,34.018181818181816,72.38363636363636,2.629090909090909,69.05090909090909,33.012727272727275,70.80727272727273,54.405454545454546,Yassine Dari,32,Moroccan,CAF,Morocco,Defender,181,74,Right,Wydad Casablanca,3240864,55
P01049,1899,1,4,8,0,0.06,0.59,23,1436,1806,14,2,29,1,77,55,96,22,56,27,160,250,18,19,6,1,4,0,0,0,0,1,0.8076363636363637,0.0,3.576363636363636,0.4127272727272727,18.42909090909091,83.30727272727272,4.125454545454546,41.81636363636364,51.836363636363636,98.59636363636363,7.1909090909090905,94.39818181818181,28.156363636363636,98.1109090909091,62.056363636363635,Hakim Ezzalzouli,26,Moroccan,CAF,Morocco,Defender,184,73,Right,Wydad Casablanca,79514063,55
P01050,1696,0,0,5,0,0.08,0.09999999999999999,11,605,745,7,0,32,0,50,47,85,28,35,19,52,210,26,16,7,1,2,0,0,0,0,0,0.8336363636363636,0.0,3.3309090909090906,0.42363636363636364,18.323636363636364,81.22000000000001,3.4072727272727272,34.57636363636364,25.252727272727274,52.872727272727275,1.2254545454545456,45.60727272727273,32.18545454545455,49.625454545454545,54.74181818181818,Noussair El Khannouss,23,Moroccan,CAF,Morocco,Defender,180,74,Left,Club Africain,2970061,55
P01051,2457,1,0,15,0,0.23,0.44,21,1186,1469,13,1,41,1,85,76,105,25,64,38,121,291,36,17,11,0,4,0,0,0,0,0,0.8274545454545454,0.0,4.705454545454546,0.5763636363636363,21.76727272727273,83.53999999999999,4.258181818181818,42.69818181818182,34.93818181818182,75.15818181818182,3.6836363636363636,66.64363636363636,29.772727272727273,69.04545454545455,55.87818181818182,Selim Benoun,24,Moroccan,CAF,Morocco,Defender,185,75,Left,Gor Mahia,6526379,55
P01052,2255,0,1,12,0,0.0,0.44,11,1116,1375,19,3,40,1,81,46,111,28,66,27,136,266,27,26,6,0,1,0,0,0,0,0,0.8201818181818181,0.0,4.198181818181818,0.4981818181818182,20.316363636363636,81.82363636363637,4.010909090909091,40.80909090909091,36.54181818181818,74.87454545454545,3.5654545454545454,67.71818181818182,29.852727272727275,70.41090909090909,55.61636363636364,Azzedine Riad,24,Moroccan,CAF,Morocco,Defender,184,76,Left,Gor Mahia,6360926,55
P01053,2038,2,8,36,2,0.59,1.35,41,1189,1405,43,11,34,1,65,41,28,3,33,19,112,137,27,12,8,0,1,0,0,0,0,3,0.8623636363636363,0.0,4.432727272727273,0.4709090909090909,20.26727272727273,81.97999999999999,4.0181818181818185,40.79454545454545,60.67818181818182,54.85272727272727,3.8872727272727277,63.58,63.41272727272727,70.41636363636364,59.01272727272727,Achraf Amellah,24,Moroccan,CAF,Morocco,Midfielder,186,77,Left,JS Kabylie,20874115,55
P01054,2636,5,3,46,6,1.23,1.51,83,2068,2496,90,30,49,5,66,46,32,15,39,24,162,159,32,19,7,1,2,0,0,0,0,4,0.8501818181818181,0.0,5.7272727272727275,0.6654545454545455,22.880000000000003,84.07818181818182,4.87090909090909,48.96,79.96000000000001,68.57272727272728,9.2,82.4109090909091,79.79818181818182,91.01818181818182,59.27454545454545,Romain Aboukhlal,18,Moroccan,CAF,Morocco,Midfielder,183,85,Right,TP Mazembe,46433213,55
P01055,1985,3,2,19,2,0.18,1.06,24,836,994,29,7,31,0,56,30,28,7,23,24,57,121,21,17,5,0,1,0,0,0,0,2,0.8616363636363636,0.0,4.26,0.4763636363636364,21.674545454545452,81.73272727272727,4.0618181818181816,40.63272727272727,42.74363636363636,37.13818181818181,1.761818181818182,46.40181818181818,44.18181818181818,47.1,52.18909090909091,Nayef Saibari,24,Moroccan,CAF,Morocco,Midfielder,175,70,Right,ASEC Mimosas,3938028,55
P01056,2177,6,6,37,3,1.04,2.09,80,1741,2089,68,22,27,0,52,33,24,7,34,25,117,116,28,25,4,0,4,0,0,0,0,4,0.843090909090909,0.0,4.572727272727272,0.5327272727272727,20.512727272727272,82.22181818181818,4.381818181818182,44.39272727272727,73.38727272727273,68.53999999999999,7.974545454545455,86.40545454545455,79.35272727272726,88.6109090909091,60.19636363636364,Sofyan Chair,28,Moroccan,CAF,Morocco,Midfielder,191,79,Left,Gor Mahia,19794234,55
P01057,2200,5,13,35,3,1.73,3.02,75,1737,2051,77,24,38,0,60,47,24,9,42,13,142,140,27,15,4,0,3,0,0,0,0,4,0.8505454545454546,0.0,4.8163636363636355,0.5290909090909092,21.869090909090907,84.15636363636364,4.614545454545455,46.79272727272727,80.32909090909092,69.04727272727273,8.083636363636364,83.30363636363636,82.86,89.54727272727273,60.276363636363634,Yassine El Yamiq,19,Moroccan,CAF,Morocco,Midfielder,177,77,Right,Al-Hilal Omdurman,21194147,55
P01058,1776,1,1,23,2,0.85,2.6,25,1077,1296,48,14,29,2,36,36,21,11,23,12,69,104,17,23,5,0,1,0,0,0,0,0,0.8367272727272728,0.0,3.8854545454545453,0.45454545454545453,18.212727272727275,84.70363636363636,3.4927272727272727,35.21818181818182,59.06363636363636,54.845454545454544,3.1127272727272723,66.1,66.31272727272727,70.16181818181818,55.68909090909091,Hakim Aguerd,21,Moroccan,CAF,Morocco,Midfielder,182,78,Left,TP Mazembe,16376317,55
P01059,1946,2,1,15,1,0.4700000000000001,0.9299999999999999,24,698,843,32,9,26,0,46,34,31,11,28,26,44,122,13,17,5,0,3,0,0,0,0,1,0.8483636363636363,0.0,3.941818181818182,0.44545454545454544,18.343636363636364,79.80545454545455,3.401818181818182,34.627272727272725,36.31454545454545,32.265454545454546,1.3290909090909089,39.86181818181819,40.64727272727273,42.99090909090909,53.36363636363637,Noussair Chibi,22,Moroccan,CAF,Morocco,Midfielder,182,75,Right,Al-Hilal Omdurman,3323569,55
P01060,1786,1,1,29,1,0.6900000000000001,3.0,56,1419,1675,54,14,20,1,36,20,26,9,34,14,120,91,17,14,4,1,0,0,0,0,0,1,0.8565454545454545,0.0,3.918181818181818,0.44545454545454544,16.945454545454545,79.53818181818183,3.6218181818181816,37.42545454545455,77.83090909090909,69.61818181818182,6.14,83.14727272727274,81.80727272727272,88.1509090909091,60.86545454545455,Selim Saiss,21,Moroccan,CAF,Morocco,Midfielder,186,82,Right,Al-Hilal Omdurman,62179334,55
P01061,1931,8,3,63,12,4.9,1.25,29,560,753,56,16,5,0,21,8,12,5,32,15,39,46,22,19,10,0,9,0,0,0,0,4,0.7723636363636363,0.0,3.9363636363636365,0.44181818181818183,20.836363636363636,83.18909090909091,4.092727272727273,41.28909090909091,71.57818181818182,25.8,2.0763636363636366,67.01272727272728,64.36909090909091,68.13272727272728,54.46363636363636,Achraf El Yamiq,21,Moroccan,CAF,Morocco,Forward,181,72,Right,Wydad Casablanca,21996955,55
P01062,2291,6,4,33,1,1.9,0.93,18,398,538,35,11,6,0,22,7,10,3,35,20,36,42,29,27,2,1,9,0,0,0,0,2,0.7754545454545454,0.0,4.656363636363637,0.52,21.36,81.07090909090908,3.958181818181818,39.49090909090909,43.656363636363636,24.065454545454543,0.8763636363636365,41.343636363636364,38.67818181818182,40.21454545454546,52.32181818181818,Romain Aguerd,29,Moroccan,CAF,Morocco,Forward,168,69,Right,Gor Mahia,12547415,55
P01063,2354,3,3,49,8,3.6100000000000003,0.78,24,408,540,33,5,9,0,24,11,7,6,44,21,26,48,31,26,4,0,14,0,0,0,0,4,0.7827272727272727,0.0,4.82,0.5490909090909091,22.15818181818182,80.86545454545455,4.16,42.11818181818182,43.67090909090909,23.84909090909091,0.8818181818181818,41.236363636363635,41.02363636363636,42.08909090909091,51.93636363636364,Nayef Chibi,17,Moroccan,CAF,Morocco,Forward,168,70,Right,TP Mazembe,7351828,55
P01064,1883,5,1,24,3,1.1400000000000001,0.49,27,336,447,37,10,4,0,13,7,4,2,23,14,25,26,28,21,1,1,13,0,0,0,0,0,0.7870909090909091,0.0,3.7545454545454544,0.4727272727272727,18.76181818181818,79.24363636363636,3.5127272727272727,36.07272727272727,44.20363636363636,24.947272727272725,0.8163636363636363,41.5,39.75272727272728,43.43090909090909,51.0690909090909,Sofyan Saiss,32,Moroccan,CAF,Morocco,Forward,186,76,Right,MC Alger,10549298,55
P01065,2014,5,4,95,21,3.36,2.32,39,770,1020,100,39,8,0,15,11,5,2,37,22,59,33,17,18,6,1,15,0,0,0,0,2,0.769090909090909,0.0,4.205454545454546,0.4636363636363636,18.87818181818182,81.96909090909091,3.88,39.17454545454545,91.57818181818182,24.794545454545457,3.8127272727272725,83.71636363636362,79.10363636363635,89.55636363636364,56.7509090909091,Yassine Amrabat,31,Moroccan,CAF,Morocco,Forward,181,77,Left,Club Africain,93873778,55
P01066,1917,10,3,83,23,2.9699999999999998,1.36,57,869,1162,110,47,5,0,12,9,5,6,26,13,65,32,22,18,1,1,11,0,0,0,0,3,0.7792727272727272,0.0,3.956363636363636,0.4509090909090909,18.30181818181818,84.60545454545455,4.087272727272728,41.445454545454545,97.58545454545454,25.336363636363636,5.763636363636364,92.45636363636365,93.57636363636364,97.13636363636364,63.343636363636364,Hakim Ziyech,19,Moroccan,CAF,Morocco,Forward,188,81,Right,TP Mazembe,73476489,55
P01067,944,0,0,0,0,0.0,0.0,1,168,255,6,1,1,0,0,7,21,0,14,5,17,28,6,11,1,0,3,41,4,11,1,0,0.71075,0.21125,2.205,0.24,9.235,77.80749999999999,2.2024999999999997,22.947499999999998,9.82,97.78999999999999,0.8300000000000001,81.91749999999999,30.48,89.96000000000001,56.515,Victor Chukwueze,31,Nigerian,CAF,Nigeria,Goalkeeper,181,73,Right,Raja Casablanca,35161251,40
P01068,1256,0,0,0,0,0.0,0.0,7,237,343,13,1,5,0,0,6,26,0,20,3,21,32,10,14,5,0,4,48,5,17,0,0,0.71825,0.26325,2.9125,0.335,11.629999999999999,78.2625,2.3775,24.445,10.9375,48.9775,0.6075,38.94,29.389999999999997,40.8875,56.17999999999999,Samuel Iwobi,28,Nigerian,CAF,Nigeria,Goalkeeper,194,83,Left,Gor Mahia,4031553,40
P01069,899,0,0,0,0,0.0,0.0,1,158,229,4,1,1,0,0,4,18,0,16,6,13,22,12,13,1,0,3,26,2,13,1,0,0.711,0.17149999999999999,2.195,0.23500000000000001,8.1075,77.58250000000001,1.6575,17.795,10.1675,56.355,0.3875,46.9625,30.027499999999996,48.305,53.004999999999995,Wilfred Okafor,22,Nigerian,CAF,Nigeria,Goalkeeper,187,77,Right,Club Africain,1831229,40
P01070,1771,1,1,4,0,0.2,0.05,7,514,641,12,1,35,2,65,46,79,20,50,24,39,210,25,17,10,0,2,0,0,0,0,2,0.8242499999999999,0.0,4.6825,0.5475,21.595,82.3475,3.9625,39.515,20.79,43.21,1.1775,38.9525,30.3375,41.8075,53.029999999999994,Victor Aribo,21,Nigerian,CAF,Nigeria,Defender,185,79,Left,MC Alger,2948449,40
P01071,1293,0,1,5,0,0.12,0.06,5,448,563,10,1,18,0,31,51,56,13,48,20,65,151,22,13,6,0,1,0,0,0,0,0,0.82125,0.0,3.4899999999999998,0.425,18.185,79.1375,3.22,32.510000000000005,25.7875,53.105,1.4775,45.65,30.2425,48.7525,57.7625,Samuel Simon,29,Nigerian,CAF,Nigeria,Defender,183,76,Left,JS Kabylie,7541969,40
P01072,1196,1,1,6,0,0.01,0.16,5,621,755,11,1,21,1,47,33,66,19,45,14,69,165,8,16,3,1,0,0,0,0,0,1,0.82,0.0,3.0725000000000002,0.3675,17.865000000000002,82.565,3.5075000000000003,35.65,35.5625,72.8025,2.5300000000000002,61.442499999999995,28.872500000000002,71.155,53.347500000000004,Wilfred Moffi,28,Nigerian,CAF,Nigeria,Defender,175,72,Right,Kaizer Chiefs,13564091,40
P01073,1506,1,4,8,0,0.02,0.07,6,550,676,8,0,30,1,59,47,76,15,38,18,73,197,17,17,6,0,2,0,0,0,0,2,0.8332499999999999,0.0,4.2025,0.5025000000000001,21.6725,84.4725,4.04,40.12,25.6025,54.38250000000001,1.685,45.095,30.975,51.225,54.029999999999994,Alex Ekong,30,Nigerian,CAF,Nigeria,Defender,190,77,Right,MC Alger,3837321,40
P01074,1616,3,0,11,0,0.11,0.5,8,798,1002,6,0,28,1,55,49,71,14,47,23,88,189,19,15,5,1,1,0,0,0,0,0,0.8160000000000001,0.0,4.035,0.4725,21.9925,80.94,4.195,42.752500000000005,35.114999999999995,76.16499999999999,3.2600000000000002,67.6525,30.597500000000004,68.77000000000001,57.475,Joe Aina,29,Nigerian,CAF,Nigeria,Defender,191,76,Right,Al-Masry,9885072,40
P01075,1166,0,1,4,0,0.11,0.02,12,771,958,6,0,28,1,29,38,73,10,48,12,80,150,14,9,2,0,2,0,0,0,0,0,0.8154999999999999,0.0,3.18,0.3875,14.767500000000002,82.9025,2.98,30.8,43.0775,94.1825,4.375,83.955,29.96,89.1275,54.095000000000006,Calvin Sanusi,21,Nigerian,CAF,Nigeria,Defender,178,72,Left,MC Alger,32150410,40
P01076,1501,5,4,10,0,0.03,0.18,9,743,917,13,2,28,1,59,45,78,15,42,27,86,197,27,20,7,0,0,0,0,0,0,6,0.82225,0.0,3.8899999999999997,0.4625,18.8875,81.14750000000001,3.665,37.1225,35.5125,75.83500000000001,3.2950000000000004,62.152499999999996,30.2725,70.47,55.5,Moses Nwabili,23,Nigerian,CAF,Nigeria,Defender,184,74,Left,Mamelodi Sundowns,13284346,40
P01077,1570,1,2,11,0,0.03,0.36,14,1004,1269,8,0,21,0,46,41,72,20,48,21,115,179,17,7,1,1,2,0,0,0,0,1,0.8182499999999999,0.0,4.3100000000000005,0.465,19.795,82.89500000000001,4.2225,42.647499999999994,47.655,92.9725,5.6225000000000005,87.24,28.905,90.95750000000001,54.265,Ademola Dessers,27,Nigerian,CAF,Nigeria,Defender,180,71,Left,Orlando Pirates,19607318,40
P01078,1652,2,1,7,0,0.16,0.17,10,803,987,13,1,34,2,61,49,68,25,47,18,93,203,13,11,4,0,3,0,0,0,0,1,0.827,0.0,4.495,0.5349999999999999,22.5275,83.33250000000001,4.4125,44.825,34.947500000000005,76.075,3.4274999999999998,62.855,32.010000000000005,71.13,55.629999999999995,Terem Bassey,27,Nigerian,CAF,Nigeria,Defender,187,71,Right,Wydad Casablanca,30732121,40
P01079,1422,1,7,23,2,0.35000000000000003,1.32,29,863,1019,34,9,10,0,37,21,15,6,28,12,53,79,15,17,3,2,3,0,0,0,0,0,0.8487500000000001,0.0,4.45,0.54,19.705000000000002,83.4675,4.1,41.44,56.089999999999996,54.5375,3.6674999999999995,66.1225,63.567499999999995,71.615,56.57000000000001,Victor Ola-Aina,18,Nigerian,CAF,Nigeria,Midfielder,180,74,Right,ES Tunis,21422249,40
P01080,1272,1,5,21,0,0.3,1.4,29,984,1175,39,11,15,0,37,23,14,4,25,7,58,78,16,11,6,0,9,0,0,0,0,5,0.852,0.0,4.055,0.46749999999999997,17.2775,84.2175,3.6799999999999997,37.785000000000004,74.97,74.14,5.335,84.255,81.4425,91.125,56.61749999999999,Samuel Uzoho,19,Nigerian,CAF,Nigeria,Midfielder,181,74,Right,Orlando Pirates,27321405,40
P01081,1575,0,5,30,0,1.2,2.94,65,1406,1723,59,21,38,4,27,37,15,7,40,9,111,86,19,12,1,0,1,0,0,0,0,0,0.8380000000000001,0.0,4.6175,0.525,21.085,86.44500000000001,4.7625,47.9675,90.58500000000001,79.99249999999999,10.559999999999999,94.52000000000001,92.6375,96.97,59.1725,Wilfred Iheanacho,25,Nigerian,CAF,Nigeria,Midfielder,170,67,Right,MC Alger,67565642,40
P01082,1283,0,3,15,1,0.21,0.91,21,571,686,17,2,27,3,28,14,15,9,16,7,34,66,19,17,6,0,4,0,0,0,0,1,0.8484999999999999,0.0,3.6774999999999998,0.4125,17.035,81.075,3.1550000000000002,32.1025,41.082499999999996,40.03,1.6149999999999998,47.302499999999995,44.815,49.464999999999996,53.7675,Alex Awoniyi,19,Nigerian,CAF,Nigeria,Midfielder,176,75,Right,Gor Mahia,2832650,40
P01083,1229,1,2,10,0,0.65,0.67,19,517,615,20,4,12,0,27,19,20,12,28,18,51,78,14,12,2,1,2,0,0,0,0,1,0.8460000000000001,0.0,3.6975000000000002,0.44749999999999995,17.195,80.29249999999999,3.1550000000000002,32.572500000000005,42.635000000000005,36.55,1.7425000000000002,42.785000000000004,45.87,49.22,57.3725,Joe Ajayi,21,Nigerian,CAF,Nigeria,Midfielder,175,75,Right,Al-Masry,4298185,40
P01084,1645,3,4,26,3,0.6,0.51,31,1013,1208,35,9,15,0,45,33,14,13,27,12,60,105,29,18,7,0,1,0,0,0,0,4,0.84975,0.0,4.85,0.5549999999999999,21.1175,83.9875,4.0424999999999995,40.595,61.38250000000001,56.277499999999996,4.1274999999999995,63.23,64.9625,66.9675,55.21,Calvin Ejuke,20,Nigerian,CAF,Nigeria,Midfielder,186,77,Left,MC Alger,17419548,40
P01085,1810,0,1,13,1,0.65,1.17,25,722,876,28,7,34,3,49,26,18,7,25,16,53,100,19,15,4,1,3,0,0,0,0,1,0.8525,0.0,5.5225,0.6375,21.1475,80.37,3.7525,37.075,43.475,38.3875,2.2024999999999997,47.582499999999996,45.4375,48.5025,52.4825,Moses Agbadou,34,Nigerian,CAF,Nigeria,Midfielder,181,78,Left,Wydad Casablanca,2291413,40
P01086,1824,7,4,30,4,0.02,2.55,49,1041,1231,45,14,40,2,37,33,21,10,26,15,69,101,33,22,9,0,3,0,0,0,0,0,0.86175,0.0,5.33,0.5900000000000001,21.685,83.7775,4.279999999999999,42.57,60.0475,54.907500000000006,5.005,63.8775,64.825,72.5525,54.045,Ademola Chukwueze,24,Nigerian,CAF,Nigeria,Midfielder,170,71,Right,Club Africain,14312208,40
P01087,1518,6,1,38,6,1.92,0.59,24,489,640,61,24,10,0,14,3,5,4,26,9,32,26,21,17,3,0,9,0,0,0,0,2,0.7969999999999999,0.0,4.08,0.4875,19.28,82.21000000000001,3.9200000000000004,39.2825,72.4425,24.8875,2.62,65.0025,63.410000000000004,69.175,57.822500000000005,Victor Ajayi,23,Nigerian,CAF,Nigeria,Forward,181,75,Right,Raja Casablanca,5257395,40
P01088,1990,5,2,33,0,1.82,0.6900000000000001,18,365,490,51,12,9,0,14,14,7,5,33,16,31,40,18,20,0,0,11,0,0,0,0,0,0.77575,0.0,5.4625,0.63,24.157500000000002,82.45,4.4975000000000005,44.875,43.292500000000004,25.345,1.115,36.825,36.62,43.045,57.02,Samuel Ejuke,29,Nigerian,CAF,Nigeria,Forward,183,76,Right,TP Mazembe,4469531,40
P01089,1377,8,5,44,6,1.9,0.45,28,505,673,45,16,4,0,11,4,7,7,18,12,44,29,19,17,2,1,7,0,0,0,0,8,0.77125,0.0,3.6350000000000002,0.43,17.11,81.1325,3.6725000000000003,37.1325,89.14500000000001,26.4875,3.4975,85.1625,82.685,90.11,55.3625,Wilfred Agbadou,26,Nigerian,CAF,Nigeria,Forward,179,72,Right,Al Ahly,26979878,40
P01090,1630,10,4,68,13,2.28,1.04,28,592,792,68,26,4,0,17,3,4,8,33,22,45,32,22,15,1,0,8,0,0,0,0,5,0.77975,0.0,4.3,0.52,22.1275,86.82000000000001,4.8975,48.435,87.19500000000001,24.975,3.9875,84.885,81.29249999999999,87.4025,55.8875,Alex Chukwueze,23,Nigerian,CAF,Nigeria,Forward,168,67,Left,Gor Mahia,30840644,40
P01091,1544,3,5,26,2,1.42,0.35,18,317,417,42,12,7,0,12,12,5,5,24,15,27,34,12,21,4,0,9,0,0,0,0,1,0.78025,0.0,4.0625,0.46749999999999997,20.1275,81.5175,3.6475,36.8275,50.825,23.794999999999998,1.2025000000000001,46.8625,47.39,48.1075,55.0775,Joe Iwobi,24,Nigerian,CAF,Nigeria,Forward,180,76,Left,Al-Masry,5745311,40
P01092,1340,5,1,38,6,1.1300000000000001,0.71,17,263,363,34,7,5,0,14,6,5,5,20,10,22,30,12,10,4,0,7,0,0,0,0,0,0.762,0.0,3.565,0.41500000000000004,19.5075,80.375,3.4575000000000005,35.39,51.195,22.192500000000003,1.01,46.980000000000004,46.375,49.1175,56.9975,Calvin Okafor,29,Nigerian,CAF,Nigeria,Forward,185,74,Left,Zamalek,3974269,40
P01093,1167,0,1,0,0,0.0,0.0,2,236,325,6,1,3,0,0,4,9,0,16,3,32,13,16,7,2,0,1,51,5,16,0,0,0.738,0.22,2.477777777777778,0.2711111111111111,9.697777777777777,79.85111111111111,2.16,22.326666666666668,11.413333333333334,78.74000000000001,0.8533333333333333,66.22666666666666,27.795555555555556,70.82444444444444,54.431111111111115,Mohammed Partey,24,Ghanaian,CAF,Ghana,Goalkeeper,188,83,Right,Wydad Casablanca,9734343,45
P01094,1074,0,0,0,0,0.0,0.0,7,197,288,5,0,8,0,0,4,13,0,17,2,22,17,8,13,3,0,2,40,2,24,1,0,0.7075555555555556,0.1971111111111111,2.2622222222222224,0.26222222222222225,8.584444444444445,76.46888888888888,1.7844444444444443,19.206666666666667,10.966666666666667,82.8,0.88,67.29555555555557,31.393333333333334,71.14444444444445,52.16,Thomas Ayew,28,Ghanaian,CAF,Ghana,Goalkeeper,188,81,Right,Wydad Casablanca,17073743,45
P01095,1306,0,0,0,0,0.0,0.0,5,239,350,5,0,2,0,0,10,26,0,19,8,43,36,7,7,5,0,4,48,4,19,2,0,0.7244444444444444,0.27666666666666667,2.6244444444444444,0.2866666666666667,10.804444444444444,79.42666666666666,2.566666666666667,26.39777777777778,10.908888888888889,97.63555555555557,1.4266666666666667,82.72666666666666,27.646666666666665,90.39333333333333,56.355555555555554,Jordan Williams,23,Ghanaian,CAF,Ghana,Goalkeeper,183,73,Right,Al-Hilal Omdurman,28351276,45
P01096,1381,0,0,7,0,0.04,0.25,8,368,468,10,1,22,1,45,42,66,13,35,15,33,166,18,13,5,0,1,0,0,0,0,0,0.8062222222222223,0.0,3.2244444444444444,0.3333333333333333,15.739999999999998,79.35333333333334,2.897777777777778,29.526666666666667,20.822222222222223,45.91555555555555,0.8288888888888888,39.1,27.606666666666666,41.77111111111111,53.69333333333333,Mohammed Sulemana,31,Ghanaian,CAF,Ghana,Defender,183,82,Left,ASEC Mimosas,4611388,45
P01097,1521,2,0,7,0,0.37,0.08,9,525,662,4,0,29,3,44,52,72,9,44,23,49,177,14,9,9,1,0,0,0,0,0,0,0.8122222222222222,0.0,3.4844444444444447,0.37555555555555553,16.546666666666667,80.3288888888889,2.9533333333333336,30.46,26.93777777777778,51.36666666666667,1.348888888888889,44.76444444444444,29.779999999999998,48.595555555555556,51.20444444444444,Thomas Djiku,31,Ghanaian,CAF,Ghana,Defender,181,77,Right,JS Kabylie,4844869,45
P01098,1682,2,2,10,0,0.07,0.2,9,465,600,7,0,24,2,62,41,79,17,35,23,52,199,21,14,6,0,5,0,0,0,0,0,0.802,0.0,3.986666666666667,0.4466666666666667,19.993333333333336,82.85333333333334,3.673333333333334,37.22666666666667,20.093333333333334,44.38666666666667,1.0711111111111111,39.23555555555556,29.806666666666665,42.16888888888889,56.18666666666667,Jordan Baba,28,Ghanaian,CAF,Ghana,Defender,180,70,Right,MC Alger,1361966,45
P01099,1586,0,0,6,0,0.0,0.24,12,743,935,9,1,35,1,63,42,64,16,43,24,88,185,12,19,6,0,0,0,0,0,0,0,0.8111111111111111,0.0,3.8311111111111114,0.4533333333333333,21.797777777777778,85.38,4.222222222222222,43.022222222222226,34.55333333333333,75.33333333333333,2.8177777777777777,62.30666666666667,29.455555555555556,68.54,55.873333333333335,Andre Kudus,23,Ghanaian,CAF,Ghana,Defender,179,72,Left,ES Tunis,29521157,45
P01100,1536,0,3,10,1,0.12,0.45,7,455,563,8,0,22,0,53,45,69,13,31,19,60,180,12,9,3,0,2,0,0,0,0,0,0.8153333333333332,0.0,3.6444444444444444,0.41555555555555557,18.54,81.89333333333333,3.4755555555555557,35.72888888888889,21.806666666666665,44.37555555555556,1.1199999999999999,39.36666666666667,31.09777777777778,42.571111111111115,53.648888888888884,Kamaldeen Barnieh,37,Ghanaian,CAF,Ghana,Defender,178,69,Right,Kaizer Chiefs,2464692,45
P01101,1803,0,2,7,0,0.11000000000000001,0.78,17,1096,1357,13,0,26,0,66,48,88,19,55,19,119,221,25,15,3,1,3,0,0,0,0,0,0.8264444444444444,0.0,4.437777777777778,0.5133333333333334,21.64,85.15555555555555,4.535555555555556,45.34444444444444,44.73777777777778,92.5,5.308888888888889,81.66666666666667,30.055555555555557,89.66,55.873333333333335,Inaki Seidu,24,Ghanaian,CAF,Ghana,Defender,179,78,Right,TP Mazembe,15848770,45
P01102,1779,2,2,9,0,0.13,0.32,13,882,1087,12,0,30,2,76,50,96,25,54,23,112,247,16,18,4,0,3,0,0,0,0,0,0.82,0.0,4.233333333333333,0.5133333333333334,22.957777777777775,84.63555555555556,4.482222222222222,45.077777777777776,37.22222222222222,75.6288888888889,3.488888888888889,64.73333333333333,26.94888888888889,69.77555555555556,55.52444444444444,Alexander Abubakari,28,Ghanaian,CAF,Ghana,Defender,185,77,Right,Wydad Casablanca,5651167,45
P01103,1678,0,2,17,0,0.12000000000000001,0.06,4,557,694,7,0,31,2,51,38,74,22,49,18,47,185,15,18,8,0,3,0,0,0,0,0,0.8153333333333332,0.0,4.004444444444444,0.4666666666666667,20.102222222222224,80.73111111111112,3.6577777777777776,37.02444444444444,25.715555555555557,51.22222222222222,1.2822222222222224,45.904444444444444,32.342222222222226,48.662222222222226,51.19111111111111,Daniel Lens,27,Ghanaian,CAF,Ghana,Defender,191,77,Right,Raja Casablanca,3210928,45
P01104,1983,0,1,10,0,0.05,0.09,10,596,737,6,1,33,1,86,49,91,15,60,28,66,241,21,18,6,0,1,0,0,0,0,0,0.8255555555555555,0.0,4.828888888888889,0.5888888888888889,25.526666666666667,85.09333333333333,4.640000000000001,46.8,20.786666666666665,45.57333333333334,1.3599999999999999,39.14888888888889,30.644444444444446,42.38666666666667,56.01555555555555,Osman Mensah,28,Ghanaian,CAF,Ghana,Defender,192,74,Right,Al-Masry,3689239,45
P01105,1939,6,7,52,7,0.5,3.13,76,1896,2240,68,23,31,2,41,27,20,19,33,18,134,107,31,19,3,0,3,0,0,0,0,6,0.8482222222222222,0.0,5.328888888888889,0.6044444444444445,20.786666666666665,83.84444444444445,4.764444444444445,48.351111111111116,90.64,78.14888888888889,11.857777777777779,92.74888888888889,90.74444444444444,97.73555555555556,57.45333333333333,Mohammed Otoo,32,Ghanaian,CAF,Ghana,Midfielder,178,75,Right,Kaizer Chiefs,82951403,45
P01106,1581,3,0,12,1,0.23,0.99,28,669,803,27,5,23,1,34,32,20,9,24,8,45,95,12,13,2,0,3,0,0,0,0,3,0.8462222222222222,0.0,4.155555555555556,0.4466666666666667,17.297777777777778,80.54,3.282222222222222,32.879999999999995,41.76,36.00888888888889,1.7755555555555558,45.81333333333333,46.6,48.12222222222222,53.955555555555556,Thomas Rahman,28,Ghanaian,CAF,Ghana,Midfielder,172,71,Left,Al Ahly,8214628,45
P01107,1824,0,0,22,1,0.15,0.91,30,776,937,34,8,25,1,60,33,26,10,26,20,55,129,18,18,5,0,2,0,0,0,0,0,0.8502222222222222,0.0,4.804444444444444,0.5377777777777778,17.93777777777778,81.86,3.1422222222222222,32.17333333333333,43.82,38.82,2.102222222222222,44.69111111111111,43.4,47.29777777777778,55.91555555555555,Jordan Kasim,25,Ghanaian,CAF,Ghana,Midfielder,183,83,Right,TP Mazembe,5462876,45
P01108,1744,5,5,35,5,0.23,1.73,51,1293,1529,54,15,25,3,31,17,17,13,33,19,97,78,20,15,7,0,0,0,0,0,0,3,0.8519999999999999,0.0,4.640000000000001,0.5444444444444444,22.74,82.52222222222223,4.897777777777778,49.031111111111116,78.48222222222222,69.92666666666666,7.0377777777777775,83.05777777777777,78.84,87.51555555555555,58.166666666666664,Andre Osabutey,30,Ghanaian,CAF,Ghana,Midfielder,179,75,Right,TP Mazembe,35025737,45
P01109,1797,3,2,23,1,1.41,2.6,36,1136,1333,45,11,31,1,42,31,15,5,25,13,90,93,32,12,6,1,2,0,0,0,0,1,0.8635555555555555,0.0,5.068888888888889,0.6,19.95777777777778,81.16444444444444,3.922222222222222,39.31777777777778,61.89777777777778,58.61555555555555,4.406666666666667,68.14888888888889,68.12,71.90222222222222,56.89333333333333,Kamaldeen Attiogbe,21,Ghanaian,CAF,Ghana,Midfielder,166,70,Right,Gor Mahia,13160708,45
P01110,1560,5,5,20,2,0.34,1.9100000000000001,39,971,1152,32,7,29,1,25,21,20,6,30,12,84,72,24,11,1,0,1,0,0,0,0,1,0.8520000000000001,0.0,4.0600000000000005,0.46222222222222226,17.986666666666665,82.25333333333333,3.5377777777777775,35.71111111111111,59.92,56.92,4.073333333333333,66.03333333333333,69.22222222222223,68.73111111111112,54.81111111111111,Inaki Asante,28,Ghanaian,CAF,Ghana,Midfielder,181,82,Right,ASEC Mimosas,9528081,45
P01111,1783,3,1,23,1,0.66,1.07,43,1096,1308,38,10,35,2,44,32,19,11,27,19,76,106,21,12,0,0,3,0,0,0,0,1,0.8560000000000001,0.0,4.637777777777777,0.4955555555555556,18.471111111111114,80.94,3.7155555555555555,37.79777777777778,60.97555555555556,54.54222222222222,4.36,68.62444444444444,66.00444444444445,69.62666666666667,57.18444444444445,Alexander Issahaku,31,Ghanaian,CAF,Ghana,Midfielder,167,69,Right,JS Kabylie,66616143,45
P01112,1890,5,6,34,3,0.5800000000000001,2.23,56,1464,1734,47,13,29,2,45,37,26,14,33,24,103,122,20,10,4,1,2,0,0,0,0,3,0.8564444444444445,0.0,5.331111111111111,0.5933333333333333,24.560000000000002,86.25777777777778,5.246666666666666,52.215555555555554,80.99111111111111,69.48666666666666,7.108888888888888,81.35333333333334,81.13111111111111,88.91333333333333,57.08444444444445,Daniel Partey,22,Ghanaian,CAF,Ghana,Midfielder,182,75,Right,Al-Hilal Omdurman,20831598,45
P01113,1874,9,8,75,15,5.6899999999999995,1.21,45,728,964,82,36,10,0,15,3,7,2,29,18,53,27,14,20,5,0,10,0,0,0,0,9,0.7764444444444444,0.0,4.297777777777778,0.5244444444444445,20.135555555555555,84.86,4.293333333333333,43.35777777777778,91.93333333333334,23.173333333333332,4.697777777777778,83.43111111111111,85.97111111111111,86.74222222222222,54.51111111111111,Mohammed Attiogbe,22,Ghanaian,CAF,Ghana,Forward,163,67,Left,Zamalek,76768542,45
P01114,1956,5,7,52,8,2.27,1.6400000000000001,26,570,742,55,18,9,0,12,10,8,2,32,15,41,32,21,17,7,0,8,0,0,0,0,0,0.7893333333333334,0.0,4.888888888888889,0.5355555555555556,19.806666666666665,83.66888888888889,3.893333333333333,39.24666666666666,75.24000000000001,27.068888888888885,2.388888888888889,64.56,64.19777777777777,68.97777777777777,54.83111111111111,Thomas Asante,24,Ghanaian,CAF,Ghana,Forward,178,83,Right,Kaizer Chiefs,17025722,45
P01115,1434,10,3,49,11,2.0,0.74,28,525,699,62,26,7,0,12,7,4,1,22,12,41,24,12,14,4,0,6,0,0,0,0,6,0.7888888888888889,0.0,3.72,0.45111111111111113,18.686666666666667,85.19555555555556,4.04,40.77333333333333,91.48222222222222,24.635555555555552,3.3511111111111114,81.24888888888889,78.14888888888889,88.92222222222222,58.095555555555556,Jordan Issahaku,25,Ghanaian,CAF,Ghana,Forward,179,84,Right,Wydad Casablanca,74681058,45
P01116,1598,5,5,41,4,0.89,1.51,25,482,645,54,20,3,0,9,3,4,2,27,14,34,18,19,12,6,0,10,0,0,0,0,6,0.7755555555555556,0.0,3.868888888888889,0.46444444444444444,17.726666666666667,80.45555555555555,3.5488888888888885,35.931111111111115,73.08222222222221,25.015555555555558,2.1288888888888886,63.60666666666667,61.653333333333336,70.19777777777777,58.22,Andre Partey,27,Ghanaian,CAF,Ghana,Forward,174,69,Right,Gor Mahia,19009013,45
P01117,1403,1,0,18,1,0.72,0.38,10,249,327,27,7,8,0,20,4,7,3,21,12,11,34,9,14,3,0,7,0,0,0,0,0,0.792,0.0,3.631111111111111,0.40888888888888886,17.691111111111113,82.91777777777779,3.3777777777777778,34.21333333333333,41.45111111111111,25.171111111111113,0.5733333333333334,42.406666666666666,40.577777777777776,42.58,54.30222222222222,Kamaldeen Ayew,24,Ghanaian,CAF,Ghana,Forward,184,74,Right,Wydad Casablanca,16600369,45
P01118,1371,9,3,31,4,1.23,0.63,21,416,548,46,15,5,0,15,5,5,0,25,13,38,25,22,12,4,0,11,0,0,0,0,4,0.7682222222222223,0.0,3.468888888888889,0.42888888888888893,16.995555555555555,79.05333333333334,3.4488888888888884,35.568888888888885,74.67999999999999,26.78666666666667,2.002222222222222,64.9888888888889,63.63333333333333,71.55555555555556,56.51111111111111,Inaki Williams,24,Ghanaian,CAF,Ghana,Forward,171,68,Right,Club Africain,27347683,45
P01119,975,0,1,0,0,0.0,0.0,8,179,259,4,0,3,0,0,4,21,0,15,4,32,25,15,8,5,0,4,44,3,15,0,0,0.7088636363636364,0.21454545454545454,2.1750000000000003,0.2590909090909091,8.834090909090909,77.52272727272727,2.159090909090909,22.152272727272727,9.572727272727272,99.0,1.5477272727272726,95.02727272727272,30.595454545454547,96.3,56.940909090909095,Samuel Choupo-Moting,26,Cameroonian,CAF,Cameroon,Goalkeeper,189,78,Right,ES Tunis,74850274,44
P01120,1344,0,1,0,0,0.0,0.0,2,270,364,7,0,4,0,0,6,18,0,24,3,29,24,15,10,3,0,3,48,4,23,0,0,0.7545454545454546,0.28818181818181815,2.963636363636364,0.32954545454545453,10.981818181818182,75.43181818181819,2.252272727272727,23.204545454545453,10.761363636363637,47.902272727272724,0.5772727272727273,38.98636363636364,32.09772727272727,43.21590909090909,50.82954545454545,Eric Aboubakar,24,Cameroonian,CAF,Cameroon,Goalkeeper,186,78,Right,MC Alger,843885,44
P01121,1007,0,0,0,0,0.0,0.0,4,214,297,5,0,3,0,0,3,14,0,15,1,18,17,15,11,3,0,1,46,5,17,1,0,0.7274999999999999,0.20772727272727273,2.118181818181818,0.2681818181818182,9.461363636363636,80.12727272727273,1.8590909090909091,19.138636363636365,9.613636363636363,55.42272727272727,0.5340909090909091,48.08181818181818,30.05909090909091,47.83636363636364,54.51363636363636,Andre Anguissa,31,Cameroonian,CAF,Cameroon,Goalkeeper,185,83,Left,Al-Masry,3077649,44
P01122,1612,1,0,11,0,0.060000000000000005,0.05,9,501,626,9,1,32,2,65,52,67,18,42,20,55,202,8,17,4,0,2,0,0,0,0,0,0.8136363636363636,0.0,4.0,0.4840909090909091,17.511363636363637,79.85909090909091,3.3045454545454547,33.70454545454545,21.729545454545455,46.58181818181818,1.2704545454545455,36.525,29.81590909090909,42.225,55.8,Samuel Toko-Ekambi,27,Cameroonian,CAF,Cameroon,Defender,190,81,Right,Al Ahly,3575619,44
P01123,1831,0,0,11,0,0.14,0.06,4,674,827,12,1,32,1,58,60,87,18,53,22,65,223,21,19,7,0,2,0,0,0,0,0,0.8243181818181818,0.0,4.529545454545454,0.5272727272727272,21.738636363636363,81.97954545454546,3.977272727272727,40.42272727272727,22.943181818181817,50.59090909090909,1.6886363636363635,47.69772727272727,29.78409090909091,50.70227272727273,52.26363636363636,Eric Zambo,31,Cameroonian,CAF,Cameroon,Defender,188,83,Right,Club Africain,7012823,44
P01124,1851,2,2,7,0,0.1,0.2,14,895,1103,13,1,21,1,61,56,97,17,55,28,96,231,15,10,8,0,0,0,0,0,0,1,0.8304545454545454,0.0,4.4750000000000005,0.5295454545454545,21.95,86.90227272727272,4.175,41.79090909090909,34.029545454545456,73.24090909090908,3.4545454545454546,66.39318181818182,28.904545454545453,73.75681818181819,55.30681818181818,Andre Nkoulou,29,Cameroonian,CAF,Cameroon,Defender,180,74,Right,Wydad Casablanca,5318816,44
P01125,1556,1,0,14,1,0.21,0.04,10,761,944,14,1,25,1,54,54,76,17,35,20,73,201,24,11,4,0,2,0,0,0,0,2,0.8102272727272727,0.0,3.877272727272727,0.4454545454545455,16.888636363636365,81.05909090909091,3.2613636363636362,33.02045454545455,34.60454545454545,74.33863636363637,2.747727272727273,67.19545454545454,29.08409090909091,70.46136363636364,54.31363636363637,Vincent Castelleto,22,Cameroonian,CAF,Cameroon,Defender,183,71,Right,Al-Hilal Omdurman,8947001,44
P01126,1446,0,2,11,0,0.2,0.26,12,724,875,12,2,26,1,34,42,63,20,45,15,98,159,18,15,8,0,2,0,0,0,0,1,0.8295454545454546,0.0,3.5113636363636362,0.4113636363636364,19.018181818181816,81.0909090909091,3.7045454545454546,37.43636363636364,34.752272727272725,76.88409090909092,2.938636363636364,66.31136363636364,31.272727272727273,71.44772727272726,53.48863636363637,Karl Mbeumo,27,Cameroonian,CAF,Cameroon,Defender,180,72,Right,Al-Masry,12097116,44
P01127,1519,2,0,12,0,0.08,0.1,6,466,589,6,0,23,1,49,40,60,15,57,20,46,164,21,10,5,0,0,0,0,0,0,0,0.816590909090909,0.0,3.690909090909091,0.4227272727272728,18.081818181818182,80.38181818181819,3.438636363636364,34.22954545454545,20.12727272727273,46.15,0.9886363636363636,38.375,29.856818181818184,42.35909090909091,50.970454545454544,Nicolas Siani,31,Cameroonian,CAF,Cameroon,Defender,188,80,Left,Kaizer Chiefs,2163073,44
P01128,1829,0,0,9,0,0.01,0.15,12,578,705,12,1,33,0,60,45,73,17,42,15,54,195,24,12,7,1,1,0,0,0,0,0,0.8368181818181818,0.0,4.447727272727272,0.5113636363636364,22.379545454545454,78.9590909090909,4.015909090909091,40.300000000000004,20.945454545454545,44.26590909090909,1.2909090909090908,42.57727272727273,30.636363636363637,40.875,50.54772727272727,Jean Ondoa,24,Cameroonian,CAF,Cameroon,Defender,178,74,Right,Orlando Pirates,1435281,44
P01129,1799,0,1,7,0,0.41000000000000003,0.05,8,536,664,11,1,42,5,53,47,90,19,35,30,52,209,26,12,9,0,1,0,0,0,0,0,0.8224999999999999,0.0,4.586363636363637,0.5090909090909091,23.675,82.60000000000001,4.372727272727273,44.97272727272727,20.779545454545453,45.413636363636364,1.231818181818182,38.15909090909091,30.06590909090909,42.11363636363637,53.81818181818182,Moumi Hongla,23,Cameroonian,CAF,Cameroon,Defender,179,73,Right,Orlando Pirates,3230524,44
P01130,1680,1,2,9,0,0.01,0.04,6,804,985,12,2,25,0,55,44,81,15,33,24,102,195,21,20,7,0,2,0,0,0,0,1,0.8234090909090909,0.0,4.0636363636363635,0.4681818181818182,19.724999999999998,80.69318181818181,3.9068181818181817,39.77272727272727,34.32954545454545,76.33863636363637,3.1181818181818177,63.540909090909096,30.481818181818184,71.92727272727274,55.65,Martin Njie,24,Cameroonian,CAF,Cameroon,Defender,180,76,Right,Wydad Casablanca,5255451,44
P01131,1743,2,5,12,1,0.85,1.84,24,729,875,22,4,21,1,44,28,17,11,20,14,63,100,32,9,5,0,2,0,0,0,0,1,0.8468181818181818,0.0,4.7704545454545455,0.5272727272727272,22.306818181818183,80.98863636363636,3.8931818181818185,38.88636363636363,42.445454545454545,39.98409090909091,2.043181818181818,46.57727272727273,46.02727272727273,46.63863636363636,55.86136363636364,Samuel Moumi,22,Cameroonian,CAF,Cameroon,Midfielder,177,77,Right,Al-Hilal Omdurman,3430408,44
P01132,1554,2,3,16,1,0.26999999999999996,0.23,25,597,714,22,3,21,1,33,28,19,15,24,9,38,95,15,11,6,0,1,0,0,0,0,1,0.8563636363636363,0.0,4.109090909090909,0.4659090909090909,17.80909090909091,80.94772727272726,3.3931818181818185,34.67045454545455,35.56136363636364,31.768181818181816,1.3772727272727272,39.18636363636364,39.14090909090909,41.64545454545455,50.66136363636363,Eric Ndip,30,Cameroonian,CAF,Cameroon,Midfielder,172,68,Right,Al-Masry,17987721,44
P01133,1818,4,0,23,1,1.28,1.79,55,1464,1728,43,13,35,1,51,34,24,7,26,17,112,116,26,18,7,1,2,0,0,0,0,3,0.8577272727272728,0.0,4.756818181818182,0.5431818181818182,21.759090909090908,87.73409090909091,4.4386363636363635,44.91818181818182,74.52045454545454,72.05454545454546,8.054545454545455,83.80454545454546,86.73636363636363,88.02499999999999,57.35,Andre Kunde,24,Cameroonian,CAF,Cameroon,Midfielder,175,73,Right,JS Kabylie,52423431,44
P01134,1493,1,1,19,1,1.48,1.83,47,894,1073,41,12,27,1,42,19,19,5,19,10,63,85,14,13,3,0,4,0,0,0,0,1,0.8440909090909091,0.0,3.8045454545454547,0.41363636363636364,16.224999999999998,83.40681818181818,3.2340909090909093,32.75,57.225,57.654545454545456,3.875,64.74772727272727,66.2840909090909,68.73181818181818,55.48409090909092,Vincent Lea,21,Cameroonian,CAF,Cameroon,Midfielder,177,71,Right,Al-Masry,15147546,44
P01135,1418,4,1,20,0,0.32999999999999996,2.58,35,852,1024,26,6,23,2,31,20,13,14,21,17,52,78,19,15,2,0,3,0,0,0,0,0,0.8559090909090908,0.0,3.9295454545454547,0.4431818181818182,18.154545454545453,80.78636363636363,3.5431818181818184,36.029545454545456,61.125,52.58863636363637,3.2886363636363636,65.64772727272727,67.45681818181818,71.21818181818182,55.54545454545455,Karl Olinga,22,Cameroonian,CAF,Cameroon,Midfielder,176,78,Right,Al-Hilal Omdurman,17678395,44
P01136,1390,1,1,14,0,0.61,1.24,16,591,714,12,3,20,1,35,14,17,4,20,11,41,70,18,9,5,0,1,0,0,0,0,0,0.8404545454545453,0.0,4.004545454545454,0.46136363636363636,17.895454545454545,80.00681818181819,3.2340909090909093,32.57954545454545,41.73863636363637,36.643181818181816,1.5909090909090908,49.11136363636364,47.815909090909095,49.75909090909091,53.46363636363637,Nicolas Mba,24,Cameroonian,CAF,Cameroon,Midfielder,172,70,Right,TP Mazembe,8099666,44
P01137,1883,3,7,31,1,1.02,3.94,47,1512,1804,59,23,32,1,58,35,26,12,35,16,125,131,24,18,4,0,2,0,0,0,0,2,0.8531818181818182,0.0,5.1886363636363635,0.6295454545454545,22.29090909090909,79.66363636363636,4.652272727272727,46.27045454545455,74.63181818181819,70.15681818181818,7.865909090909091,84.36818181818181,85.09318181818182,86.4090909090909,58.4,Jean Bassogog,22,Cameroonian,CAF,Cameroon,Midfielder,184,72,Right,Kaizer Chiefs,35461236,44
P01138,1490,4,11,19,2,0.62,2.9000000000000004,46,1164,1390,36,8,25,1,35,19,19,5,26,11,96,78,19,17,3,0,3,0,0,0,0,5,0.8388636363636365,0.0,4.259090909090909,0.5045454545454545,19.865909090909092,83.58181818181818,4.261363636363637,42.89090909090909,78.61136363636363,70.10227272727273,6.290909090909091,85.67954545454546,79.35681818181818,88.26363636363637,58.29545454545455,Moumi Choupo-Moting,30,Cameroonian,CAF,Cameroon,Midfielder,172,69,Right,JS Kabylie,17926924,44
P01139,1875,11,5,57,11,5.04,1.27,59,761,1001,82,35,8,0,16,10,7,7,32,15,47,40,24,12,3,0,17,0,0,0,0,3,0.7688636363636363,0.0,4.763636363636364,0.5750000000000001,20.538636363636364,82.44090909090909,4.377272727272727,44.36136363636364,89.09772727272728,23.947727272727274,5.290909090909091,85.86590909090908,84.79772727272727,86.04318181818182,56.40909090909091,Samuel Olinga,28,Cameroonian,CAF,Cameroon,Forward,185,74,Left,Orlando Pirates,29952234,44
P01140,2215,14,7,105,26,3.15,3.3499999999999996,62,1059,1345,124,56,4,0,27,11,9,5,33,15,63,52,18,13,9,0,13,0,0,0,0,7,0.7854545454545455,0.0,5.559090909090909,0.6227272727272728,24.33409090909091,88.00681818181819,5.379545454545454,54.377272727272725,96.50454545454545,25.468181818181815,7.770454545454545,93.95227272727271,91.08636363636364,95.83863636363635,60.23409090909092,Eric Mba,30,Cameroonian,CAF,Cameroon,Forward,180,77,Right,Zamalek,75848303,44
P01141,1634,13,4,55,10,1.6900000000000002,0.79,43,613,812,67,27,4,0,17,6,3,4,29,10,49,30,17,21,3,0,10,0,0,0,0,5,0.7684090909090909,0.0,3.909090909090909,0.4659090909090909,18.44090909090909,85.41363636363636,4.0249999999999995,40.970454545454544,91.51136363636364,26.004545454545454,4.036363636363636,81.70454545454545,81.88409090909092,90.24318181818181,62.25909090909091,Andre Bassogog,26,Cameroonian,CAF,Cameroon,Forward,179,73,Right,Gor Mahia,54663861,44
P01142,1262,6,5,59,14,2.77,2.12,37,654,846,66,24,4,0,9,2,4,1,21,16,40,16,16,11,4,0,9,0,0,0,0,9,0.7822727272727273,0.0,3.186363636363636,0.38863636363636367,17.654545454545453,86.45227272727273,3.9795454545454545,40.875,97.12954545454545,23.138636363636365,4.909090909090909,96.23409090909091,92.05227272727274,96.3409090909091,61.790909090909096,Vincent Choupo-Moting,25,Cameroonian,CAF,Cameroon,Forward,190,78,Right,TP Mazembe,74339222,44
P01143,1525,8,3,47,10,1.85,1.3,43,550,731,68,29,9,0,11,6,8,4,31,14,34,29,14,17,5,0,4,0,0,0,0,4,0.7797727272727273,0.0,3.959090909090909,0.5,17.36818181818182,84.23636363636363,3.7545454545454544,38.429545454545455,92.27727272727272,23.825,3.8568181818181815,82.89545454545454,84.49772727272727,87.51363636363637,57.929545454545455,Karl Aboubakar,19,Cameroonian,CAF,Cameroon,Forward,177,75,Left,ASEC Mimosas,65761438,44
P01144,1527,8,4,26,1,1.07,0.54,27,291,391,34,9,4,0,12,7,4,4,29,18,29,27,10,10,2,0,11,0,0,0,0,3,0.765909090909091,0.0,3.9613636363636364,0.4659090909090909,20.231818181818184,80.4159090909091,3.8318181818181816,39.56363636363636,50.64090909090908,23.013636363636365,1.2068181818181818,45.225,45.263636363636365,49.415909090909096,53.20227272727273,Nicolas Anguissa,32,Cameroonian,CAF,Cameroon,Forward,167,66,Left,Gor Mahia,11547644,44
P01145,671,0,0,0,0,0.0,0.0,0,133,190,4,0,2,0,0,4,9,0,9,1,18,13,7,2,5,0,6,19,2,7,1,0,0.7095744680851064,0.11468085106382978,1.3021276595744682,0.15106382978723404,5.51063829787234,76.44042553191488,1.1638297872340426,12.410638297872339,10.748936170212765,79.42553191489361,0.43617021276595747,64.12978723404255,30.023404255319146,69.31914893617021,56.95106382978723,Wahbi Msakni,24,Tunisian,CAF,Tunisia,Goalkeeper,190,81,Left,ES Tunis,8080673,47
P01146,1504,0,0,0,0,0.0,0.0,2,293,419,8,0,3,0,0,9,22,0,24,10,40,31,18,12,4,1,4,49,4,27,0,0,0.7236170212765957,0.23829787234042552,3.0531914893617023,0.3489361702127659,11.882978723404255,81.50638297872341,2.925531914893617,29.751063829787235,9.104255319148935,98.96808510638297,1.7936170212765956,92.77872340425533,31.30212765957447,97.03191489361703,62.204255319148935,Youssef Skhiri,32,Tunisian,CAF,Tunisia,Goalkeeper,187,81,Right,MC Alger,79966073,47
P01147,1419,0,0,0,0,0.0,0.0,5,292,411,7,1,1,0,0,13,29,0,27,3,37,42,23,9,6,0,6,50,3,33,1,0,0.7225531914893617,0.27914893617021275,2.8085106382978724,0.32765957446808514,11.957446808510639,79.07234042553192,2.5319148936170213,26.329787234042552,10.136170212765958,78.90851063829787,1.1361702127659574,65.46170212765956,30.74042553191489,70.21914893617021,52.170212765957444,Ali Talbi,27,Tunisian,CAF,Tunisia,Goalkeeper,185,78,Right,Mamelodi Sundowns,8623499,47
P01148,1897,0,1,13,0,0.060000000000000005,0.75,17,1235,1529,18,1,26,0,69,50,81,25,50,20,132,225,24,11,9,0,3,0,0,0,0,3,0.8265957446808511,0.0,4.3936170212765955,0.5127659574468085,21.43617021276596,83.67659574468085,4.482978723404255,45.099999999999994,47.0936170212766,93.52553191489362,5.929787234042553,81.61276595744681,30.504255319148935,86.42127659574469,62.07659574468085,Wahbi Bronn,30,Tunisian,CAF,Tunisia,Defender,175,75,Left,Mamelodi Sundowns,26691238,47
P01149,1389,1,1,7,0,0.16,0.13,10,714,863,4,1,23,1,47,44,66,13,37,21,89,170,15,18,10,0,4,0,0,0,0,1,0.8268085106382979,0.0,3.2148936170212763,0.3659574468085106,19.83191489361702,82.04468085106383,3.817021276595745,38.40425531914894,35.32553191489362,75.83191489361703,2.648936170212766,64.11702127659575,30.634042553191488,68.48085106382979,58.14468085106383,Youssef Laidouni,31,Tunisian,CAF,Tunisia,Defender,184,75,Right,Zamalek,14182544,47
P01150,1457,0,0,7,0,0.25,0.07,6,514,638,6,0,21,1,36,43,70,16,39,24,49,165,12,14,10,0,2,0,0,0,0,0,0.8208510638297872,0.0,3.223404255319149,0.3723404255319149,15.004255319148937,79.83829787234043,2.627659574468085,27.351063829787233,24.870212765957447,54.14468085106383,1.2170212765957447,44.257446808510636,31.663829787234043,49.755319148936174,52.1063829787234,Ali Dhaouadi,28,Tunisian,CAF,Tunisia,Defender,185,84,Left,Al Ahly,1023583,47
P01151,1717,3,0,7,0,0.26,0.06,10,579,720,5,0,26,1,67,64,66,24,49,24,71,221,17,13,7,1,4,0,0,0,0,1,0.8282978723404255,0.0,3.948936170212766,0.4531914893617021,19.9531914893617,81.21489361702127,3.663829787234042,36.3468085106383,25.019148936170215,52.52553191489361,1.5404255319148938,48.42765957446808,29.28723404255319,48.53404255319149,52.921276595744686,Ellyes Sliti,28,Tunisian,CAF,Tunisia,Defender,188,84,Right,Al-Hilal Omdurman,4037240,47
P01152,1570,0,2,6,0,0.19,0.29000000000000004,11,1011,1234,12,2,36,3,49,38,66,18,48,22,106,171,16,16,7,1,3,0,0,0,0,1,0.8227659574468086,0.0,3.5893617021276594,0.41063829787234046,17.417021276595744,82.13829787234043,3.627659574468085,36.257446808510636,46.727659574468085,92.5,4.461702127659575,82.28297872340426,29.857446808510637,89.13617021276595,57.99361702127659,Nader Haddadi,21,Tunisian,CAF,Tunisia,Defender,181,77,Right,Al-Hilal Omdurman,18357445,47
P01153,1551,1,0,8,0,0.11,0.13,7,506,647,9,0,39,3,66,61,60,16,44,28,59,203,13,19,5,0,7,0,0,0,0,0,0.8038297872340425,0.0,3.463829787234043,0.4170212765957447,18.861702127659573,82.36595744680851,3.317021276595745,33.6468085106383,24.629787234042553,53.744680851063826,1.3170212765957447,46.05106382978724,32.33404255319149,48.91914893617021,52.08297872340426,Hannibal Mathlouthi,27,Tunisian,CAF,Tunisia,Defender,181,79,Left,ES Tunis,2838158,47
P01154,2182,4,0,6,0,0.04,0.18,8,621,787,9,0,33,3,82,68,120,27,61,22,66,297,20,22,3,0,4,0,0,0,0,0,0.8080851063829787,0.0,5.025531914893617,0.5808510638297872,22.629787234042553,82.94042553191488,4.206382978723404,41.92340425531915,19.75744680851064,45.44468085106383,1.272340425531915,42.44893617021276,28.64468085106383,42.242553191489364,52.148936170212764,Aissa Bennacer,26,Tunisian,CAF,Tunisia,Defender,186,79,Left,TP Mazembe,3768485,47
P01155,2188,2,1,20,0,0.12000000000000001,0.28,10,765,953,14,0,38,0,65,60,93,27,64,25,84,245,25,25,6,0,3,0,0,0,0,0,0.8274468085106383,0.0,4.991489361702127,0.5531914893617021,25.46382978723404,83.61276595744681,4.623404255319149,46.274468085106385,26.30212765957447,52.43617021276596,1.9404255319148938,45.55957446808511,26.757446808510636,49.099999999999994,54.39787234042553,Dylan Hamdi,24,Tunisian,CAF,Tunisia,Defender,176,75,Left,Gor Mahia,2891939,47
P01156,1830,1,0,13,1,0.0,0.11,8,870,1050,7,0,26,1,56,48,82,23,65,27,109,209,15,15,5,0,4,0,0,0,0,1,0.8368085106382979,0.0,4.2106382978723405,0.5106382978723404,20.78085106382979,82.73829787234042,3.9872340425531916,40.5063829787234,30.71914893617021,75.65744680851064,3.1659574468085108,63.62553191489362,30.02553191489362,69.24255319148936,57.693617021276594,Montassar Sassi,30,Tunisian,CAF,Tunisia,Defender,185,80,Right,MC Alger,14114967,47
P01157,1763,2,3,7,0,0.27999999999999997,1.42,25,765,921,25,5,24,1,36,41,14,6,28,14,42,97,18,18,4,0,0,0,0,0,0,0,0.8536170212765957,0.0,4.412765957446808,0.4914893617021277,21.03617021276596,82.06595744680851,3.853191489361702,38.4531914893617,41.87021276595745,38.397872340425536,1.8957446808510636,45.54255319148936,46.421276595744686,46.85957446808511,50.84893617021277,Wahbi Dragger,27,Tunisian,CAF,Tunisia,Midfielder,179,77,Right,JS Kabylie,6746412,47
P01158,1784,1,1,10,0,0.38,1.03,30,713,860,29,3,23,2,44,32,26,8,31,16,56,110,22,14,5,1,1,0,0,0,0,1,0.8442553191489361,0.0,4.453191489361702,0.5127659574468085,19.506382978723405,83.22340425531915,3.502127659574468,34.97659574468085,44.58723404255319,37.93617021276596,1.8893617021276594,48.268085106382976,46.621276595744675,47.768085106382976,53.02978723404256,Youssef Dahmen,19,Tunisian,CAF,Tunisia,Midfielder,182,76,Right,Mamelodi Sundowns,3371400,47
P01159,1637,3,0,10,0,0.35000000000000003,1.66,14,691,836,24,5,24,2,53,31,18,3,26,13,53,105,14,12,4,1,3,0,0,0,0,2,0.8461702127659575,0.0,4.308510638297872,0.474468085106383,18.00851063829787,80.37872340425533,3.259574468085106,32.702127659574465,41.41914893617022,40.814893617021276,1.7063829787234044,44.58085106382979,46.11702127659574,47.80212765957447,54.317021276595746,Ali Melki,21,Tunisian,CAF,Tunisia,Midfielder,186,80,Left,Club Africain,3352021,47
P01160,1629,3,3,13,0,0.25,2.36,28,668,796,23,4,28,0,28,27,13,12,32,17,46,80,22,13,6,0,1,0,0,0,0,2,0.8482978723404255,0.0,4.221276595744681,0.5,20.19148936170213,79.34042553191489,3.7085106382978728,37.276595744680854,42.3468085106383,39.172340425531914,1.8255319148936169,47.1063829787234,45.97234042553191,49.8,52.317021276595746,Ellyes Msaad,28,Tunisian,CAF,Tunisia,Midfielder,178,75,Right,Al-Masry,9310776,47
P01161,1417,1,5,7,0,0.33,2.03,18,641,773,17,2,22,1,36,39,20,12,17,7,41,107,18,19,4,1,2,0,0,0,0,1,0.843404255319149,0.0,3.6042553191489364,0.4127659574468085,17.26808510638298,80.7595744680851,3.2723404255319153,33.170212765957444,44.06595744680851,37.240425531914894,1.5808510638297872,46.253191489361704,44.97659574468085,48.770212765957446,54.18723404255319,Nader Chalali,34,Tunisian,CAF,Tunisia,Midfielder,183,75,Right,JS Kabylie,9290045,47
P01162,1313,2,4,13,1,0.38,0.67,18,457,554,19,5,30,2,32,34,16,6,27,9,33,88,12,12,6,0,5,0,0,0,0,2,0.8382978723404255,0.0,3.5319148936170213,0.41276595744680855,17.327659574468086,80.32978723404256,3.2276595744680847,32.61063829787234,35.91063829787234,34.6531914893617,1.0893617021276596,41.34893617021277,38.751063829787235,41.757446808510636,52.43617021276596,Hannibal Krid,33,Tunisian,CAF,Tunisia,Midfielder,179,81,Right,Al Ahly,3059652,47
P01163,1690,5,3,14,0,0.84,1.98,35,1019,1222,47,12,30,1,38,38,22,12,38,20,72,110,29,17,3,0,2,0,0,0,0,3,0.8402127659574469,0.0,4.414893617021277,0.474468085106383,21.185106382978724,83.33191489361703,4.217021276595744,42.706382978723404,63.142553191489355,56.368085106382985,3.7489361702127657,62.62553191489362,63.274468085106385,67.49574468085106,54.336170212765964,Aissa Dhaou,34,Tunisian,CAF,Tunisia,Midfielder,176,75,Right,Al-Masry,29244553,47
P01164,1989,2,2,17,1,0.3,1.81,28,798,959,24,4,38,3,50,38,28,12,26,20,78,128,28,18,5,0,1,0,0,0,0,1,0.8514893617021277,0.0,5.138297872340425,0.6106382978723404,20.314893617021276,80.60212765957448,3.719148936170213,37.04255319148936,42.13191489361702,38.285106382978725,2.272340425531915,45.642553191489355,43.42340425531915,49.708510638297874,55.38510638297872,Dylan Msakni,28,Tunisian,CAF,Tunisia,Midfielder,177,68,Right,ES Tunis,4640198,47
P01165,1870,12,5,62,11,1.4100000000000001,1.1400000000000001,35,547,719,65,23,10,0,17,10,10,4,27,12,40,41,18,13,3,0,8,0,0,0,0,5,0.7740425531914894,0.0,4.236170212765957,0.47659574468085103,20.54255319148936,81.61276595744681,4.085106382978723,41.54255319148936,73.53191489361703,26.827659574468086,2.6127659574468085,66.17446808510638,61.97234042553191,70.97234042553193,59.578723404255314,Wahbi Chalali,24,Tunisian,CAF,Tunisia,Forward,185,74,Right,Gor Mahia,11958617,47
P01166,1910,8,7,46,5,1.52,0.45,31,531,694,65,22,6,0,19,8,4,1,27,20,38,32,23,22,6,1,9,0,0,0,0,3,0.776595744680851,0.0,4.45531914893617,0.5,22.24468085106383,83.84042553191489,4.219148936170213,42.58510638297872,71.76382978723404,24.917021276595744,2.472340425531915,65.6063829787234,66.21489361702127,69.4063829787234,55.08723404255319,Youssef Krid,23,Tunisian,CAF,Tunisia,Forward,180,77,Right,JS Kabylie,25493014,47
P01167,2239,10,3,70,12,2.4899999999999998,1.01,53,864,1135,104,42,4,0,17,10,5,3,41,15,75,35,30,22,3,0,20,0,0,0,0,4,0.7708510638297872,0.0,5.110638297872341,0.5829787234042553,22.372340425531913,84.7872340425532,4.776595744680851,48.03617021276595,89.66808510638297,24.95744680851064,5.653191489361702,83.67446808510638,81.00638297872341,90.65744680851063,62.295744680851065,Ali Dhaou,18,Tunisian,CAF,Tunisia,Forward,168,75,Right,Orlando Pirates,31811790,47
P01168,2143,7,3,48,4,1.2200000000000002,1.42,19,452,598,38,11,4,0,15,6,7,9,31,18,32,37,19,22,6,2,13,0,0,0,0,4,0.7834042553191489,0.0,4.910638297872341,0.6042553191489362,22.863829787234042,80.7531914893617,4.353191489361702,42.97021276595744,50.846808510638304,24.57872340425532,1.2595744680851064,47.41276595744681,46.38510638297872,48.90851063829787,52.44893617021276,Ellyes Msakni,26,Tunisian,CAF,Tunisia,Forward,182,77,Right,Al-Hilal Omdurman,11550076,47
P01169,1789,4,2,35,4,1.3,0.68,23,321,433,41,9,3,0,10,6,2,2,30,18,26,20,14,11,5,0,4,0,0,0,0,2,0.7799999999999999,0.0,4.293617021276595,0.5234042553191489,19.67659574468085,79.94255319148937,3.6936170212765957,37.36808510638298,43.35744680851064,24.580851063829787,0.8914893617021277,39.64255319148936,38.817021276595746,40.48510638297872,51.98723404255319,Nader Skhiri,22,Tunisian,CAF,Tunisia,Forward,170,71,Right,Al-Masry,7982980,47
P01170,1822,6,2,26,3,1.3900000000000001,0.22,20,330,433,28,7,7,0,17,11,3,3,21,15,32,34,13,18,3,0,9,0,0,0,0,0,0.7948936170212766,0.0,4.3872340425531915,0.5361702127659574,18.114893617021277,80.7531914893617,3.3595744680851065,34.00212765957447,42.32127659574468,25.034042553191487,0.8999999999999999,40.242553191489364,38.87234042553192,42.255319148936174,53.797872340425535,Hannibal Talbi,27,Tunisian,CAF,Tunisia,Forward,182,76,Right,Zamalek,2027069,47
P01171,893,0,0,0,0,0.0,0.0,1,173,239,2,0,3,0,0,1,13,0,19,1,18,14,8,6,3,0,0,37,5,17,2,0,0.7197560975609757,0.1953658536585366,2.0341463414634147,0.23414634146341462,8.814634146341463,79.9390243902439,1.8341463414634147,19.373170731707315,10.192682926829267,78.63414634146342,0.6853658536585365,63.0219512195122,31.170731707317074,71.53414634146341,53.073170731707314,Riyad Bennacer,28,Algerian,CAF,Algeria,Goalkeeper,192,79,Right,ASEC Mimosas,13935454,41
P01172,1215,0,1,0,0,0.0,0.0,5,237,338,8,0,4,0,0,6,27,0,22,1,22,33,13,6,2,1,3,45,2,21,0,0,0.7126829268292683,0.22390243902439025,2.824390243902439,0.3073170731707317,11.31219512195122,82.3390243902439,2.3560975609756096,24.0609756097561,8.958536585365854,80.96585365853659,0.9780487804878049,65.40731707317073,28.27560975609756,69.75121951219512,54.28536585365853,Ismael Brahimi,34,Algerian,CAF,Algeria,Goalkeeper,187,80,Right,ES Tunis,14485120,41
P01173,959,0,0,0,0,0.0,0.0,5,194,281,5,0,4,0,0,5,20,0,13,4,18,25,11,9,5,0,2,37,3,11,0,0,0.7117073170731707,0.23804878048780487,2.190243902439024,0.26097560975609757,9.495121951219513,78.00487804878048,1.826829268292683,18.941463414634146,9.817073170731707,56.18780487804877,0.573170731707317,44.75121951219512,29.721951219512192,49.136585365853655,55.05121951219512,Sofiane Mandrea,32,Algerian,CAF,Algeria,Goalkeeper,192,79,Right,ES Tunis,6671023,41
P01174,1522,0,0,7,0,0.11,0.35000000000000003,10,756,938,7,0,33,2,65,44,77,16,36,24,84,202,23,14,7,0,2,0,0,0,0,0,0.807560975609756,0.0,3.9634146341463414,0.4829268292682927,20.458536585365852,83.07560975609756,4.102439024390244,41.00731707317073,36.91463414634146,75.8609756097561,3.0951219512195123,62.49756097560976,28.76341463414634,69.79024390243903,59.77804878048781,Riyad Bensebaini,22,Algerian,CAF,Algeria,Defender,193,80,Right,MC Alger,8118573,41
P01175,1567,3,2,13,0,0.13,0.16,21,1017,1252,4,0,15,0,65,44,80,19,56,26,117,208,30,18,6,0,1,0,0,0,0,2,0.8114634146341464,0.0,4.082926829268293,0.4707317073170732,18.402439024390244,83.61707317073171,3.8487804878048784,39.858536585365854,47.33170731707317,92.81219512195122,5.914634146341464,87.50975609756098,29.99512195121951,87.94390243902438,55.93658536585366,Ismael Benlamri,30,Algerian,CAF,Algeria,Defender,183,77,Left,Kaizer Chiefs,59133562,41
P01176,1829,1,3,12,0,0.2,0.21,9,595,748,11,1,25,0,71,62,87,22,48,22,66,242,17,19,7,0,2,0,0,0,0,1,0.8048780487804879,0.0,4.6780487804878055,0.5560975609756098,24.4,85.22926829268293,4.258536585365854,42.13414634146341,24.002439024390245,51.329268292682926,1.7170731707317075,44.7,28.429268292682924,50.517073170731706,53.66097560975609,Sofiane Zerrouki,31,Algerian,CAF,Algeria,Defender,179,73,Right,Al Ahly,2784708,41
P01177,1199,2,4,9,1,0.13,0.21000000000000002,6,613,762,8,2,22,0,42,41,67,15,37,24,68,165,15,12,4,0,1,0,0,0,0,8,0.81,0.0,3.0609756097560976,0.3609756097560976,16.509756097560974,82.6951219512195,3.1243902439024387,32.734146341463415,37.00487804878049,74.65609756097561,2.526829268292683,66.63170731707318,31.78292682926829,69.5609756097561,55.47560975609756,Yacine Aouar,20,Algerian,CAF,Algeria,Defender,183,79,Right,JS Kabylie,16417911,41
P01178,1552,0,1,5,0,0.16999999999999998,0.06,9,779,940,8,0,25,1,61,41,85,19,46,23,94,206,17,12,4,1,2,0,0,0,0,0,0.8346341463414634,0.0,4.060975609756097,0.4658536585365854,18.87560975609756,82.02682926829269,3.6414634146341465,36.8,33.78780487804878,74.61951219512196,3.275609756097561,64.22682926829269,32.265853658536585,70.7560975609756,56.49512195121952,Houssem Belkebla,36,Algerian,CAF,Algeria,Defender,181,82,Left,Al Ahly,9696289,41
P01179,1665,1,0,8,0,0.15000000000000002,0.02,5,470,586,12,0,30,3,67,35,87,29,43,26,52,218,23,7,4,0,0,0,0,0,0,1,0.8139024390243902,0.0,4.417073170731707,0.4829268292682927,20.246341463414634,80.58048780487805,3.7195121951219514,37.81219512195122,20.807317073170733,45.68048780487805,1.1585365853658536,36.860975609756096,29.673170731707316,42.424390243902444,53.15365853658537,Ramiz Slimani,29,Algerian,CAF,Algeria,Defender,192,81,Right,Mamelodi Sundowns,3261743,41
P01180,1061,1,0,3,0,0.16,0.44,5,332,422,2,0,14,0,31,25,53,10,30,9,38,119,13,6,6,0,5,0,0,0,0,0,0.8085365853658536,0.0,2.7414634146341466,0.3073170731707317,14.614634146341464,80.06829268292684,2.7902439024390246,28.63170731707317,24.114634146341466,52.24634146341463,0.9829268292682927,45.90975609756097,31.841463414634145,48.4780487804878,50.943902439024384,Adam Toudic,20,Algerian,CAF,Algeria,Defender,184,78,Right,Zamalek,8424078,41
P01181,1501,0,2,7,0,0.060000000000000005,0.24000000000000002,7,531,655,5,0,17,1,51,51,51,17,48,13,55,170,16,14,0,0,2,0,0,0,0,0,0.832439024390244,0.0,3.9048780487804877,0.448780487804878,19.99512195121951,81.99756097560976,3.575609756097561,35.89756097560976,24.25609756097561,51.53658536585366,1.4951219512195122,47.01951219512195,30.81951219512195,48.03170731707317,53.900000000000006,Nabil Khezami,29,Algerian,CAF,Algeria,Defender,183,83,Right,Orlando Pirates,6091684,41
P01182,1881,1,0,8,0,0.07,0.12000000000000001,11,624,783,12,2,35,3,56,49,78,23,67,23,67,206,17,10,3,0,0,0,0,0,0,0,0.8082926829268293,0.0,5.0,0.5975609756097561,21.526829268292683,81.14878048780487,3.7853658536585364,38.76341463414634,25.848780487804877,51.72682926829269,1.8365853658536584,46.048780487804876,30.74390243902439,49.69024390243902,51.94146341463414,Islam Touzi,19,Algerian,CAF,Algeria,Defender,178,69,Right,Al Ahly,1744100,41
P01183,1497,2,3,29,3,0.5700000000000001,2.29,50,1141,1358,41,10,28,2,35,30,19,9,27,8,73,93,15,19,3,0,3,0,0,0,0,1,0.8482926829268292,0.0,4.458536585365854,0.5097560975609756,20.70731707317073,83.47560975609755,4.331707317073171,43.66829268292683,79.40975609756099,67.5439024390244,6.63170731707317,80.62682926829268,86.03170731707317,89.53170731707317,59.49512195121952,Riyad Benrahma,30,Algerian,CAF,Algeria,Midfielder,181,71,Right,MC Alger,67041277,41
P01184,1410,0,1,19,2,0.5,1.1099999999999999,23,623,747,21,2,17,0,39,19,16,12,24,11,53,86,9,9,0,0,1,0,0,0,0,0,0.8526829268292683,0.0,4.11219512195122,0.46829268292682924,19.834146341463416,80.82439024390244,3.724390243902439,37.985365853658536,41.265853658536585,37.94146341463414,1.9560975609756097,45.485365853658536,45.139024390243904,49.21463414634146,55.74878048780487,Ismael Brahim,21,Algerian,CAF,Algeria,Midfielder,187,79,Left,Raja Casablanca,7191033,41
P01185,1285,2,0,24,3,0.06,1.31,32,793,937,32,9,21,0,29,23,16,8,29,16,63,76,13,8,3,0,0,0,0,0,0,1,0.8497560975609757,0.0,3.81219512195122,0.4414634146341464,16.173170731707316,80.95365853658537,3.3536585365853657,33.77560975609756,61.20487804878049,53.64146341463415,3.7560975609756095,68.02926829268293,65.07317073170732,70.47073170731707,57.29756097560975,Sofiane Bayo,18,Algerian,CAF,Algeria,Midfielder,178,68,Right,Mamelodi Sundowns,19119764,41
P01186,1449,2,5,25,2,0.49,0.9,36,841,1009,35,8,20,0,25,21,18,10,27,12,55,74,16,20,4,0,2,0,0,0,0,5,0.8475609756097561,0.0,4.273170731707316,0.49024390243902444,19.097560975609756,82.4780487804878,3.7390243902439027,37.72195121951219,56.980487804878045,55.056097560975616,3.7414634146341466,67.91707317073171,66.61707317073171,68.98048780487804,58.06585365853658,Yacine Benkhemassa,25,Algerian,CAF,Algeria,Midfielder,177,72,Left,Raja Casablanca,10597938,41
P01187,1425,2,5,25,2,0.76,2.02,47,1361,1649,34,7,21,1,35,21,19,14,16,12,100,89,19,10,5,0,2,0,0,0,0,2,0.8424390243902439,0.0,4.158536585365853,0.4780487804878049,21.653658536585365,85.42926829268292,4.890243902439025,49.98780487804878,90.07560975609756,79.02682926829269,9.341463414634147,95.71951219512195,88.91707317073171,97.1,58.336585365853665,Houssem Mokrani,24,Algerian,CAF,Algeria,Midfielder,176,72,Left,Gor Mahia,200000000,41
P01188,1230,1,3,44,8,0.74,1.82,50,1106,1328,42,16,20,2,23,11,14,9,10,9,83,57,13,12,4,0,4,0,0,0,0,2,0.8392682926829268,0.0,3.5097560975609756,0.41219512195121955,16.90487804878049,82.16585365853659,3.697560975609756,38.143902439024394,88.30731707317074,78.94146341463414,8.424390243902439,96.18780487804878,88.81219512195122,97.9560975609756,58.49024390243902,Ramiz Boufantin,28,Algerian,CAF,Algeria,Midfielder,188,78,Right,JS Kabylie,110660571,41
P01189,1819,2,1,21,1,1.02,2.55,38,1073,1261,45,12,30,3,37,33,23,14,37,14,88,107,25,13,2,1,3,0,0,0,0,3,0.8539024390243902,0.0,5.6414634146341465,0.6146341463414634,23.848780487804877,84.85121951219513,4.692682926829268,47.119512195121956,60.4780487804878,51.56341463414634,4.495121951219512,64.42682926829268,68.59024390243901,70.43414634146342,53.88536585365854,Adam Kara,21,Algerian,CAF,Algeria,Midfielder,177,75,Right,Kaizer Chiefs,16623778,41
P01190,1417,2,1,11,0,0.71,1.24,21,475,584,18,2,18,1,30,27,17,10,25,13,41,84,15,17,5,0,2,0,0,0,0,1,0.8517073170731708,0.0,4.273170731707316,0.4853658536585366,18.165853658536584,81.5780487804878,3.482926829268293,35.16097560975609,36.18292682926829,33.08780487804878,1.2536585365853659,39.082926829268295,39.52926829268293,43.75121951219512,52.16585365853659,Nabil Bennacer,24,Algerian,CAF,Algeria,Midfielder,178,76,Left,Raja Casablanca,1834275,41
P01191,1657,5,1,37,4,2.12,1.52,16,322,429,39,13,6,0,16,12,2,4,27,14,38,34,25,7,3,0,14,0,0,0,0,0,0.7904878048780487,0.0,4.373170731707317,0.4878048780487805,22.153658536585365,78.78536585365853,4.102439024390244,41.65609756097561,49.390243902439025,25.099999999999998,1.2146341463414634,46.96829268292683,48.05609756097561,50.96585365853658,55.826829268292684,Riyad Mokrani,28,Algerian,CAF,Algeria,Forward,192,76,Left,ASEC Mimosas,4028721,41
P01192,1338,7,2,19,1,1.25,0.5,12,231,317,30,10,5,0,15,6,5,1,19,12,23,27,17,10,4,0,7,0,0,0,0,1,0.7775609756097561,0.0,3.5146341463414634,0.42195121951219516,17.080487804878047,79.26585365853659,3.129268292682927,31.097560975609756,42.73658536585366,25.992682926829268,0.751219512195122,40.78292682926829,39.202439024390245,42.88292682926829,50.77073170731707,Ismael Boufantin,29,Algerian,CAF,Algeria,Forward,177,78,Right,Al-Masry,4923166,41
P01193,1657,6,2,31,3,2.5,1.08,21,362,473,40,10,4,0,11,8,3,1,31,12,23,23,22,16,1,0,11,0,0,0,0,3,0.7846341463414634,0.0,4.424390243902439,0.5,21.26341463414634,80.85609756097561,3.978048780487805,40.13414634146341,50.89512195121951,24.914634146341463,1.2999999999999998,46.62926829268292,45.21463414634146,48.07073170731707,52.50487804878048,Sofiane Kara,24,Algerian,CAF,Algeria,Forward,181,71,Right,TP Mazembe,10715789,41
P01194,1287,5,4,36,4,0.56,0.24000000000000002,28,377,504,51,16,6,0,14,9,3,5,31,13,30,31,15,9,3,0,7,0,0,0,0,2,0.79,0.0,3.3512195121951223,0.3829268292682927,17.548780487804876,80.9780487804878,3.4609756097560975,35.329268292682926,74.28780487804879,26.690243902439022,2.112195121951219,67.66341463414633,63.275609756097566,69.04146341463414,54.24634146341463,Yacine Bennacer,30,Algerian,CAF,Algeria,Forward,185,77,Left,TP Mazembe,46357247,41
P01195,1984,9,4,68,13,2.64,2.16,40,796,1021,78,32,3,0,18,6,2,3,39,17,44,29,17,15,3,0,17,0,0,0,0,2,0.7970731707317074,0.0,5.404878048780487,0.6292682926829268,24.421951219512195,86.00487804878048,5.058536585365854,49.81219512195122,90.54878048780488,23.026829268292683,4.6414634146341465,81.5609756097561,80.29756097560976,90.41951219512195,56.8609756097561,Houssem Brahimi,27,Algerian,CAF,Algeria,Forward,168,69,Right,MC Alger,89315055,41
P01196,1860,7,7,51,8,2.22,0.73,23,545,719,60,22,8,0,22,12,5,4,24,11,39,43,20,19,3,0,7,0,0,0,0,4,0.7858536585365853,0.0,5.092682926829268,0.5902439024390244,22.021951219512193,81.63414634146342,4.429268292682926,45.00731707317073,74.19999999999999,24.253658536585366,2.5829268292682928,62.84390243902439,68.9,68.86585365853658,55.31951219512195,Ramiz Mandrea,23,Algerian,CAF,Algeria,Forward,185,75,Left,Kaizer Chiefs,13914095,41
P01197,940,0,1,0,0,0.0,0.0,3,193,272,5,0,2,0,0,7,12,0,17,2,31,19,6,6,7,0,2,47,4,14,1,1,0.7555555555555555,0.19422222222222224,2.0533333333333332,0.23333333333333334,7.6644444444444435,76.1,1.6377777777777778,17.106666666666666,10.282222222222222,79.08444444444444,0.8888888888888888,67.31777777777778,30.233333333333334,67.57333333333334,58.973333333333336,Mohamed Marmoush,27,Egyptian,CAF,Egypt,Goalkeeper,195,78,Left,Al-Masry,7683864,45
P01198,1349,0,1,0,0,0.0,0.0,9,277,392,5,0,9,0,0,8,23,0,19,5,22,31,15,14,3,0,2,55,5,22,4,0,0.7297777777777777,0.27955555555555556,2.86,0.3088888888888889,11.086666666666666,80.56,2.2577777777777777,23.395555555555553,9.884444444444444,80.17333333333333,1.0866666666666667,65.53555555555555,30.993333333333336,68.23555555555555,57.60888888888889,Omar Hegazi,26,Egyptian,CAF,Egypt,Goalkeeper,188,75,Right,MC Alger,5721048,45
P01199,1176,0,0,0,0,0.0,0.0,5,206,311,12,2,4,0,0,6,16,0,19,2,29,22,11,14,4,0,4,43,1,29,2,0,0.7126666666666667,0.25377777777777777,2.402222222222222,0.2577777777777778,9.791111111111112,81.82666666666667,2.2377777777777776,22.94222222222222,10.302222222222223,79.48444444444445,0.9422222222222222,66.06222222222223,27.984444444444442,70.68222222222222,53.93555555555555,Trezeguet Trezeguet,29,Egyptian,CAF,Egypt,Goalkeeper,190,79,Left,Al-Hilal Omdurman,16309244,45
P01200,1473,1,1,9,0,0.04,0.65,9,988,1212,7,0,23,1,67,43,57,18,39,13,124,185,17,14,3,1,1,0,0,0,0,1,0.8282222222222223,0.0,3.3400000000000003,0.36,18.05111111111111,81.96222222222222,3.8377777777777777,39.077777777777776,44.24888888888889,93.20444444444443,4.866666666666666,83.18444444444445,26.60222222222222,87.51333333333334,61.44444444444444,Mohamed Elneny,28,Egyptian,CAF,Egypt,Defender,187,82,Right,Mamelodi Sundowns,36791444,45
P01201,1554,0,1,6,0,0.03,0.19999999999999998,7,518,662,7,1,23,1,45,37,64,12,41,30,62,158,17,12,3,0,1,0,0,0,0,0,0.809111111111111,0.0,3.662222222222222,0.42888888888888893,20.6,82.60222222222222,3.6422222222222222,36.724444444444444,23.142222222222223,53.03333333333333,1.4377777777777778,46.22,29.20888888888889,46.6,52.431111111111115,Omar Elsaid,26,Egyptian,CAF,Egypt,Defender,186,73,Right,Orlando Pirates,11328687,45
P01202,1874,1,0,17,1,0.02,0.29000000000000004,8,577,718,9,0,36,0,58,65,103,21,59,26,70,247,21,14,6,0,2,0,0,0,0,0,0.8313333333333333,0.0,4.3133333333333335,0.52,22.302222222222223,79.07555555555555,4.0488888888888885,40.75111111111111,21.473333333333333,43.7,1.3355555555555556,40.846666666666664,27.973333333333333,42.04888888888889,52.19555555555556,Trezeguet Ashour,25,Egyptian,CAF,Egypt,Defender,181,79,Right,Orlando Pirates,2974201,45
P01203,1741,2,2,9,0,0.05,0.22,13,1109,1359,5,0,27,0,76,43,71,20,44,25,132,210,18,17,7,0,2,0,0,0,0,1,0.8213333333333334,0.0,3.977777777777778,0.4711111111111111,19.48,84.32000000000001,4.173333333333334,42.9,44.04888888888889,93.63555555555557,5.626666666666666,84.66222222222223,30.686666666666667,89.53111111111112,59.6,Ahmed Abdallah,26,Egyptian,CAF,Egypt,Defender,191,79,Right,Orlando Pirates,48024333,45
P01204,1583,0,1,15,2,0.13,0.37,4,772,976,4,1,25,0,48,37,92,12,38,16,79,189,15,17,4,0,4,0,0,0,0,0,0.8113333333333332,0.0,3.691111111111111,0.42444444444444446,16.808888888888887,83.18888888888888,3.1488888888888886,31.942222222222224,34.87111111111111,76.64666666666666,2.7066666666666666,64.45111111111112,28.893333333333334,70.54888888888888,58.19333333333333,Mostafa Attia,23,Egyptian,CAF,Egypt,Defender,191,77,Left,Al Ahly,12783256,45
P01205,1588,1,1,6,0,0.05,0.08,3,448,560,10,0,22,0,39,50,90,14,43,22,47,193,19,11,4,0,2,0,0,0,0,2,0.8162222222222222,0.0,3.588888888888889,0.43333333333333335,20.355555555555554,79.94666666666666,3.8244444444444445,38.39777777777778,20.855555555555554,45.32,0.9755555555555555,38.31777777777778,29.182222222222222,38.79333333333334,53.36888888888889,Mohamed Hassan,21,Egyptian,CAF,Egypt,Defender,180,75,Left,Al-Masry,10039095,45
P01206,1924,0,2,8,0,0.02,0.21,22,1237,1553,17,0,27,1,70,46,78,20,42,30,132,214,17,16,7,1,2,0,0,0,0,1,0.8173333333333334,0.0,4.5,0.5,23.662222222222223,87.33777777777777,4.997777777777778,49.84888888888889,46.14222222222222,92.06444444444443,6.231111111111111,87.21333333333334,29.76888888888889,86.8711111111111,61.81111111111111,Mahmoud Soliman,24,Egyptian,CAF,Egypt,Defender,178,76,Left,ASEC Mimosas,48073116,45
P01207,1394,0,2,12,0,0.030000000000000002,0.24,9,692,835,10,0,21,2,46,38,66,22,40,22,72,172,21,9,9,1,3,0,0,0,0,1,0.8384444444444445,0.0,3.3555555555555556,0.40222222222222226,17.904444444444444,83.71333333333334,3.4288888888888893,34.9,36.95777777777778,74.29777777777778,2.533333333333333,65.67777777777778,31.1,73.60888888888888,55.68666666666667,Amr Afsha,25,Egyptian,CAF,Egypt,Defender,179,72,Right,Kaizer Chiefs,15790032,45
P01208,1597,0,3,8,0,0.1,0.23,14,773,979,7,0,27,0,64,46,75,14,49,19,105,199,27,15,2,0,3,0,0,0,0,3,0.8126666666666666,0.0,3.8622222222222224,0.42666666666666664,18.26,81.35777777777777,3.468888888888889,36.26,36.96,70.93555555555555,3.193333333333333,66.25999999999999,28.877777777777776,68.91111111111111,57.85777777777778,Abdallah El-Shenawy,28,Egyptian,CAF,Egypt,Defender,193,82,Right,ASEC Mimosas,16272464,45
P01209,2038,1,4,22,1,0.45999999999999996,1.35,26,872,1054,24,4,36,1,44,32,25,7,38,16,63,108,21,17,3,0,2,0,0,0,0,0,0.8475555555555556,0.0,5.491111111111111,0.6155555555555555,23.982222222222223,79.10444444444444,4.373333333333334,43.882222222222225,40.266666666666666,39.15111111111111,2.351111111111111,46.228888888888896,43.553333333333335,48.026666666666664,52.98888888888889,Mohamed Hamdi,24,Egyptian,CAF,Egypt,Midfielder,182,71,Right,Raja Casablanca,2159322,45
P01210,1428,1,0,5,0,0.4,1.09,18,579,689,15,3,31,1,23,28,15,5,33,8,41,71,31,11,4,2,0,0,0,0,0,0,0.8435555555555556,0.0,3.9155555555555552,0.43777777777777777,15.804444444444446,79.90666666666667,2.968888888888889,29.946666666666665,36.004444444444445,35.06666666666667,1.291111111111111,40.58444444444444,40.266666666666666,42.98888888888889,53.940000000000005,Omar Koka,28,Egyptian,CAF,Egypt,Midfielder,181,76,Right,ASEC Mimosas,4516690,45
P01211,1900,4,8,31,2,1.63,1.49,50,1542,1795,57,18,30,2,44,30,14,16,33,15,128,104,16,18,6,0,1,0,0,0,0,4,0.8631111111111112,0.0,5.0777777777777775,0.5888888888888889,20.813333333333333,85.08,4.446666666666666,44.864444444444445,72.88444444444445,69.27777777777777,8.015555555555554,84.09777777777778,83.5911111111111,86.80666666666667,60.42,Trezeguet Said,33,Egyptian,CAF,Egypt,Midfielder,181,77,Right,Club Africain,52206337,45
P01212,1823,2,2,15,0,0.33,1.24,25,768,909,25,7,25,0,54,26,23,15,31,29,56,118,24,20,4,0,7,0,0,0,0,0,0.8588888888888888,0.0,4.457777777777777,0.5044444444444445,17.451111111111114,79.81333333333333,3.2111111111111112,33.56,40.39333333333333,39.43555555555555,2.111111111111111,47.43333333333333,47.748888888888885,51.251111111111115,52.09111111111111,Ahmed El-Sayed,23,Egyptian,CAF,Egypt,Midfielder,181,75,Right,Al-Hilal Omdurman,4560327,45
P01213,1630,4,5,10,0,0.25,1.3800000000000001,28,601,714,33,9,13,1,41,26,24,10,38,11,45,101,22,18,2,0,5,0,0,0,0,3,0.8502222222222222,0.0,4.044444444444444,0.47333333333333333,17.273333333333333,82.09555555555556,3.2977777777777777,33.531111111111116,37.053333333333335,35.54222222222222,1.5311111111111113,40.57333333333333,39.48,40.87555555555556,50.60888888888889,Mostafa Gomaa,29,Egyptian,CAF,Egypt,Midfielder,186,79,Right,Orlando Pirates,8417685,45
P01214,1921,2,1,13,0,0.59,1.4000000000000001,24,683,816,26,7,36,0,43,36,19,3,35,10,56,101,20,21,4,0,0,0,0,0,0,0,0.8542222222222222,0.0,5.066666666666666,0.5777777777777777,22.540000000000003,80.91555555555556,4.008888888888889,40.31111111111111,36.98666666666667,32.888888888888886,1.6844444444444444,40.89111111111111,38.94888888888889,41.120000000000005,51.09333333333333,Mohamed Wahbi,22,Egyptian,CAF,Egypt,Midfielder,186,75,Right,Club Africain,1098385,45
P01215,1676,3,2,35,2,1.52,1.9,46,1368,1617,46,12,22,2,40,29,16,10,22,18,77,95,18,14,3,0,2,0,0,0,0,2,0.847111111111111,0.0,4.7444444444444445,0.5266666666666666,21.73777777777778,83.92,4.406666666666667,44.51111111111111,76.76888888888888,70.32000000000001,6.413333333333334,80.28666666666666,80.96,90.43333333333334,58.126666666666665,Mahmoud Ibrahim,24,Egyptian,CAF,Egypt,Midfielder,176,74,Right,Kaizer Chiefs,29741923,45
P01216,1446,1,0,13,0,0.51,0.64,27,632,746,34,10,32,2,39,23,16,6,23,14,52,84,13,13,6,0,1,0,0,0,0,0,0.8533333333333333,0.0,3.86,0.4355555555555556,14.773333333333332,79.57333333333334,2.7755555555555556,27.87333333333333,41.544444444444444,38.6,1.9688888888888887,45.51111111111111,45.48222222222223,48.90666666666667,54.82888888888889,Amr Marmoush,24,Egyptian,CAF,Egypt,Midfielder,180,73,Right,JS Kabylie,4857169,45
P01217,1569,7,3,48,8,3.13,0.99,36,617,798,63,24,4,0,16,13,7,3,28,16,54,39,17,11,2,0,8,0,0,0,0,1,0.7853333333333334,0.0,3.86,0.45111111111111113,18.517777777777777,85.05333333333334,4.06,41.23111111111111,88.23333333333333,24.99111111111111,3.848888888888889,83.72,79.99111111111111,89.65111111111112,62.48444444444445,Mohamed Gomaa,28,Egyptian,CAF,Egypt,Forward,171,74,Right,Orlando Pirates,139805010,45
P01218,1645,2,2,30,3,1.43,0.5800000000000001,19,271,368,23,1,3,0,10,4,7,5,35,13,25,26,14,20,5,0,16,0,0,0,0,1,0.7697777777777778,0.0,3.7844444444444445,0.42666666666666664,21.044444444444444,80.36444444444444,3.8244444444444445,39.01333333333333,44.92666666666667,24.560000000000002,0.7777777777777778,38.617777777777775,40.23111111111111,42.215555555555554,52.36666666666667,Omar Wahbi,28,Egyptian,CAF,Egypt,Forward,173,69,Right,Orlando Pirates,4127019,45
P01219,1844,8,5,37,4,1.27,1.1400000000000001,22,414,550,42,13,6,0,16,8,5,5,37,13,35,34,19,20,5,0,10,0,0,0,0,2,0.7835555555555556,0.0,4.415555555555556,0.5111111111111111,20.16,81.66,3.6666666666666665,37.60222222222222,52.842222222222226,23.026666666666667,1.3955555555555554,47.41777777777778,45.2,48.39333333333333,52.03333333333333,Trezeguet Ibrahim,25,Egyptian,CAF,Egypt,Forward,177,67,Right,JS Kabylie,3926086,45
P01220,1670,8,2,45,6,1.18,1.57,33,495,631,65,25,7,0,20,5,4,2,42,14,27,31,21,25,3,1,8,0,0,0,0,1,0.7824444444444445,0.0,4.1177777777777775,0.46222222222222226,17.904444444444444,81.71111111111111,3.466666666666667,35.528888888888886,71.52222222222223,24.084444444444443,2.468888888888889,66.35333333333334,65.71111111111111,72.86,54.76444444444444,Ahmed Marmoush,23,Egyptian,CAF,Egypt,Forward,178,71,Right,Raja Casablanca,10120177,45
P01221,1376,3,2,46,8,1.09,0.8,34,409,521,48,14,4,0,8,4,4,9,26,14,27,25,19,11,8,0,4,0,0,0,0,1,0.7895555555555556,0.0,3.3,0.3822222222222222,16.795555555555556,81.52666666666666,3.271111111111111,33.324444444444445,70.18222222222222,26.326666666666668,2.1155555555555554,64.41333333333333,63.88666666666667,68.54444444444445,57.973333333333336,Mostafa Hegazi,18,Egyptian,CAF,Egypt,Forward,173,73,Left,ASEC Mimosas,13832244,45
P01222,1847,3,3,41,7,2.01,1.42,24,380,503,43,11,6,0,10,12,6,5,30,12,31,33,21,21,6,0,5,0,0,0,0,2,0.7857777777777778,0.0,4.908888888888889,0.5955555555555556,25.735555555555553,84.06444444444445,4.693333333333333,46.86888888888889,50.242222222222225,26.24888888888889,1.3244444444444445,48.23777777777777,45.57555555555556,49.30666666666667,56.32888888888889,Mohamed Trezeguet,31,Egyptian,CAF,Egypt,Forward,172,76,Left,Al-Masry,5832544,45
P01223,1146,0,2,0,0,0.0,0.0,7,215,327,7,0,7,0,0,5,25,0,18,5,18,30,11,18,1,0,1,55,2,17,4,1,0.7202857142857143,0.27714285714285714,3.1857142857142855,0.3914285714285714,11.248571428571429,79.99142857142857,2.297142857142857,23.75142857142857,10.894285714285715,55.862857142857145,0.74,47.89142857142857,29.2,48.78285714285715,52.559999999999995,Percy Zwane,32,South African,CAF,South Africa,Goalkeeper,187,81,Right,Al Ahly,1883396,35
P01224,728,0,1,0,0,0.0,0.0,2,141,211,1,0,1,0,0,1,11,0,8,1,16,12,7,3,2,0,2,31,3,13,1,0,0.7062857142857143,0.16514285714285715,2.0285714285714285,0.2714285714285714,8.225714285714284,78.16571428571429,1.7457142857142858,18.514285714285716,9.108571428571429,79.71142857142857,0.6942857142857143,64.44857142857143,29.617142857142856,69.14857142857143,50.777142857142856,Themba Mokoena,26,South African,CAF,South Africa,Goalkeeper,188,77,Right,Gor Mahia,7307306,35
P01225,887,0,0,0,0,0.0,0.0,3,163,237,5,0,3,0,0,3,22,0,9,1,26,25,11,8,4,1,1,42,0,20,1,0,0.7231428571428571,0.22285714285714286,2.3457142857142856,0.26857142857142857,9.134285714285713,77.75142857142858,1.8914285714285715,19.542857142857144,11.165714285714285,57.294285714285714,0.6314285714285715,47.388571428571424,28.88,48.88285714285715,53.26571428571428,Lyle Mvala,38,South African,CAF,South Africa,Goalkeeper,190,82,Right,TP Mazembe,1803794,35
P01226,1405,1,0,8,0,0.0,0.14,9,504,633,8,0,22,0,35,37,63,14,38,12,42,149,14,15,6,0,1,0,0,0,0,0,0.8242857142857143,0.0,4.16,0.48000000000000004,23.45142857142857,83.22285714285715,4.065714285714286,40.68857142857143,23.611428571428572,53.48,1.6514285714285712,47.62571428571429,28.560000000000002,48.08571428571429,53.56857142857143,Percy Williams,25,South African,CAF,South Africa,Defender,172,73,Right,Orlando Pirates,3827050,35
P01227,1159,2,2,7,0,0.02,0.27,13,735,925,5,0,15,0,39,28,47,12,38,18,79,126,14,12,4,0,1,0,0,0,0,1,0.8111428571428572,0.0,3.54,0.41714285714285715,18.437142857142856,84.34285714285714,3.7714285714285714,38.45142857142857,45.50285714285714,94.72857142857143,4.6085714285714285,84.63714285714286,33.94285714285714,84.64857142857143,59.762857142857136,Themba Sithole,29,South African,CAF,South Africa,Defender,184,77,Right,ASEC Mimosas,23381618,35
P01228,1344,1,1,6,0,0.09,0.02,5,618,775,5,0,15,0,46,38,63,12,48,14,81,159,16,11,2,1,3,0,0,0,0,2,0.8277142857142857,0.0,4.057142857142857,0.4857142857142857,20.482857142857142,83.62857142857143,3.8971428571428572,39.16857142857143,34.91142857142857,75.53142857142856,3.0885714285714285,66.99428571428571,28.388571428571428,68.35714285714286,56.25714285714286,Lyle Makgopa,27,South African,CAF,South Africa,Defender,181,72,Right,JS Kabylie,15167829,35
P01229,1450,0,0,7,0,0.06999999999999999,0.03,11,743,903,7,0,25,1,53,40,70,14,36,23,80,177,17,16,3,1,4,0,0,0,0,0,0.8282857142857143,0.0,4.474285714285714,0.5114285714285713,20.42,82.74857142857142,3.951428571428572,39.95142857142857,34.645714285714284,76.28857142857143,3.6,62.848571428571425,28.439999999999998,70.28571428571429,54.48571428571429,Teboho Maela,24,South African,CAF,South Africa,Defender,179,76,Left,Kaizer Chiefs,11936472,35
P01230,1268,1,2,7,0,0.02,0.37,11,762,976,9,1,20,0,50,36,49,17,42,18,82,152,18,10,3,2,1,0,0,0,0,2,0.8042857142857143,0.0,3.8314285714285714,0.44,21.24,83.38000000000001,4.5285714285714285,45.385714285714286,41.354285714285716,92.32,4.637142857142858,79.52285714285715,30.045714285714283,88.5,55.44571428571428,Ronwen Dolly,30,South African,CAF,South Africa,Defender,183,76,Left,JS Kabylie,40274135,35
P01231,1141,1,2,4,0,0.21,0.3,13,927,1124,6,0,17,2,35,30,40,12,27,13,90,117,9,11,6,0,0,0,0,0,0,1,0.8088571428571428,0.0,3.4257142857142857,0.4142857142857143,15.097142857142856,83.19142857142856,3.337142857142857,33.94571428571428,52.44285714285714,98.07714285714285,7.02,93.4,30.868571428571432,95.57714285714285,58.00285714285714,Mothobi Mokoena,33,South African,CAF,South Africa,Defender,188,76,Right,Mamelodi Sundowns,65166284,35
P01232,1168,1,0,7,0,0.02,0.07,4,566,695,7,0,19,0,40,36,55,15,41,15,56,146,12,10,3,1,1,0,0,0,0,0,0.824,0.0,3.4857142857142858,0.42857142857142855,19.677142857142858,83.72285714285715,3.877142857142857,38.49142857142857,38.31428571428572,74.68571428571428,2.474285714285714,62.574285714285715,30.52857142857143,71.50285714285714,58.51714285714286,Sphephelo Moseamedi,25,South African,CAF,South Africa,Defender,173,70,Right,Kaizer Chiefs,10272165,35
P01233,1274,2,0,8,0,0.02,0.16,12,616,762,7,1,18,1,39,33,68,15,31,22,73,155,14,12,1,0,2,0,0,0,0,0,0.826,0.0,4.002857142857143,0.43714285714285717,17.462857142857143,81.11999999999999,3.4371428571428573,35.10285714285714,34.61714285714285,73.99428571428572,3.1285714285714286,62.93714285714286,32.15428571428572,67.01428571428572,57.59142857142857,Luther Maboe,22,South African,CAF,South Africa,Defender,190,81,Right,Al Ahly,10904101,35
P01234,1463,0,1,9,0,0.34,0.14,18,925,1122,7,1,32,3,55,46,61,20,41,22,118,182,20,8,2,1,4,0,0,0,0,0,0.8254285714285714,0.0,4.285714285714286,0.5114285714285713,19.32857142857143,85.17142857142858,3.9714285714285715,40.68,46.41428571428571,93.36857142857143,6.394285714285715,82.74000000000001,29.354285714285716,87.12857142857143,59.10285714285714,Evidence Zungu,34,South African,CAF,South Africa,Defender,184,80,Right,MC Alger,35009648,35
P01235,1273,2,2,15,0,0.53,1.28,23,747,892,27,8,13,0,18,20,14,3,19,8,49,55,16,10,1,0,1,0,0,0,0,2,0.8448571428571429,0.0,4.4,0.5028571428571429,18.022857142857145,81.76285714285714,3.585714285714286,36.18857142857143,62.81428571428572,53.42,3.8371428571428576,66.25714285714285,62.1,68.38000000000001,59.84,Percy Lorch,31,South African,CAF,South Africa,Midfielder,183,76,Left,Al Ahly,13340560,35
P01236,1220,0,0,5,0,0.22,0.89,21,400,502,14,1,23,1,29,28,7,6,21,19,27,70,15,12,1,1,3,0,0,0,0,0,0.8302857142857143,0.0,4.428571428571429,0.5028571428571429,19.202857142857145,81.5,3.5885714285714285,35.95428571428572,38.01714285714286,32.39714285714286,1.2885714285714287,39.205714285714286,36.46857142857143,43.425714285714285,53.86,Themba Mdantsane,22,South African,CAF,South Africa,Midfielder,177,69,Right,Al Ahly,2843803,35
P01237,1371,1,3,16,0,0.55,1.48,37,854,1015,30,10,22,0,33,30,18,5,23,4,64,86,20,13,2,0,3,0,0,0,0,5,0.8502857142857143,0.0,4.722857142857143,0.5314285714285715,18.945714285714285,80.15714285714286,3.6885714285714286,37.222857142857144,59.23428571428571,57.17142857142857,4.6,67.95714285714286,63.96,73.27714285714285,58.71714285714285,Lyle Mothiba,19,South African,CAF,South Africa,Midfielder,174,70,Right,Mamelodi Sundowns,14055270,35
P01238,1093,3,3,15,0,0.35,0.9299999999999999,17,626,758,13,3,12,0,24,21,9,9,16,10,50,63,12,11,3,0,1,0,0,0,0,1,0.8548571428571429,0.0,3.6285714285714286,0.4485714285714286,18.257142857142856,82.2657142857143,3.657142857142857,36.42285714285714,59.425714285714285,51.83714285714286,3.0542857142857143,65.68571428571428,69.06,69.35714285714286,54.28285714285715,Teboho Billiat,26,South African,CAF,South Africa,Midfielder,186,79,Right,Gor Mahia,11171377,35
P01239,1664,5,7,20,1,0.28,2.95,41,1313,1517,37,9,33,3,43,30,15,11,35,19,93,99,15,12,5,0,1,0,0,0,0,5,0.8608571428571429,0.0,5.597142857142857,0.6542857142857142,23.942857142857143,82.54571428571428,4.977142857142857,50.114285714285714,80.05714285714286,63.31428571428572,8.11142857142857,83.72,84.39428571428572,89.92571428571429,62.645714285714284,Ronwen Mkhize,26,South African,CAF,South Africa,Midfielder,183,74,Right,ES Tunis,56794189,35
P01240,1406,3,2,15,0,0.25,0.78,20,618,724,23,6,19,1,28,25,16,8,20,13,40,77,17,15,3,0,3,0,0,0,0,1,0.8585714285714285,0.0,4.702857142857143,0.5342857142857143,20.057142857142857,82.33142857142857,3.734285714285714,37.65428571428572,42.74,38.605714285714285,2.157142857142857,46.17714285714286,43.19714285714286,49.12571428571429,58.93714285714286,Mothobi Xoki,25,South African,CAF,South Africa,Midfielder,185,79,Right,Raja Casablanca,3313516,35
P01241,1545,0,5,19,0,1.21,1.02,32,920,1108,32,8,31,2,47,22,19,10,22,7,72,98,16,14,6,0,1,0,0,0,0,3,0.8405714285714286,0.0,5.328571428571428,0.6285714285714286,21.97142857142857,83.34,4.3428571428571425,44.05428571428572,62.71714285714285,53.02285714285714,4.9314285714285715,64.27714285714285,61.59714285714286,69.18857142857142,55.47428571428571,Sphephelo Mbatha,27,South African,CAF,South Africa,Midfielder,178,76,Right,Club Africain,22197366,35
P01242,1671,2,2,21,0,0.41000000000000003,1.49,30,684,812,30,7,26,1,38,25,21,12,31,12,60,96,19,16,2,0,2,0,0,0,0,1,0.8462857142857143,0.0,5.722857142857143,0.6657142857142857,25.31142857142857,82.47714285714285,4.494285714285715,45.27428571428571,40.494285714285716,40.325714285714284,2.585714285714286,43.871428571428574,45.394285714285715,49.61714285714285,56.02571428571429,Luther Zwane,25,South African,CAF,South Africa,Midfielder,172,71,Right,Al-Masry,3563990,35
P01243,1052,4,1,20,2,0.97,0.48000000000000004,6,237,297,31,9,4,0,5,5,0,2,20,12,14,12,15,11,2,1,7,0,0,0,0,0,0.808,0.0,3.1314285714285717,0.37142857142857144,16.78857142857143,79.17714285714285,3.06,31.091428571428573,50.55142857142857,25.21142857142857,0.7771428571428571,46.642857142857146,45.088571428571434,50.75714285714286,52.48,Percy Mkhize,24,South African,CAF,South Africa,Forward,187,75,Left,Club Africain,10066009,35
P01244,1586,13,2,81,19,1.7200000000000002,1.6300000000000001,33,582,753,68,27,9,0,10,5,4,5,26,24,44,24,19,7,6,0,8,0,0,0,0,5,0.7702857142857144,0.0,5.065714285714286,0.5542857142857143,21.388571428571428,85.06857142857143,4.565714285714286,46.06,88.79428571428572,24.017142857142858,4.885714285714286,85.62285714285714,77.31142857142858,92.1257142857143,57.620000000000005,Themba Xoki,24,South African,CAF,South Africa,Forward,178,75,Right,TP Mazembe,7907726,35
P01245,1101,4,1,31,5,1.26,1.33,13,327,429,43,14,6,0,13,1,4,2,20,9,29,20,14,12,6,0,9,0,0,0,0,2,0.7657142857142857,0.0,3.3142857142857145,0.3628571428571428,17.65142857142857,81.06285714285714,3.4771428571428573,35.26,73.16,23.402857142857144,1.9771428571428573,66.13142857142857,63.591428571428565,69.37142857142857,53.32857142857143,Lyle Mbatha,24,South African,CAF,South Africa,Forward,171,72,Right,TP Mazembe,6738220,35
P01246,1419,5,2,47,8,1.48,0.84,24,423,547,48,18,7,0,13,8,6,0,21,16,31,27,11,16,4,0,9,0,0,0,0,3,0.7922857142857143,0.0,4.417142857142857,0.4914285714285714,23.608571428571427,84.7342857142857,4.44,44.54857142857143,72.49714285714286,24.38285714285714,2.64,65.22285714285715,61.94571428571428,68.75428571428571,53.33714285714286,Teboho Zwane,26,South African,CAF,South Africa,Forward,169,72,Right,Club Africain,18839767,35
P01247,923,3,2,10,2,0.85,0.32,8,160,212,21,5,3,0,12,8,2,3,9,13,11,25,7,9,3,0,3,0,0,0,0,2,0.778,0.0,2.862857142857143,0.3314285714285714,13.642857142857142,82.82857142857142,2.6,26.86857142857143,43.04571428571428,26.84857142857143,0.5571428571428572,37.394285714285715,40.645714285714284,41.82571428571429,54.96857142857142,Ronwen Mokoena,23,South African,CAF,South Africa,Forward,169,69,Right,Al Ahly,10986060,35
P01248,1539,5,1,26,4,1.28,0.89,23,329,422,31,10,7,0,15,6,5,5,32,21,20,31,16,12,2,0,5,0,0,0,0,1,0.7982857142857144,0.0,4.925714285714286,0.5742857142857143,21.15142857142857,85.49714285714286,3.8628571428571425,38.888571428571424,50.48571428571429,26.78857142857143,1.3914285714285715,45.17428571428571,49.354285714285716,45.72857142857143,49.83428571428571,Mothobi Mvala,29,South African,CAF,South Africa,Forward,183,82,Right,Club Africain,4868899,35
